seq,ticketId,bibNumber,name,email,phone,phoneDigitsOnly,whatsappPhone,age,gender,city,emergencyContact,idProofType,idProofNumber,source,jerseySize,entryType,entryLabel,feeRupees,originalFeeRupees,discountRupees,couponCode,paymentStatus,orderId,paymentId,pricingPhase,pricingTierId,eventId,eventName,emailSent,attended,attendedAt,linkedDocId,registrationId,createdAt,updatedAt
1,BRC-001,="1",Mahesh Bhat M,maheshbhatm1997@gmail.com,="9449822300",="9449822300",="+919449822300",="28",Male,Mangalore,="9449128280",,,Instagram,M,free,FREE ENTRY,="0",,="0",,paid,,="FREE",1,="phase1-free",balipu-x-aloysius,Balipu x Aloysius,true,false,,,="b3ebc965-4575-4022-b293-67a3ba1572ea",2026-09-07T15:41:01.497Z,2026-09-27T18:52:52.709Z
2,BRC-002,="2",Kristine Menezes,kristinemenezes1509@gmail.com,="9663931509",="9663931509",="+919663931509",="21",Female,Mangalore,="8971231509",,,Instagram,M,free,FREE ENTRY,="0",,="0",,paid,,="FREE",1,="phase1-free",balipu-x-aloysius,Balipu x Aloysius,true,false,,,="0c32a365-8637-448e-baee-d2d3669230a3",2026-09-07T15:49:16.727Z,2026-09-28T15:33:34.521Z
3,BRC-003,="3",Aajnya Pai,aajnyapai8939@gmail.com,="7025140027",="7025140027",="+917025140027",="18",Female,Manglore,="+917558866088",,,Instagram,S,free,FREE ENTRY,="0",,="0",,paid,,="FREE",1,="phase1-free",balipu-x-aloysius,Balipu x Aloysius,true,false,,,="c3733bd8-037f-4e2a-9f6e-1226a9166ce1",2026-09-07T15:51:12.204Z,2026-09-28T15:33:38.239Z
4,BRC-004,="4",Aaditya Makhija ,aadityamakhija436@gmail.com,="8050163095",="8050163095",="+918050163095",="16",Male,Manglore ,="8050163095",,,Instagram,L,free,FREE ENTRY,="0",,="0",,paid,,="FREE",1,="phase1-free",balipu-x-aloysius,Balipu x Aloysius,true,false,,,="a364e3d9-bfee-4e59-9500-1932055501e0",2026-09-07T15:52:01.639Z,2026-09-07T15:52:17.767Z
5,BRC-005,="5",Aman karkera,sandhyavinod0701@gmail.com,="8088826578",="8088826578",="+918088826578",="17",Male,Mangalore ,="8088826578",,,Instagram,L,free,FREE ENTRY,="0",,="0",,paid,,="FREE",1,="phase1-free",balipu-x-aloysius,Balipu x Aloysius,true,false,,,="b5689708-d7bd-4ad0-abf2-0082de9d0fc6",2026-09-07T15:52:26.972Z,2026-09-28T15:33:41.354Z
6,BRC-006,="6",Chrisann Lewis,chrisannlewis12@gmail.com,="8296230246",="8296230246",="+918296230246",="18",Female,Mangalore,="8296230246",,,Instagram,M,free,FREE ENTRY,="0",,="0",,paid,,="FREE",1,="phase1-free",balipu-x-aloysius,Balipu x Aloysius,true,false,,,="1c3e3106-e7f8-47ea-b369-f80e252f358a",2026-09-07T15:52:28.330Z,2026-09-28T15:33:44.312Z
7,BRC-007,="7",Mohammed yusha,yushachamundi@gmail.com,="9741698220",="9741698220",="+919741698220",="18",Male,Mangaluru,="9741698220",,,Instagram,XL,free,FREE ENTRY,="0",,="0",,paid,,="FREE",1,="phase1-free",balipu-x-aloysius,Balipu x Aloysius,true,false,,,="d05824dc-3e27-44e8-9f8a-cb81904d9538",2026-09-07T15:52:34.789Z,2026-09-07T15:53:03.934Z
8,BRC-008,="8",Shashank ,panditshashank7@gmail.com,=" 9611734105",="9611734105",="+919611734105",="32",Male,Mangalore,="9611734105",,,Instagram,L,free,FREE ENTRY,="0",,="0",,paid,,="FREE",1,="phase1-free",balipu-x-aloysius,Balipu x Aloysius,true,false,,,="a0043ed3-f2e3-418a-b51e-5a4617b4c515",2026-09-07T15:53:54.708Z,2026-09-28T15:33:50.691Z
9,BRC-009,="9",Nihal nayak,aadityamakhija436@gmail.com,="9945171055",="9945171055",="+919945171055",="16",Male,Manglore ,="8050163095",,,Instagram,S,free,FREE ENTRY,="0",,="0",,paid,,="FREE",1,="phase1-free",balipu-x-aloysius,Balipu x Aloysius,true,false,,,="fe90db1a-8b62-427f-8da5-90680c2f46b6",2026-09-07T15:55:45.910Z,2026-09-28T15:33:31.405Z
10,BRC-010,="10",Alman Almighty,mohammedalmanarif@gmail.com,="7975037651",="7975037651",="+917975037651",="18",Male,Mangalore,="9482579927",,,Instagram,L,free,FREE ENTRY,="0",,="0",,paid,,="FREE",1,="phase1-free",balipu-x-aloysius,Balipu x Aloysius,true,false,,,="2b09adf0-88a6-4749-9901-39bda4f58ab0",2026-09-07T15:56:01.141Z,2026-09-28T15:33:54.063Z
11,BRC-012,="12",Supriya P,supriyasrinivas4@gmail.com,="+919480864600",="919480864600",="+919480864600",="29",Female,Mangalore ,="+91 98442 30257",,,Friend / Family,M,paid,PAID ENTRY,="200",,="0",,paid,="order_TZDHY92AmUFEB4",="pay_TZDHcFeKJ3j0YY",1,="phase1-paid",balipu-x-aloysius,Balipu x Aloysius,true,false,,,="e9756404-462a-447b-8c1c-5e81a3219b33",2026-09-07T16:29:51.524Z,2026-09-28T15:33:57.144Z
12,BRC-013,="13",parnika kanchan,parnikakanchan@gmail.com,="9353096013",="9353096013",="+919353096013",="16",Female,mangaluru,="9113657962",,,Previous Balipu Event,S,paid,PAID ENTRY,="200",,="0",,paid,="order_TZDcba6E2t8H7G",="pay_TZDcgETO4vPIfR",1,="phase1-paid",balipu-x-aloysius,Balipu x Aloysius,true,false,,,="eb64ead4-840b-4569-941a-ba4f6b66f909",2026-09-07T16:49:47.479Z,2026-09-28T15:34:00.110Z
13,BRC-014,="14",Dee S,drdeepthishridhar@gmail.com,="9148262504",="9148262504",="+919148262504",="41",Female,Mangaluru ,="9448185606",,,Friend / Family,L,paid,PAID ENTRY,="200",,="0",,paid,="order_TZClO951dWWuhA",="MANUAL_ADMIN_CONFIRM",1,="phase1-paid",balipu-x-aloysius,Balipu x Aloysius,true,false,,,="7c2ff851-d87d-4e01-9703-804cd18faf3d",2026-09-07T15:59:24.752Z,2026-09-28T15:34:03.837Z
14,BRC-015,="15",Siddu SD ,siddharthsd09@gmail.com,="9886039511",="9886039511",="+919886039511",="28",Male,Mangalore ,="9535891329",,,Instagram,L,paid,PAID ENTRY,="200",,="0",,paid,="order_TZDdZthIiX2E4D",="pay_TZDdciJ7C66e51",1,="phase1-paid",balipu-x-aloysius,Balipu x Aloysius,true,false,,,="0f284bac-16dd-42a3-a03c-bf93fef613cf",2026-09-07T16:50:42.751Z,2026-09-28T15:34:07.221Z
15,BRC-016,="16",Dr Nikhil S Shetty,dr_shettynikhil@yahoo.co.in,="9886130479",="9886130479",="+919886130479",="45",Male,Mangaluru,="9742061044",,,Instagram,XL,paid,PAID ENTRY,="200",,="0",,paid,="order_TZDmsKAAfIlJbp",="pay_TZDnMR22LYH98f",1,="phase1-paid",balipu-x-aloysius,Balipu x Aloysius,true,false,,,="10a32b7d-c794-4ec7-a453-3146d16b41ee",2026-09-07T16:59:30.817Z,2026-09-28T15:34:10.267Z
16,BRC-017,="17",Sharan Aithal,sharanaithal1@gmail.com,="8073160352",="8073160352",="+918073160352",="29",Male,Mangaluru,="9740696424",,,Instagram,M,paid,PAID ENTRY,="200",,="0",,paid,="order_TZEUreNY9cPy4Y",="pay_TZEVxJioYCycmV",1,="phase1-paid",balipu-x-aloysius,Balipu x Aloysius,true,false,,,="68073dd9-3cdd-42a1-a206-b5ccd5f135b5",2026-09-07T17:41:09.415Z,2026-09-28T15:34:13.281Z
17,BRC-018,="18",Steevan Lobo,stevee99@gmail.com,="9901053492",="9901053492",="+919901053492",="40",Male,Mangalore,="9632208058",,,Instagram,L,paid,PAID ENTRY,="200",,="0",,paid,="order_TZEhNnYQcDZzO3",="pay_TZEhTcBOWBn6zH",1,="phase1-paid",balipu-x-aloysius,Balipu x Aloysius,true,false,,,="43a8f831-d100-4bb4-95d2-5524941845e9",2026-09-07T17:53:00.472Z,2026-09-28T15:34:56.679Z
18,BRC-019,="19",ATHUL ANANTH ARIGA,athulariga12@gmail.com,="8310438364",="8310438364",="+918310438364",="25",Male,Mangalore ,="9945992532",,,Instagram,L,paid,PAID ENTRY,="200",,="0",,paid,="order_TZGFGwkEufShkY",="pay_TZGFUzF8usS3ZU",1,="phase1-paid",balipu-x-aloysius,Balipu x Aloysius,true,false,,,="a9e32b2a-5df6-40e3-8802-d79ef6ef31e8",2026-09-07T19:23:47.012Z,2026-09-27T18:52:58.235Z
19,BRC-020,="20",Nithin N,neethukmpdv@gmail.com,="9108795804",="9108795804",="+919108795804",="22",Male,Mangalore,="7899892377",,,Instagram,M,paid,PAID ENTRY,="200",,="0",,paid,="order_TZMi6HW9BYfp4W",="pay_TZMiESa4tpat5V",1,="phase1-paid",balipu-x-aloysius,Balipu x Aloysius,true,false,,,="716673c5-e862-47d5-8541-8c5d3b711754",2026-09-08T01:43:14.135Z,2026-09-28T15:35:02.619Z
20,BRC-021,="21",VarunRaj ,varunraj8056@cloud.con,="9900578056",="9900578056",="+919900578056",="27",Male,Mangalore ,="9902301398",,,WhatsApp,M,paid,PAID ENTRY,="200",,="0",,paid,="order_TZMoEvXwGP7yIz",="pay_TZMoMkQBmGHY4a",1,="phase1-paid",balipu-x-aloysius,Balipu x Aloysius,true,false,,,="87eb0346-c781-4930-8fb3-3347d57efed3",2026-09-08T01:49:02.861Z,2026-09-28T15:35:08.604Z
21,BRC-022,="22",Aarlyn Riona Lobo,aarlynriona04@gmail.com,="7795928064",="7795928064",="+917795928064",="22",Female,Mangaluru,="9480250240",,,Instagram,L,paid,PAID ENTRY,="200",,="0",,paid,="order_TZN4nXgE1GBPSD",="pay_TZN5BT4ZOcUb6w",1,="phase1-paid",balipu-x-aloysius,Balipu x Aloysius,true,false,,,="c02b4b59-df31-422f-8666-a7e32e0b55d1",2026-09-08T02:04:43.375Z,2026-09-28T15:34:59.499Z
22,BRC-023,="23",Varun Rai,raivarunrai@gmail.com,="8971891918",="8971891918",="+918971891918",="38",Male,Mangalore ,="9980256991",,,Instagram,M,paid,PAID ENTRY,="200",,="0",,paid,="order_TZPXX3LdyydItM",="pay_TZPXzbhwtkExYx",1,="phase1-paid",balipu-x-aloysius,Balipu x Aloysius,true,false,,,="b696e9db-7fad-4208-8176-22da8eda47bc",2026-09-08T04:29:18.703Z,2026-09-08T04:30:31.333Z
23,BRC-024,="24",Sandeep B,bsandeepkallappalli@gmail.com,="7594071288",="7594071288",="+917594071288",="21",Male,Mangaluru ,="6363116122",,,Instagram,XXL,paid,PAID ENTRY,="200",,="0",,paid,="order_TZQ9athKVGNgCM",="pay_TZQA1agyalSdY9",1,="phase1-paid",balipu-x-aloysius,Balipu x Aloysius,true,false,,,="49fb7c6a-8ea4-40fc-8a84-a829295ce7b4",2026-09-08T05:05:20.639Z,2026-09-28T15:35:21.187Z
24,BRC-025,="25",Thanush mp,thanushprasad2005@gmail.com,="8296470682",="8296470682",="+918296470682",="21",Male,Mangalore ,="7594071288",,,Instagram,XL,paid,PAID ENTRY,="200",,="0",,paid,="order_TZQDCEgfr4oTuv",="pay_TZQDLeLjkH83L4",1,="phase1-paid",balipu-x-aloysius,Balipu x Aloysius,true,false,,,="53d91699-d7aa-4efd-af1d-b3d1b849e6d4",2026-09-08T05:08:45.240Z,2026-09-28T15:35:24.187Z
25,BRC-026,="26",Kevin joseph,kevinjoecalicut@gmail.com,="9846798496",="9846798496",="+919846798496",="23",Male,Mangalore,="9605200947",,,Instagram,L,paid,PAID ENTRY,="200",,="0",,paid,="order_TZQIEj5vseqDOD",="pay_TZQIMIPbRpBqAx",1,="phase1-paid",balipu-x-aloysius,Balipu x Aloysius,true,false,,,="2d9d9250-02fd-4692-9391-c420b6c9e438",2026-09-08T05:13:31.524Z,2026-09-28T15:35:27.160Z
26,BRC-027,="27",Aryan,simplearyan37@gmail.com,="8088530565",="8088530565",="+918088530565",="15",Male,mangaluru,="9620012429",,,Instagram,M,paid,PAID ENTRY,="200",,="0",,paid,="order_TZQxf7FOGLmnVW",="pay_TZRTRUcETS3VtZ",1,="phase1-paid",balipu-x-aloysius,Balipu x Aloysius,true,false,,,="074522a5-45f4-45e6-924d-ab3691a47a48",2026-09-08T05:52:44.513Z,2026-09-28T15:35:30.120Z
27,BRC-028,="28",Adithi Kamath,adithikamath69@gmail.com,="9606900431",="9606900431",="+919606900431",="18",Female,Mangalore ,="9008112279",,,Instagram,M,paid,PAID ENTRY,="200",,="0",,paid,="order_TZSAhgmPwhUx66",="pay_TZSAmTzXqrhWOk",1,="phase1-paid",balipu-x-aloysius,Balipu x Aloysius,true,false,,,="5f1e5c3c-2ac1-42d5-af1e-bf9d3485fc68",2026-09-08T07:03:46.885Z,2026-09-28T15:35:33.137Z
28,BRC-029,="29",Keerthan. N . Kumar,kbmlr98@gmail.com,="7204659576",="7204659576",="+917204659576",="13",Male,Mangalore ,="9448549187",,,Friend / Family,S,paid,PAID ENTRY,="200",,="0",,paid,="order_TZSrBi6l6oOfIq",="pay_TZSrHjflFxrN7S",1,="phase1-paid",balipu-x-aloysius,Balipu x Aloysius,true,false,,,="cd75673e-cd24-4cc0-be2b-7ea1bfae63d1",2026-09-08T07:44:00.013Z,2026-09-28T15:35:42.039Z
29,BRC-030,="30",Anush Revankar,anushrevankar83@gmail.com,="7349345996",="7349345996",="+917349345996",="21",Male,Mangalore ,="9916585085",,,Instagram,M,paid,PAID ENTRY,="200",,="0",,paid,="order_TZSrq8xN1elPIi",="pay_TZSs3ak9t348kl",1,="phase1-paid",balipu-x-aloysius,Balipu x Aloysius,true,false,,,="dc944879-a9b4-4a21-aea3-2e8f89720149",2026-09-08T07:44:37.038Z,2026-09-28T15:35:44.962Z
30,BRC-031,="31",Purshotham ,likithananddec@gmail.com,="9449103744",="9449103744",="+919449103744",="13",Male,Mangalore,="9448549187",,,Friend / Family,S,paid,PAID ENTRY,="200",,="0",,paid,="order_TZSxbldAaWuzgY",="pay_TZSxg3UpUyXtrL",1,="phase1-paid",balipu-x-aloysius,Balipu x Aloysius,true,false,,,="702d277b-7164-4b01-a618-1e9f48e5a364",2026-09-08T07:50:04.672Z,2026-09-28T15:35:48.283Z
31,BRC-032,="32",Brad Vassou ,bradanthony2007@gmail.com,="8870384390",="8870384390",="+918870384390",="18",Male,Mangalore ,="9942901199",,,Instagram,L,paid,PAID ENTRY,="200",,="0",,paid,="order_TZTW4mnXCI4JQz",="pay_TZTW7z2aDYhyFg",1,="phase1-paid",balipu-x-aloysius,Balipu x Aloysius,true,false,,,="d63a134e-05c5-4440-8550-b08d48c76ef5",2026-09-08T08:22:42.476Z,2026-09-28T15:35:51.177Z
32,BRC-033,="33",Vibhuti Srivastava,vibhutisrivastava856@gmail.com,="6392450696",="6392450696",="+916392450696",="26",Male,Mangaluru,="7607130210",,,Instagram,L,paid,PAID ENTRY,="200",,="0",,paid,="order_TZU5eiDX2yDsDy",="pay_TZU5kbfVdO07SZ",1,="phase1-paid",balipu-x-aloysius,Balipu x Aloysius,true,false,,,="8b36d7ef-82f6-4cf5-85ba-2dd7c945aff1",2026-09-08T08:56:23.398Z,2026-09-08T08:58:42.154Z
33,BRC-034,="34",Duttatreya Awasthi,vibhutisrivastava856@gmail.com,="7607130210",="7607130210",="+917607130210",="26",Female,Mangalore ,="6392450696",,,Instagram,S,paid,PAID ENTRY,="200",,="0",,paid,="order_TZUCEgBggy4256",="pay_TZUCIyMs4amKYY",1,="phase1-paid",balipu-x-aloysius,Balipu x Aloysius,true,false,,,="6ded6b05-feb4-4c09-a5e5-cca8eb414a62",2026-09-08T09:02:37.139Z,2026-09-28T15:35:54.057Z
34,BRC-035,="35",Lamiyah Mariyam,lamiyamariyam6@gmail.com,="9895081699",="9895081699",="+919895081699",="23",Female,Mangalore ,="+91 95673 89777",,,Instagram,L,paid,PAID ENTRY,="200",,="0",,paid,="order_TZVOUVhi86N0zD",="pay_TZVP4CyyIbXZPD",1,="phase1-paid",balipu-x-aloysius,Balipu x Aloysius,true,false,,,="1412b76c-a611-4e5e-be8f-73ad30fe2f68",2026-09-08T10:12:54.868Z,2026-09-28T15:35:57.353Z
35,BRC-036,="36",Ashwil Lobo,loboashwil@gmail.com,="9606819598",="9606819598",="+919606819598",="16",Male,Mangalore ,="9844411746 ",,,Previous Balipu Event,S,paid,PAID ENTRY,="200",,="0",,paid,="order_TZVUdqJSGq9YM6",="pay_TZVUjHJV43MnmU",1,="phase1-paid",balipu-x-aloysius,Balipu x Aloysius,true,false,,,="d05f5ea2-45b1-492f-822e-20641c4a1daa",2026-09-08T10:18:44.222Z,2026-09-28T15:36:00.278Z
36,BRC-037,="37",Atharva Mamadapur,atharva.trio@gmail.com,="7204512230",="7204512230",="+917204512230",="21",Male,Mangalore ,="7204512230",,,College,S,paid,PAID ENTRY,="200",,="0",,paid,="order_TZVjpiZ9YuQnkm",="pay_TZVk6UVHb36Cp5",1,="phase1-paid",balipu-x-aloysius,Balipu x Aloysius,true,false,,,="1d8adc60-5f81-47f2-9c65-427c44216fb1",2026-09-08T10:33:07.093Z,2026-09-28T15:36:03.296Z
37,BRC-038,="38",MITHUN ,mithunshaktinagara30@gmail.com,="8970294183",="8970294183",="+918970294183",="28",Male,Mangalore ,="+917795805115",,,Instagram,M,paid,PAID ENTRY,="200",,="0",,paid,="order_TZW0GXH7kjwWU0",="pay_TZW0vhxEtXDcRZ",1,="phase1-paid",balipu-x-aloysius,Balipu x Aloysius,true,false,,,="f5b4b059-f108-445e-9a89-a5da2663a3af",2026-09-08T10:48:40.469Z,2026-09-28T15:36:06.185Z
38,BRC-039,="39",Shaza Hassan,shazahassan29@gmail.com,="7592948825",="7592948825",="+917592948825",="23",Female,Mangaluru ,="7592948825",,,Instagram,L,paid,PAID ENTRY,="200",,="0",,paid,="order_TZW612upzsBUL9",="pay_TZW68vcZHUWyvl",1,="phase1-paid",balipu-x-aloysius,Balipu x Aloysius,true,false,,,="d71d0139-6cfe-446e-8449-55267baa9a43",2026-09-08T10:54:07.077Z,2026-09-28T15:36:09.156Z
39,BRC-040,="40",Aryan Banik,banikaryan1@gmail.com,="9137881509",="9137881509",="+919137881509",="18",Male,Mangalore,="8591743202",,,Instagram,M,paid,PAID ENTRY,="200",,="0",,paid,="order_TZX6HLTR5Alr0M",="pay_TZX6OGyAy0Q6N3",1,="phase1-paid",balipu-x-aloysius,Balipu x Aloysius,true,false,,,="51304a63-2dc5-4f6b-884c-4ea96a3b218f",2026-09-08T11:53:03.629Z,2026-09-28T15:36:12.045Z
40,BRC-041,="41",Hrishab ,hrishabhegde18@gmail.com,="8140779995",="8140779995",="+918140779995",="23",Male,Mangalore ,="9895081699",,,Instagram,L,paid,PAID ENTRY,="200",,="0",,paid,="order_TZXTJE2NPD7CBB",="pay_TZXTMeNqxQJoJR",1,="phase1-paid",balipu-x-aloysius,Balipu x Aloysius,true,false,,,="8a212c82-3b7b-4caf-9c65-2d667f5c2e19",2026-09-08T12:14:51.748Z,2026-09-28T15:36:14.949Z
41,BRC-042,="42",ASHLESH,ashleshraj911@gmail.com,="9901744885",="9901744885",="+919901744885",="18",Male,UDUPI ,="9901744889",,,Instagram,M,paid,PAID ENTRY,="200",,="0",,paid,="order_TZXd60ZAOp5TuC",="pay_TZXd9zMQ5JqTam",1,="phase1-paid",balipu-x-aloysius,Balipu x Aloysius,true,false,,,="825250d6-db25-47de-acd2-adf19aac7b2f",2026-09-08T12:24:07.645Z,2026-09-28T15:36:20.765Z
42,BRC-043,="43",Sushanth Bhat ,sushanthbhat007@gmail.com,="9483909062",="9483909062",="+919483909062",="33",Male,Mangaluru,="9686040601",,,Instagram,XL,paid,PAID ENTRY,="200",,="0",,paid,="order_TZXqSJFMFPcn7k",="pay_TZXqejP3hVTnHK",1,="phase1-paid",balipu-x-aloysius,Balipu x Aloysius,true,false,,,="9e085dc3-d445-48f5-bb5c-353d0b2c0bfb",2026-09-08T12:36:46.484Z,2026-09-28T15:36:26.562Z
43,BRC-044,="44",RITHESH K,ritheshmavilakochi0509@gmail.com,="7795805115",="7795805115",="+917795805115",="26",Male,Mangalore ,="089702 94183",,,Instagram,L,paid,PAID ENTRY,="200",,="0",,paid,="order_TZYDOAoGFFoP2Y",="pay_TZYDUJAFLmaHQG",1,="phase1-paid",balipu-x-aloysius,Balipu x Aloysius,true,false,,,="aac76bb8-0eee-4a12-a950-64b01cb1bf43",2026-09-08T12:58:29.096Z,2026-09-28T15:36:29.423Z
44,BRC-045,="45",Aman Narwal,amannarwal54321@gmail.com,="8287885915",="8287885915",="+918287885915",="22",Male,Mangaluru,="7317401010",,,Friend / Family,XL,paid,PAID ENTRY,="200",,="0",,paid,="order_TZYuVQzLLl0lIl",="pay_TZYuZvKajZaZOm",1,="phase1-paid",balipu-x-aloysius,Balipu x Aloysius,true,false,,,="fd8485de-bdcd-48b3-8dd9-d5f9d0e62074",2026-09-08T13:39:18.156Z,2026-09-28T15:36:35.213Z
45,BRC-046,="46",Simran Saloni Vasant,simranssv@gmail.com,="9108665331",="9108665331",="+919108665331",="24",Female,Mangalore,="9611135214",,,Friend / Family,L,paid,PAID ENTRY,="200",,="0",,paid,="order_TZZ52sJi7mSNL9",="pay_TZZ5Cwbgm9M8NS",1,="phase1-paid",balipu-x-aloysius,Balipu x Aloysius,true,false,,,="8617d5f8-fb2f-494a-8de5-c8837c171e9a",2026-09-08T13:49:16.807Z,2026-09-28T15:34:16.182Z
46,BRC-047,="47",Royston Dsouza,roystoncdsouza2004@gmail.com,="9448676802",="9448676802",="+919448676802",="21",Male,Mangalore ,="+919448676802",,,Instagram,L,paid,PAID ENTRY,="200",,="0",,paid,="order_TZYqgHUftcYm2Q",="MANUAL_ADMIN_CONFIRM",1,="phase1-paid",balipu-x-aloysius,Balipu x Aloysius,true,false,,,="cb57d2ff-0b7f-4a16-92ff-ed29738a686d",2026-09-08T13:35:40.895Z,2026-09-28T15:36:17.736Z
47,BRC-048,="48",Niharika Asokan,niharika.asokan@gmail.com,="9686649898",="9686649898",="+919686649898",="21",Female,Mangaluru ,="7899310423",,,WhatsApp,M,paid,PAID ENTRY,="200",,="0",,paid,="order_TZZKBxUWD4KUWV",="pay_TZZKHo9UyHHYBV",1,="phase1-paid",balipu-x-aloysius,Balipu x Aloysius,true,false,,,="b4a45d94-488b-435b-ac00-7494881e852e",2026-09-08T14:03:37.121Z,2026-09-28T15:34:19.962Z
48,BRC-049,="49",Rosine Sebastian ,rosinesebastian@gmail.com,="9686127964",="9686127964",="+919686127964",="21",Female,Mangalore ,="9686649898",,,College,L,paid,PAID ENTRY,="200",,="0",,paid,="order_TZZKClMBr8Trua",="pay_TZZKNAVVl1m9s4",1,="phase1-paid",balipu-x-aloysius,Balipu x Aloysius,true,false,,,="19e02e8d-a202-476f-9112-5473323dce3a",2026-09-08T14:03:37.859Z,2026-09-28T15:36:32.323Z
49,BRC-050,="50",Sumedhakm ,kmsumedha2k6@gmail.com,="7411647590",="7411647590",="+917411647590",="20",Male,Dakshina Kannada,="9113526210",,,College,M,paid,PAID ENTRY,="200",,="0",,paid,="order_TZZLZJwFjSFUex",="pay_TZZLg1AfUA9QwY",1,="phase1-paid",balipu-x-aloysius,Balipu x Aloysius,true,false,,,="ea6af14d-826c-42b2-bfc3-c102659db8fc",2026-09-08T14:04:55.324Z,2026-09-28T15:35:05.595Z
50,BRC-051,="51",Riya Pearl Miranda,riamiranda30@gmail.com,="6360554385",="6360554385",="+916360554385",="24",Female,Mangalore ,="9742378357",,,Instagram,S,paid,PAID ENTRY,="200",,="0",,paid,="order_TZZrCClEjk4MwI",="pay_TZZrHUAGMtFy5P",1,="phase1-paid",balipu-x-aloysius,Balipu x Aloysius,true,false,,,="4f859b9a-d0b5-4f62-bf86-5d308b468c66",2026-09-08T14:34:51.776Z,2026-09-28T15:35:18.283Z
51,BRC-052,="52",Fathima anan ,ananfathima251@gmail.com,="9902360427",="9902360427",="+919902360427",="18",Female,Mangalore ,="9606900431",,,Instagram,M,paid,PAID ENTRY,="200",,="0",,paid,="order_TZZlwpUwspLw4Y",="pay_TZZn4q41JbKmP5",1,="phase1-paid",balipu-x-aloysius,Balipu x Aloysius,true,false,,,="039e8b62-f3cf-4f86-adcb-5b43400e9acd",2026-09-08T14:29:53.666Z,2026-09-28T15:34:22.956Z
52,BRC-053,="53",Movin dsouza,movin543@gmail.com,="7204170210",="7204170210",="+917204170210",="20",Male,Mangalore ,="9854120529",,,Instagram,L,paid,PAID ENTRY,="200",,="0",,paid,="order_TZZxNHJfTcN7lp",="pay_TZZxUbUfnCKCf0",1,="phase1-paid",balipu-x-aloysius,Balipu x Aloysius,true,false,,,="92a463b0-f335-4fab-b4b6-391d80840930",2026-09-08T14:40:42.699Z,2026-09-28T15:36:38.150Z
53,BRC-054,="54",Zulekha,zulekhanuma@gmail.com,="9663643105",="9663643105",="+919663643105",="24",Female,Mangalore ,="9945234372",,,Friend / Family,L,paid,PAID ENTRY,="200",,="0",,paid,="order_TZaZP5WGU3CkNq",="pay_TZaZVk9O8iJLzI",1,="phase1-paid",balipu-x-aloysius,Balipu x Aloysius,true,false,,,="f484972e-396d-4a52-b2f2-26c8c911d0f1",2026-09-08T15:16:42.774Z,2026-09-28T15:34:28.866Z
54,BRC-055,="55",NISHAL NEERAJ BARKE ,n4228238@gmail.com,="7204606495",="7204606495",="+917204606495",="18",Male,Mangalore,="8722762188",,,Instagram,M,paid,PAID ENTRY,="200",,="0",,paid,="order_TZb2XhY3l3BLGU",="pay_TZb3BJ0UJRFIWB",1,="phase1-paid",balipu-x-aloysius,Balipu x Aloysius,true,false,,,="ebf11960-1e59-486d-93fa-96b5cc31d773",2026-09-08T15:44:17.867Z,2026-09-27T18:53:13.280Z
55,BRC-056,="56",Deyan monteiro,deyanmonteiro491@gmail.com,="9980187913",="9980187913",="+919980187913",="18",Male,Mangaluru,="9731851213",,,Instagram,L,paid,PAID ENTRY,="200",,="0",,paid,="order_TZb8Rut1con7LF",="pay_TZb8fKJfThWhS2",1,="phase1-paid",balipu-x-aloysius,Balipu x Aloysius,true,false,,,="f9dad9b5-f673-408c-b051-10f2d01a0b3b",2026-09-08T15:49:53.415Z,2026-09-28T15:36:41.096Z
56,BRC-057,="57",Nathaniel,nathanbrank1973@gmail.com,="8088866599",="8088866599",="+918088866599",="21",Male,Mangalore ,="8088866599",,,Instagram,XL,paid,PAID ENTRY,="200",,="0",,paid,="order_TZbOYiAlOPbfYr",="pay_TZbOcfFqSp34aQ",1,="phase1-paid",balipu-x-aloysius,Balipu x Aloysius,true,false,,,="69bdb67b-3adf-40b2-95ee-1d0564e01708",2026-09-08T16:05:08.405Z,2026-09-27T18:53:17.851Z
57,BRC-058,="58",Tessa Agnes Daly ,tessa2k4@gmail.com,="7899310423",="7899310423",="+917899310423",="21",Female,Mangalore ,="9686127964",,,WhatsApp,M,paid,PAID ENTRY,="200",,="0",,paid,="order_TZbgqPE55uCD6T",="pay_TZbgui2da1501d",1,="phase1-paid",balipu-x-aloysius,Balipu x Aloysius,true,false,,,="c9e67ba1-6d0c-45b3-9286-75100d184dce",2026-09-08T16:22:27.012Z,2026-09-28T15:34:34.845Z
58,BRC-059,="59",Pavan Krishna P,pavankrishnap2121@gmail.com,="9448774844",="9448774844",="+919448774844",="16",Male,Dakshina Kannada,="9448774844",,,Instagram,L,paid,PAID ENTRY,="200",,="0",,paid,="order_TZbxVUZeOgOuGT",="pay_TZbxi38Hh1KMGN",1,="phase1-paid",balipu-x-aloysius,Balipu x Aloysius,true,false,,,="51216605-b647-487c-9413-927e011e7798",2026-09-08T16:38:13.457Z,2026-09-28T15:36:44.097Z
59,BRC-060,="60",Daniel Melric Daouza ,danieldsouza990@gmail.com,="9148419027",="9148419027",="+919148419027",="16",Male,Mangalore ,="8310401855",,,Instagram,XXL,paid,PAID ENTRY,="200",,="0",,paid,="order_TZc7Rf1hRhi74s",="pay_TZcAqudqSXVuAa",1,="phase1-paid",balipu-x-aloysius,Balipu x Aloysius,true,false,,,="01721282-b22a-4af2-85bf-df73e08494d4",2026-09-08T16:47:37.951Z,2026-09-28T15:34:37.866Z
60,BRC-061,="61",Sachin ,sachinkl318@gmail.com,="9590681270",="9590681270",="+919590681270",="34",Male,Mangalore ,="+918970294183",,,WhatsApp,XL,paid,PAID ENTRY,="200",,="0",,paid,="order_TZcFZIKhXVzfZK",="pay_TZcFgi750oheAI",1,="phase1-paid",balipu-x-aloysius,Balipu x Aloysius,true,false,,,="58a9ce0d-77a3-479a-a385-5712cd4113e3",2026-09-08T16:55:19.348Z,2026-09-28T15:34:40.988Z
61,BRC-062,="62",Manju Hullalli,manjuhullalli@gmail.com,="8660959330",="8660959330",="+918660959330",="34",Male,Mangalore ,="+919740054781",,,Previous Balipu Event,XL,paid,PAID ENTRY,="200",,="0",,paid,="order_TZmSxdXhZGce95",="pay_TZmT6pQv7kOGKR",1,="phase1-paid",balipu-x-aloysius,Balipu x Aloysius,true,false,,,="2d93b5e7-9b8c-4b8c-9fe7-b4fb21d931b9",2026-09-09T02:54:56.188Z,2026-09-28T15:36:47.352Z
62,BRC-063,="63",Ganesha devadiga,ganeshdevadiga711@gmail.com,="7090676907",="7090676907",="+917090676907",="26",Male,Belman,="7353252960",,,Instagram,M,paid,PAID ENTRY,="200",,="0",,paid,="order_TZmwmUqT2zrnhB",="pay_TZmwy1dH0kcA9D",1,="phase1-paid",balipu-x-aloysius,Balipu x Aloysius,true,false,,,="66eda097-74a5-4900-8fd5-0d19597b60c1",2026-09-09T03:23:10.014Z,2026-09-28T15:34:44.712Z
63,BRC-064,="64",Gagan Gatty,gagangatty2@gmail.com,="+918197079438",="918197079438",="+918197079438",="21",Male,Mangalore ,="8197079438",,,Friend / Family,M,paid,PAID ENTRY,="200",,="0",,paid,="order_TZoQtmMXoScHcz",="pay_TZoTMn8I2mqadf",1,="phase1-paid",balipu-x-aloysius,Balipu x Aloysius,true,false,,,="8c830df8-e5c5-4335-9be0-c6ceac12a7e1",2026-09-09T04:50:22.293Z,2026-09-28T15:34:47.815Z
64,BRC-065,="65",Aravinda Rao,ara.ravi86@gmail.com,="8147992365",="8147992365",="+918147992365",="40",Male,Mangalore,="9591271909",,,Instagram,L,paid,PAID ENTRY,="200",,="0",,paid,="order_TZoaJHixwn8GWZ",="pay_TZoaSVCwsrCvBM",1,="phase1-paid",balipu-x-aloysius,Balipu x Aloysius,true,false,,,="eee6d016-2ce6-4568-8290-8fae2f01107a",2026-09-09T04:59:16.856Z,2026-09-09T05:00:37.852Z
65,BRC-066,="66",Prasad coorg ,puttaprasad78@gemail.com,="+91 779 5281218",="917795281218",="+917795281218",="37",Male,Manglore ,="9448647947",,,WhatsApp,XL,paid,PAID ENTRY,="200",,="0",,paid,="order_TZp9UNUTIX86Bb",="pay_TZp9fqRSvxIgoR",1,="phase1-paid",balipu-x-aloysius,Balipu x Aloysius,true,false,,,="f7fda847-2055-4cfc-8589-d30049afda95",2026-09-09T05:32:35.051Z,2026-09-28T15:34:50.772Z
66,BRC-067,="67",Sean Chris,machadosean07@gmail.com,="7259789413",="7259789413",="+917259789413",="19",Male,Mangalore ,="+919901938163",,,Friend / Family,M,paid,PAID ENTRY,="200",,="0",,paid,="order_TZpBDHNHIWiKDz",="pay_TZpBKHJOSmrd7M",1,="phase1-paid",balipu-x-aloysius,Balipu x Aloysius,true,false,,,="081ef9fb-50c5-4831-8268-c9e721af0ce9",2026-09-09T05:34:12.961Z,2026-09-28T15:36:53.173Z
67,BRC-068,="68",Mohd ayaaz,mohdayaaz275@gmail.com,="+919632670973",="919632670973",="+919632670973",="21",Male,Mangalore ,="9886787205",,,Instagram,L,paid,PAID ENTRY,="200",,="0",,paid,="order_TZpRcjAp6P3HHm",="pay_TZpRhu0hmIfZRj",1,="phase1-paid",balipu-x-aloysius,Balipu x Aloysius,true,false,,,="e339ca6c-7d93-4f66-a9b1-f584c4840239",2026-09-09T05:49:45.079Z,2026-09-28T15:34:25.939Z
68,BRC-069,="69",Manish Kumar,mk3607105@gmail.com,="7411692814",="7411692814",="+917411692814",="18",Male,Manglore ,="9108257301",,,Friend / Family,S,paid,PAID ENTRY,="200",,="0",,paid,="order_TZq4U3ujOXPDed",="pay_TZq4adrasHtXHE",1,="phase1-paid",balipu-x-aloysius,Balipu x Aloysius,true,false,,,="dada2b3e-ca40-4736-af7f-02a5a9ce77b2",2026-09-09T06:26:32.354Z,2026-09-28T15:36:23.721Z
69,BRC-070,="70",Sandeep Kumar Kumar,sandeepkumar21kokrady@gmail.com,="7760237096",="7760237096",="+917760237096",="26",Male,Manglore ,="+17760237096",,,Instagram,L,paid,PAID ENTRY,="200",,="0",,paid,="order_TZs3M0Gr91ldwo",="pay_TZs3TILkO4cOB0",1,="phase1-paid",balipu-x-aloysius,Balipu x Aloysius,true,false,,,="28b04612-63e9-4937-be47-af9eec4e523f",2026-09-09T08:22:51.403Z,2026-09-28T15:34:53.730Z
70,BRC-071,="71",Omisha Alva ,alvaomisha@gmail.com,="8073927121",="8073927121",="+918073927121",="17",Female,Mangalore ,="9060495416",,,Instagram,M,paid,PAID ENTRY,="200",,="0",,paid,="order_TZxxLj1oX5ssIw",="pay_TZxxSd33g4geQk",1,="phase1-paid",balipu-x-aloysius,Balipu x Aloysius,true,false,,,="d7c56310-66bb-4965-8541-30951d7a0833",2026-09-09T14:09:20.027Z,2026-09-27T18:53:33.182Z
71,BRC-072,="72",Saanvi.v,sandhyavivek15@gmail.com,="9606174434",="9606174434",="+919606174434",="16",Female,Mangalore ,="9901854554",,,Instagram,L,paid,PAID ENTRY,="200",,="0",,paid,="order_TZyQCMXGClEfP1",="pay_TZyQJ94bgF0VA7",1,="phase1-paid",balipu-x-aloysius,Balipu x Aloysius,true,false,,,="cd21c1b6-256b-4cfc-bcc4-09de61afa084",2026-09-09T14:36:38.655Z,2026-09-28T15:36:59.016Z
72,BRC-073,="73",Luke David,dlukedavidd@gmail.com,="9535158012",="9535158012",="+919535158012",="22",Male,Mangalore ,="8287885915",,,Friend / Family,S,paid,PAID ENTRY,="200",,="0",,paid,="order_TZygYgmICohlvI",="pay_TZyghwX0lBntb9",1,="phase1-paid",balipu-x-aloysius,Balipu x Aloysius,true,false,,,="38d10fd0-7df8-4af5-af89-b5f7c3ea2844",2026-09-09T14:52:07.917Z,2026-09-28T15:36:56.073Z
73,BRC-074,="74",Aniketh Shet,05aniketh@gmail.com,="7892627515",="7892627515",="+917892627515",="21",Male,Mangalore ,="7892627515",,,Friend / Family,S,paid,PAID ENTRY,="200",,="0",,paid,="order_TZyqJAGSqXMzBN",="pay_TZyqNC4Hjt69VM",1,="phase1-paid",balipu-x-aloysius,Balipu x Aloysius,true,false,,,="64eed1c8-c359-4a37-b1c9-c378ac9e719f",2026-09-09T15:01:21.699Z,2026-09-28T15:37:04.963Z
74,BRC-075,="75",Nithin ,nithinkingcr67@gmail.com,="7022025218",="7022025218",="+917022025218",="16",Male,Mangalore ,="9740811117",,,Instagram,XS,paid,PAID ENTRY,="200",,="0",,paid,="order_TZz6sMguqtzGln",="pay_TZz76A49ExIb3b",1,="phase1-paid",balipu-x-aloysius,Balipu x Aloysius,true,false,,,="912f35d6-9896-4c6a-8ba9-3b99be0c2599",2026-09-09T15:17:02.752Z,2026-09-28T15:37:10.797Z
75,BRC-076,="76",Allan xavier ,allanxavierg11@gmail.com,="+91 70195 68232",="917019568232",="+917019568232",="17",Male,Mangalore ,="+91 70195 68232",,,Instagram,M,paid,PAID ENTRY,="200",,="0",,paid,="order_TZz7qfRGiZyAhq",="pay_TZz7zu8Ix4dAyE",1,="phase1-paid",balipu-x-aloysius,Balipu x Aloysius,true,false,,,="25f764f1-fa3f-43a9-a5e6-06ba59f52ab5",2026-09-09T15:17:57.989Z,2026-09-28T15:37:13.876Z
76,BRC-077,="77",Adyath shetty ,kodialpremabai@gmail.com,="9845353487 ",="9845353487",="+919845353487",="16",Male,Mangaluru ,="6361964502",,,Instagram,M,paid,PAID ENTRY,="200",,="0",,paid,="order_TZzDlxNmNHMo3j",="pay_TZzE7P6KASAgf2",1,="phase1-paid",balipu-x-aloysius,Balipu x Aloysius,true,false,,,="f3d69d4a-8ebd-4693-89e5-d8f8f55c109f",2026-09-09T15:23:34.479Z,2026-09-28T15:37:16.824Z
77,BRC-078,="78",Devna ,devnarullal@gmail.com,="7349341028",="7349341028",="+917349341028",="16",Female,Manglore ,="9980014492",,,Instagram,M,paid,PAID ENTRY,="200",,="0",,paid,="order_TZzPT07VmlH7Hf",="pay_TZzPWG29Q6A0zm",1,="phase1-paid",balipu-x-aloysius,Balipu x Aloysius,true,false,,,="56de7525-41ba-4451-97f7-b8cafd35a288",2026-09-09T15:34:38.712Z,2026-09-28T15:37:19.805Z
78,BRC-079,="79",Tiffany dsouza ,elvitatiffanydsouza@gmail.com,="8147385599",="8147385599",="+918147385599",="17",Female,Mangalore ,="8147385599",,,Instagram,S,paid,PAID ENTRY,="200",,="0",,paid,="order_TZzPnD6KuFWa0u",="pay_TZzPrw6tv50Pm7",1,="phase1-paid",balipu-x-aloysius,Balipu x Aloysius,true,false,,,="77e293e6-6fe4-417d-8884-cde26199ba92",2026-09-09T15:34:57.225Z,2026-09-28T15:37:22.775Z
79,BRC-080,="80",GOVARDHAN KAMATH GURPUR,ggkgovi@gmail.com,="9480001855",="9480001855",="+919480001855",="38",Male,Mangaluru,="9900904542",,,Instagram,L,paid,PAID ENTRY,="200",,="0",,paid,="order_TZzPuh7eho2cez",="pay_TZzQ1taEseOTih",1,="phase1-paid",balipu-x-aloysius,Balipu x Aloysius,true,false,,,="8e22dacb-27db-4982-83d9-b488aec11c7b",2026-09-09T15:35:04.085Z,2026-09-09T15:36:01.008Z
80,BRC-081,="81",ARNAV KAMATH GURPUR,ggkgovi@gmail.com,="9900904540",="9900904540",="+919900904540",="13",Male,Mangaluru,="9480001855",,,Instagram,M,paid,PAID ENTRY,="200",,="0",,paid,="order_TZzSM1gwk0sSMW",="pay_TZzSRGuBdvGUBx",1,="phase1-paid",balipu-x-aloysius,Balipu x Aloysius,true,false,,,="2874567c-eb1d-40fa-9263-38379e873aba",2026-09-09T15:37:22.725Z,2026-09-28T15:37:25.652Z
81,BRC-082,="82",AMRITHA KAMATH,amrithak89@gmail.com,="9900904542",="9900904542",="+919900904542",="37",Female,Mangaluru,="9480001855",,,Instagram,M,paid,PAID ENTRY,="200",,="0",,paid,="order_TZzUEMFrn82s4d",="pay_TZzUI1cHkmtsvT",1,="phase1-paid",balipu-x-aloysius,Balipu x Aloysius,true,false,,,="81f90910-1309-4cfb-842f-09438bf52d16",2026-09-09T15:39:09.303Z,2026-09-28T15:37:28.524Z
82,BRC-083,="83",karthik s alva,karthikalva1976@gmail.com,="9740369715",="9740369715",="+919740369715",="16",Male,mangaluru,="9449331590",,,Friend / Family,L,paid,PAID ENTRY,="200",,="0",,paid,="order_TZzZh2MQAQGJw3",="pay_TZzbHWxsIBytNb",1,="phase1-paid",balipu-x-aloysius,Balipu x Aloysius,true,false,,,="4420b8f1-b5d9-4e79-a16d-af040844c353",2026-09-09T15:44:19.577Z,2026-09-28T15:37:02.026Z
83,BRC-084,="84",Rishon vas,rishonvass@gmail.com,="9945736249",="9945736249",="+919945736249",="17",Male,Manglore ,="6363504100",,,Instagram,L,paid,PAID ENTRY,="200",,="0",,paid,="order_TZzuM7r6RfE6yb",="pay_TZzuPgjRJEE08G",1,="phase1-paid",balipu-x-aloysius,Balipu x Aloysius,true,false,,,="5017861c-dca4-40cf-8e43-2d0f8e119d9c",2026-09-09T16:03:53.226Z,2026-09-28T15:37:31.383Z
84,BRC-085,="85",Naman,namancraj11@gmail.com,="8296428596",="8296428596",="+918296428596",="19",Male,Mangalore,="9844030199",,,Instagram,L,paid,PAID ENTRY,="200",,="0",,paid,="order_Ta0Tn72iF91crX",="pay_Ta0TravJ3nPPCa",1,="phase1-paid",balipu-x-aloysius,Balipu x Aloysius,true,false,,,="0f3d5a6c-0c9f-4335-8f90-98cf59e37ba6",2026-09-09T16:37:25.959Z,2026-09-09T16:39:46.107Z
85,BRC-086,="86",Likhith shetty,shettylikhith48@gmail.com,="8296494381",="8296494381",="+918296494381",="20",Male,Mangaluru ,="9341630957",,,Instagram,M,paid,PAID ENTRY,="200",,="0",,paid,="order_Ta0dx0cCYJ9PdT",="pay_Ta0e1mv452zQj1",1,="phase1-paid",balipu-x-aloysius,Balipu x Aloysius,true,false,,,="19b412f9-302b-481e-85f0-17d63d217abb",2026-09-09T16:47:03.026Z,2026-09-28T15:37:37.136Z
86,BRC-087,="87",Pranam Kumar,pranamkainstasnap@gmail.com,="6364143847",="6364143847",="+916364143847",="20",Male,Mangalore ,="6364143847",,,Instagram,M,paid,PAID ENTRY,="200",,="0",,paid,="order_Ta11k8LBulVsqq",="pay_Ta11tf3LAeAIMr",1,="phase1-paid",balipu-x-aloysius,Balipu x Aloysius,true,false,,,="e5f89aa1-4535-43d6-b913-0820c8509493",2026-09-09T17:09:34.437Z,2026-09-28T15:37:07.941Z
87,BRC-088,="88",Dhanush N poojary ,dhanushpoojaryd47@gmail.com,="8971644624",="8971644624",="+918971644624",="29",Male,Mangalore,="8867601741",,,Instagram,XL,paid,PAID ENTRY,="200",,="0",,paid,="order_Ta0AVre5vrk4Zl",="MANUAL_ADMIN_CONFIRM",1,="phase1-paid",balipu-x-aloysius,Balipu x Aloysius,true,false,,,="77dc8a06-dd99-4bf2-9d91-a8ad616bb460",2026-09-09T16:19:10.960Z,2026-09-28T15:37:40.245Z
88,BRC-089,="89",Nischitha sheka ,nischithashetty5@gmail.com,="8310653262",="8310653262",="+918310653262",="37",Female,Mangalore,="6363151602",,,Friend / Family,M,paid,PAID ENTRY,="200",,="0",,paid,="order_TaEuekqlJLV30F",="pay_TaEukH9ZwP9kad",1,="phase1-paid",balipu-x-aloysius,Balipu x Aloysius,true,false,,,="6d20eb0c-e4aa-4f44-8ac3-dfcfe3c6c0a8",2026-09-10T06:44:34.512Z,2026-09-27T18:53:52.444Z
89,BRC-090,="90",Sujan poojary ,sujanpoojary04@gmail.com,="8431447150",="8431447150",="+918431447150",="22",Male,Belman,="70906 76907",,,Friend / Family,M,paid,PAID ENTRY,="200",,="0",,paid,="order_TaHThXJgwCT0Li",="pay_TaHTpgLXig0wzh",1,="phase1-paid",balipu-x-aloysius,Balipu x Aloysius,true,false,,,="ef1854bc-9744-4fe6-af50-1dc67f1d67fd",2026-09-10T09:15:08.299Z,2026-09-28T15:37:43.450Z
90,BRC-091,="91",Jayasurya Kotian,jsuryakt@gmail.com,="9110258479",="9110258479",="+919110258479",="27",Male,Mangaluru,="6363007343",,,Previous Balipu Event,XL,paid,PAID ENTRY,="200",,="0",,paid,="order_TaHgj4QObxIAQa",="pay_TaHgvNb7sO9Ach",1,="phase1-paid",balipu-x-aloysius,Balipu x Aloysius,true,false,,,="20fa9d3b-362a-45a8-938e-e7efa4875c3e",2026-09-10T09:27:28.103Z,2026-09-28T15:37:49.324Z
91,BRC-092,="92",Thrupthi P,thrupthipoojary7@gmail.com,="8722816601",="8722816601",="+918722816601",="24",Female,Puttur,="9632097087",,,Instagram,S,paid,PAID ENTRY,="200",,="0",,paid,="order_TaHpbEHzYdgHU7",="pay_TaHpuIXlJrrbEM",1,="phase1-paid",balipu-x-aloysius,Balipu x Aloysius,true,false,,,="9fac806e-02e6-452d-aaa9-5800bf98199c",2026-09-10T09:35:52.122Z,2026-09-28T15:37:46.325Z
92,BRC-093,="93",SATHISH KUMAR,sathishamin015@gmail.com,="8722442248",="8722442248",="+918722442248",="34",Male,Mangalore ,="8971379962",,,Friend / Family,XL,paid,PAID ENTRY,="200",,="0",,paid,="order_TaIJUlaAXTkF1r",="pay_TaIJeBQeYpoWdd",1,="phase1-paid",balipu-x-aloysius,Balipu x Aloysius,true,false,,,="26845d40-cd95-44cb-bc7c-190f5e600a6f",2026-09-10T10:04:10.224Z,2026-09-28T15:37:52.221Z
93,BRC-094,="94",Thelma Rodrigues,thelmarodrigues108@gmail.com,="8197587438",="8197587438",="+918197587438",="24",Female,Mangaluru,="9481973943",,,Friend / Family,M,paid,PAID ENTRY,="200",,="0",,paid,="order_TaJkH4WANtS25l",="pay_TaJkNlD56iebX2",1,="phase1-paid",balipu-x-aloysius,Balipu x Aloysius,true,false,,,="4b5ea9d8-2b95-47f5-8315-94fc28c4c9a5",2026-09-10T11:28:12.886Z,2026-09-28T15:38:00.970Z
94,BRC-095,="95",Daiwik Kumar ,Daiwik.11.kumar@gmail.com,="8867891717",="8867891717",="+918867891717",="15",Male,Mangalore ,="8877891717",,,Instagram,XL,paid,PAID ENTRY,="200",,="0",,paid,="order_TaMKlP9o01xmQO",="pay_TaMKphrMJnS1nK",1,="phase1-paid",balipu-x-aloysius,Balipu x Aloysius,true,false,,,="f896a3f6-fd4e-4114-9326-0b9d7c7edc8a",2026-09-10T14:00:08.722Z,2026-09-28T15:37:55.227Z
95,BRC-096,="96",Kritya Jain,krityaja@gmail.com,="9008757003",="9008757003",="+919008757003",="16",Male,Mangaluru,="9008757004",,,Instagram,L,paid,PAID ENTRY,="200",,="0",,paid,="order_TaNEpER0wJ43Wm",="pay_TaNF18YEhIysbr",1,="phase1-paid",balipu-x-aloysius,Balipu x Aloysius,true,false,,,="a8e61ec9-a657-4239-9645-fe638120d217",2026-09-10T14:53:13.035Z,2026-09-28T15:38:03.874Z
96,BRC-097,="97",Alen P John,alenpjohn2009@gmail.com,="8971757919",="8971757919",="+918971757919",="17",Male,Mangaluru,="8867949614",,,Instagram,M,paid,PAID ENTRY,="200",,="0",,paid,="order_TaNLiRjD9CGvtq",="pay_TaNLopETr7PImK",1,="phase1-paid",balipu-x-aloysius,Balipu x Aloysius,true,false,,,="9ebdfc12-fbd9-4989-8cf5-7d6f03a079f5",2026-09-10T14:59:44.413Z,2026-09-28T15:38:06.716Z
97,BRC-098,="98",saravanan,sharansharan226@gmail.com,="+91 94499 05155",="919449905155",="+919449905155",="43",Male,DAKSHINA KANNADA,="9164755155",,,Instagram,XL,paid,PAID ENTRY,="200",,="0",,paid,="order_TaXmzgyLzeFOEH",="pay_TaXnB90G0kUukT",1,="phase1-paid",balipu-x-aloysius,Balipu x Aloysius,true,false,,,="bf7f9732-d8cb-4872-a5c3-209a4f6938c0",2026-09-11T01:12:29.968Z,2026-09-28T15:38:09.934Z
98,BRC-099,="99",Nikshith Shetty,nikshith980@gmail.com,="9380849664",="9380849664",="+919380849664",="27",Male,Mangalore,="7676230646",,,Instagram,L,paid,PAID ENTRY,="200",,="0",,paid,="order_TadMetz5dfDvRr",="pay_TadNGTdSosW605",1,="phase1-paid",balipu-x-aloysius,Balipu x Aloysius,true,false,,,="cfa766c9-0def-4284-b086-5f8d3bf169e7",2026-09-11T06:39:43.805Z,2026-09-28T15:37:58.090Z
99,BRC-100,="100",Moksha karkera,mokshakarkera666@gmail.com,="6363121739",="6363121739",="+916363121739",="18",Female,Mangaluru ,="7899463557",,,Instagram,S,paid,PAID ENTRY,="200",,="0",,paid,="order_TaeLNFcaworKUj",="pay_TaeLThhevx9Cx3",1,="phase1-paid",balipu-x-aloysius,Balipu x Aloysius,true,false,,,="e891d074-6f66-4693-9a72-f8cb961a972b",2026-09-11T07:37:12.451Z,2026-09-28T15:38:16.118Z
100,BRC-101,="101",Jeethesh ,jeetheshkarate@gmail.com,="8317380741",="8317380741",="+918317380741",="23",Male,Mangalore ,="8317380741",,,Instagram,L,paid,PAID ENTRY,="200",,="0",,paid,="order_TaiMRL2aoOWXA3",="pay_TaiMXYdubYxFJ0",1,="phase1-paid",balipu-x-aloysius,Balipu x Aloysius,true,false,,,="e013174e-5b28-479e-b5aa-fbc656e8890e",2026-09-11T11:32:59.458Z,2026-09-27T18:54:21.089Z
101,BRC-102,="102",Puneeth ,puneethnarayanagowda08@gmail.com,="+91 89041-08569",="918904108569",="+918904108569",="18",Male,Kompadav ,="7899892377",,,Friend / Family,S,paid,PAID ENTRY,="250",,="0",,paid,="order_Taiaz6EQDSnv30",="pay_Taib5QTEP2iCDA",2,="phase2",balipu-x-aloysius,Balipu x Aloysius,true,false,,,="003f9228-4b57-4a8b-bf7d-c7f60757123e",2026-09-11T11:46:45.601Z,2026-09-28T15:38:25.411Z
102,BRC-103,="103",Larsen kevin dmello ,larsendmello717@gmail.com,="9980968294",="9980968294",="+919980968294",="21",Male,Mangalore ,="7259457676",,,Instagram,M,paid,PAID ENTRY,="200",="250",="50",JS20,paid,="order_TaiiTqXtfg6bSZ",="pay_TaiikeVo4xh4w9",2,="phase2",balipu-x-aloysius,Balipu x Aloysius,true,false,,,="1b694fe4-c170-4709-8ad2-e69433a9187d",2026-09-11T11:53:51.348Z,2026-09-28T15:38:28.286Z
103,BRC-104,="104",Abdul Saaim,abdulhassansaaim@gmail.com,="8050272424",="8050272424",="+918050272424",="20",Male,Mangalore ,="7483242424",,,Friend / Family,L,paid,PAID ENTRY,="250",,="0",,paid,="order_TakvvVDFXusMDW",="pay_Takw2Z04BxbcwA",2,="phase2",balipu-x-aloysius,Balipu x Aloysius,true,false,,,="6a50adb3-dddd-4592-9c98-498f6a9a3875",2026-09-11T14:03:58.323Z,2026-09-11T14:05:43.946Z
104,BRC-105,="105",Shreesha Rao,shreeshatech08@gmail.com,="8792799269",="8792799269",="+918792799269",="26",Male,Mangalore,="6362329702",,,Instagram,M,paid,PAID ENTRY,="200",="250",="50",JS20,paid,="order_Tal2OEp5idlBuV",="pay_Tal3QxQeTOAO2s",2,="phase2",balipu-x-aloysius,Balipu x Aloysius,true,false,,,="fd5556d0-2544-43b0-b496-c1be125714fe",2026-09-11T14:10:05.445Z,2026-09-28T15:38:13.062Z
105,BRC-106,="106",Lakshmi ,jp4875681@gmail.com,="9148788352",="9148788352",="+919148788352",="16",Female,Mangalore ,="9148788352",,,WhatsApp,M,paid,PAID ENTRY,="250",,="0",,paid,="order_TalBaOgGhH8aaJ",="pay_TalBfgSh6ufMMx",2,="phase2",balipu-x-aloysius,Balipu x Aloysius,true,false,,,="b1e3710a-8e59-408f-bc3c-f0c39d171fbb",2026-09-11T14:18:47.790Z,2026-09-11T14:19:48.782Z
106,BRC-107,="107",Shriya. S,shriya.official.55@gmail.com,="7259425618",="7259425618",="+917259425618",="15",Female,Mangalore ,="8762855618",,,Instagram,M,paid,PAID ENTRY,="250",,="0",,paid,="order_Tamfn9AXjmmZwi",="pay_TamfwviNMtOrd3",2,="phase2",balipu-x-aloysius,Balipu x Aloysius,true,false,,,="2b4643af-e598-4ed1-b841-549f9ee3913b",2026-09-11T15:46:05.087Z,2026-09-11T15:47:56.925Z
107,BRC-108,="108",Disha Banjan,dishabanjan88@gmail.com,="7306320373",="7306320373",="+917306320373",="17",Female,Manjeshwar,="8301062957",,,Instagram,S,paid,PAID ENTRY,="200",="250",="50",JS20,paid,="order_TanDFvgOGz0Rub",="MANUAL_ADMIN_CONFIRM",2,="phase2",balipu-x-aloysius,Balipu x Aloysius,true,false,,,="2d3fe607-9014-44e1-848e-21f6a736524f",2026-09-11T16:17:45.868Z,2026-09-11T16:33:06.838Z
108,BRC-109,="109",Aral Pearl Dmello,aralpearld@gmail.com,="6362833815",="6362833815",="+916362833815",="16",Female,Mangalore ,="9482422670",,,College,M,paid,PAID ENTRY,="250",,="0",,paid,="order_Tanzqhe5Nm2GIh",="pay_Tao056YINuGHxb",2,="phase2",balipu-x-aloysius,Balipu x Aloysius,true,false,,,="f3387b96-cfb3-469c-bad2-937abcc38095",2026-09-11T17:03:45.970Z,2026-09-11T17:06:44.264Z
109,BRC-110,="110",Varun Gowda,varunfab06@gmail.com,="7899463557",="7899463557",="+917899463557",="20",Male,Mangaluru,="6363121739",,,Instagram,M,paid,PAID ENTRY,="250",,="0",,paid,="order_TapbLOH0AEqRi1",="pay_TapbsP57AVdtvf",2,="phase2",balipu-x-aloysius,Balipu x Aloysius,true,false,,,="9b71bb92-12de-4dc8-a819-c7497be2e185",2026-09-11T18:37:57.312Z,2026-09-28T15:42:18.111Z
110,BRC-111,="111",Shailesh Devadiga ,sam.duggu@gmail.com,="9819009136",="9819009136",="+919819009136",="40",Male,Mangaluru,="8446227696",,,Instagram,L,paid,PAID ENTRY,="250",,="0",,paid,="order_TayXOwhlw500ir",="pay_TayXWJPPvVoHo3",2,="phase2",balipu-x-aloysius,Balipu x Aloysius,true,false,,,="a063ad02-b278-46fd-a89e-8652eb46d818",2026-09-12T03:22:27.898Z,2026-09-12T03:29:38.743Z
111,BRC-112,="112",Yogish Navada,yogishnavada96@gmail.com,="9880332728",="9880332728",="+919880332728",="46",Male,manglore,="9844803208",,,Instagram,XXL,paid,PAID ENTRY,="250",,="0",,paid,="order_Tb0jNrUFogtmbz",="pay_Tb0jUEZe23yWgr",2,="phase2",balipu-x-aloysius,Balipu x Aloysius,true,false,,,="221a7b68-2b5e-4212-bd62-c8c9bb13811c",2026-09-12T05:31:11.749Z,2026-09-28T15:42:15.176Z
112,BRC-113,="113",Mohammed Faizan,faizaanixe@gmail.com,="8050995555",="8050995555",="+918050995555",="26",Male,Mangalore,="8050995555",,,Instagram,L,paid,PAID ENTRY,="200",="250",="50",JS20,paid,="order_Tb4mXfMwtSsA7q",="pay_Tb4mjDpwGxEoDh",2,="phase2",balipu-x-aloysius,Balipu x Aloysius,true,false,,,="de22bea6-7f1b-44bb-a07a-f7579a241eaa",2026-09-12T09:28:57.580Z,2026-09-28T15:38:19.287Z
113,BRC-114,="114",Dhanush bangera,dhanushbangera2609@gmail.com,="7022911681",="7022911681",="+917022911681",="26",Male,Mangalore ,="7022911681",,,Instagram,L,paid,PAID ENTRY,="250",,="0",,paid,="order_Tb5u6aZhaVI1fI",="pay_Tb5uKWQtFtZgNc",2,="phase2",balipu-x-aloysius,Balipu x Aloysius,true,false,,,="7ac9bf0c-27ad-4df3-b1f0-95b328cb4b64",2026-09-12T10:34:48.791Z,2026-09-28T15:38:22.335Z
114,BRC-115,="115",Raihan,raihanabbas478@gmail.com,="9611574596",="9611574596",="+919611574596",="18",Male,Mangalore,="9632087339",,,Instagram,M,paid,PAID ENTRY,="250",,="0",,paid,="order_Tb7cG9KUocHjKu",="pay_Tb7cN7akGBAkfQ",2,="phase2",balipu-x-aloysius,Balipu x Aloysius,true,false,,,="84c81b02-ec5e-48b3-9d28-2280d17d1224",2026-09-12T12:15:18.370Z,2026-09-27T18:54:44.238Z
115,BRC-116,="116",Varun Rai,raivarunrai@gmail.com,="8971891918",="8971891918",="+918971891918",="39",Male,Mangalore ,="99802 56991",,,Instagram,L,paid,PAID ENTRY,="250",,="0",,paid,="order_TbBh0r1UpwKp7R",="pay_TbBhy3IAB14rSn",2,="phase2",balipu-x-aloysius,Balipu x Aloysius,true,false,,,="25179c74-4ab2-4dbf-92e5-49974853f450",2026-09-12T16:14:34.816Z,2026-09-28T15:35:15.230Z
116,BRC-117,="117",Alina Ria Patrao ,renita1983@gmail.com,="7349721266",="7349721266",="+917349721266",="17",Female,Mangalore ,="7349721266",,,Friend / Family,S,paid,PAID ENTRY,="250",,="0",,paid,="order_TbC3aLsPp66fap",="pay_TbC3etPTw8efyh",2,="phase2",balipu-x-aloysius,Balipu x Aloysius,true,false,,,="5dc6a7e0-cd8c-4b29-995c-d5066fbce886",2026-09-12T16:35:56.941Z,2026-09-12T16:40:25.680Z
117,BRC-118,="118",Janardhana Gowda ,janardhanajaggu60@gmail.com,="9036862456",="9036862456",="+919036862456",="32",Male,Mangalore ,="9108795804",,,Instagram,L,paid,PAID ENTRY,="250",,="0",,paid,="order_TbJXaxjOwnE3Ls",="pay_TbJXhbgg1fVXCx",2,="phase2",balipu-x-aloysius,Balipu x Aloysius,true,false,,,="9cb2ccb7-94ed-4bca-b2b0-58bbb7529ec9",2026-09-12T23:55:12.808Z,2026-09-27T18:54:48.841Z
118,BRC-119,="119",Nethan pranav dsouza,nethandsouza2@gmail.com,="7676495391",="7676495391",="+917676495391",="16",Male,Mangalore ,="9449182148",,,Instagram,XL,paid,PAID ENTRY,="250",,="0",,paid,="order_TbKhQOxr9H87eS",="pay_TbKhYZmcWxWwhh",2,="phase2",balipu-x-aloysius,Balipu x Aloysius,true,false,,,="f089c817-a956-41a4-acdf-af9034a4ae59",2026-09-13T01:03:12.759Z,2026-09-27T18:54:54.368Z
119,BRC-120,="120",Prajwal A,prajwal.a.prajwal@gmail.com,="7676132884",="7676132884",="+917676132884",="26",Male,Mangalore,="9036477928",,,Instagram,L,paid,PAID ENTRY,="200",="250",="50",JS20,paid,="order_TbMjUUSTFA82bk",="pay_TbMjbX2w2rqRnN",2,="phase2",balipu-x-aloysius,Balipu x Aloysius,true,false,,,="083c8779-dade-4269-b29c-59afa5b349df",2026-09-13T03:02:33.331Z,2026-09-27T18:54:59.556Z
120,BRC-121,="121",Arshad ,arshadvk@gmail.com,="9686565980",="9686565980",="+919686565980",="44",Male,Manglore ,="09535095884",,,Instagram,L,paid,PAID ENTRY,="250",,="0",,paid,="order_TbNoH6gCnpaOPP",="pay_TbNoS7FDYU7VnI",2,="phase2",balipu-x-aloysius,Balipu x Aloysius,true,false,,,="8a0455d2-b0b3-4bf4-8f0d-b89479340214",2026-09-13T04:05:46.685Z,2026-09-27T18:55:03.682Z
121,BRC-122,="122",Lakshith ,divyamadhu864@gmail.com,="9620030748",="9620030748",="+919620030748",="17",Male,Mangaluru ,="9620030748",,,Instagram,XS,paid,PAID ENTRY,="250",,="0",,paid,="order_TbR8VrmrWOgp7o",="pay_TbR8cYPzQwWWnv",2,="phase2",balipu-x-aloysius,Balipu x Aloysius,true,false,,,="8da50f2a-b64e-4f47-aa7f-5a6f6225103f",2026-09-13T07:21:01.058Z,2026-09-13T07:22:51.537Z
122,BRC-123,="123",Viyan ,divyamadhu864@gmail.com,="9620030748",="9620030748",="+919620030748",="14",Male,Mangluru,="9620030748",,,Instagram,XS,paid,PAID ENTRY,="250",,="0",,paid,="order_TbRCCmQvh9x2QG",="pay_TbRCGNBMhEKKuf",2,="phase2",balipu-x-aloysius,Balipu x Aloysius,true,false,,,="ab6b1706-b046-43c9-9593-e111e184d98a",2026-09-13T07:24:30.765Z,2026-09-13T07:25:32.297Z
123,BRC-124,="124",Ron manoj,ronmanoj100@gmail.com,="8147414765",="8147414765",="+918147414765",="16",Male,Mangalore ,="8951453538",,,Instagram,S,paid,PAID ENTRY,="250",,="0",,paid,="order_TbSIDPQm3q4IFw",="pay_TbSIMVB3AvK3Rw",2,="phase2",balipu-x-aloysius,Balipu x Aloysius,true,false,,,="d05a3a51-eda5-4402-a189-3b4c5d08c5f5",2026-09-13T08:28:53.763Z,2026-09-13T08:29:52.056Z
124,BRC-125,="125",Abhinav SS,abpro2747@gmail.com,="7204374021",="7204374021",="+917204374021",="16",Male,Mangaluru,="7204374021",,,Instagram,S,paid,PAID ENTRY,="250",,="0",,paid,="order_TbSISxjTIPSsXg",="pay_TbSInWZOfcYRnN",2,="phase2",balipu-x-aloysius,Balipu x Aloysius,true,false,,,="6b3dfaef-bab4-451e-bc60-39ead94135d1",2026-09-13T08:29:08.006Z,2026-09-27T18:55:07.991Z
125,BRC-126,="126",Manthan N P,manthannp09@gmail.com,="8660145809",="8660145809",="+918660145809",="18",Male,Mangaluru,="9980890575",,,Friend / Family,M,paid,PAID ENTRY,="250",,="0",,paid,="order_TbSb4AsiWrQiQF",="pay_TbSbAGWCTRA61g",2,="phase2",balipu-x-aloysius,Balipu x Aloysius,true,false,,,="b02d66b2-7261-42c7-a98b-4ef3a2623f37",2026-09-13T08:46:44.505Z,2026-09-13T08:48:27.652Z
126,BRC-127,="127",Mohammed zain ,yushachamundi@gmail.com,="9741698220",="9741698220",="+919741698220",="18",Male,Mangaluru,="9741698220",,,Friend / Family,L,paid,PAID ENTRY,="200",="250",="50",JS20,paid,="order_TbSb3AQY9r8SYk",="pay_TbSbGNtCXLMgkO",2,="phase2",balipu-x-aloysius,Balipu x Aloysius,true,false,,,="b2f378ee-cbaa-47ad-9092-84635822e444",2026-09-13T08:46:43.584Z,2026-09-28T15:33:47.589Z
127,BRC-128,="128",Praveen,namancraj11@gmail.com,="9606279421",="9606279421",="+919606279421",="45",Male,Mangalore,="8296428596",,,Instagram,XL,paid,PAID ENTRY,="250",,="0",,paid,="order_TbTrExTME3A7u5",="pay_TbTrRRnPEfZvpU",2,="phase2",balipu-x-aloysius,Balipu x Aloysius,true,false,,,="6d9c5653-d8f7-4a8f-b832-bedccd94e433",2026-09-13T10:00:44.805Z,2026-09-28T15:37:34.223Z
128,BRC-129,="129",Nihal Athri,nihalathri@gmail.com,="6238650276",="6238650276",="+916238650276",="24",Male,Mangalore,="9048850289",,,Instagram,XL,paid,PAID ENTRY,="250",,="0",,paid,="order_TbURKM21bpUE2R",="pay_TbURdkFSF11jVM",2,="phase2",balipu-x-aloysius,Balipu x Aloysius,true,false,,,="9565596f-f410-4fc8-938b-7b6a5fceec81",2026-09-13T10:34:54.562Z,2026-09-13T10:38:11.851Z
129,BRC-130,="130",Darwin D'Souza,dsouzadarwin70@gmail.com,="9901024087",="9901024087",="+919901024087",="19",Male,Mangalore ,="7259467129",,,Friend / Family,XL,paid,PAID ENTRY,="200",="250",="50",JS20,paid,="order_TbWmtClVOaArWA",="pay_TbWn5ZUxd3ndkV",2,="phase2",balipu-x-aloysius,Balipu x Aloysius,true,false,,,="280e01c4-88b9-431f-93b5-b23573f43bf6",2026-09-13T12:52:42.518Z,2026-09-27T18:55:13.278Z
130,BRC-131,="131",Spandana Shetty,spandanashetty@gmail.com,="6360444183",="6360444183",="+916360444183",="16",Female,Mangaluru,="6360444183",,,Instagram,M,paid,PAID ENTRY,="250",,="0",,paid,="order_TbadwR0nbuhB1Y",="pay_Tbae9IVYFgyE5r",2,="phase2",balipu-x-aloysius,Balipu x Aloysius,true,false,,,="1e4155b7-1693-4e20-84ec-6515a246d124",2026-09-13T16:39:00.734Z,2026-09-13T16:40:41.445Z
131,BRC-132,="132",Afshan,zihanaafshan3011@gmail.com,="8296277951",="8296277951",="+918296277951",="23",Female,Mangalore ,="7349239248",,,Friend / Family,M,paid,PAID ENTRY,="250",,="0",,paid,="order_Tbao5QWDhdZDdk",="pay_TbaoV1huDO2GTV",2,="phase2",balipu-x-aloysius,Balipu x Aloysius,true,false,,,="9317db7d-e6ca-46db-b5b5-b5c4e509ed0c",2026-09-13T16:48:36.968Z,2026-09-13T16:51:58.725Z
132,BRC-133,="133",Nidhi dinesh jogi,vidyadinesh1984v@gmail.com,="7619637475",="7619637475",="+917619637475",="16",Female,Mangaluru,="9880171627",,,Friend / Family,S,paid,PAID ENTRY,="200",="250",="50",JS20,paid,="order_Tbp4j0MxvfVhhX",="pay_Tbp4q5vR2SGyWH",2,="phase2",balipu-x-aloysius,Balipu x Aloysius,true,false,,,="0ee84dd9-28c7-482e-ba9b-85c830f9d7ea",2026-09-14T06:46:04.640Z,2026-09-27T18:55:17.343Z
133,BRC-134,="134",Mahathi shiranthadka ,sunilpreethamshiranthadka@gmail.com,="8088645095",="8088645095",="+918088645095",="17",Female,Mangaluru ,="9480620492",,,Friend / Family,S,paid,PAID ENTRY,="200",="250",="50",JS20,paid,="order_Tbp4XxE5vfOdGc",="pay_Tbp7oQM9W6cP3D",2,="phase2",balipu-x-aloysius,Balipu x Aloysius,true,false,,,="e3a68112-1a2a-406c-94e2-380578ec8e74",2026-09-14T06:45:54.518Z,2026-09-14T06:50:07.567Z
134,BRC-135,="135",Sivin sunil,aralpearld@gmail.com,="7411133045",="7411133045",="+917411133045",="16",Male,Mangalore,="7676915623",,,Friend / Family,L,paid,PAID ENTRY,="250",,="0",,paid,="order_TbqtNEHRT6fPAg",="pay_Tbqte6Un3kZ29K",2,="phase2",balipu-x-aloysius,Balipu x Aloysius,true,false,,,="b1c15fb7-883e-488a-a3df-b48ba569f32b",2026-09-14T08:32:43.149Z,2026-09-28T15:42:12.093Z
135,BRC-136,="136",Hema R Gowda,hemargowdahrg@gmail.com,="9019828367",="9019828367",="+919019828367",="23",Female,Mangaluru ,="7892902382",,,Friend / Family,L,paid,PAID ENTRY,="250",,="0",,paid,="order_TbvBeAEQMifvVs",="pay_TbvBnsVSiG1wfS",2,="phase2",balipu-x-aloysius,Balipu x Aloysius,true,false,,,="8eae49ab-d706-4a1b-b9ae-dd25d012267b",2026-09-14T12:44:47.495Z,2026-09-14T12:50:24.768Z
136,BRC-137,="137",Hashim Ibrahim,hashimibrahim123321@gmail.com,="9980014528",="9980014528",="+919980014528",="15",Male,Mangaluru,="9980013428",,,Instagram,S,paid,PAID ENTRY,="200",="250",="50",JS20,paid,="order_TbyTmsn10hKD5f",="pay_TbyU3VQABfu9yR",2,="phase2",balipu-x-aloysius,Balipu x Aloysius,true,false,,,="c11ffe85-34d4-4eab-8a09-32a81237e422",2026-09-14T15:58:02.729Z,2026-09-14T15:59:01.047Z
137,BRC-139,="139",Sushan Kulal,sushankulal342@gmail.com,="8075623011",="8075623011",="+918075623011",="16",Male,Mangalore,="8075623011",,,Instagram,M,paid,PAID ENTRY,="250",,="0",,paid,="order_TbyWmK5zOUqMRk",="MANUAL_ADMIN_CONFIRM",2,="phase2",balipu-x-aloysius,Balipu x Aloysius,true,false,,,="820dab72-bf28-492d-94b1-e73d2db46be8",2026-09-14T16:00:52.619Z,2026-09-14T16:17:42.193Z
138,BRC-140,="140",Zasheel Ibrahim,zasheelibrahim07@gmail.com,="8217497876",="8217497876",="+918217497876",="15",Male,Mangaluru,="8217497876",,,Friend / Family,M,paid,PAID ENTRY,="200",="250",="50",JS20,paid,="order_TbypvaGuAziENw",="pay_Tbyq5fJ4oCwPWG",2,="phase2",balipu-x-aloysius,Balipu x Aloysius,true,false,,,="0e8d1ecc-2b9b-4f6b-860c-74c7e843c30e",2026-09-14T16:19:00.300Z,2026-09-14T16:19:54.130Z
139,BRC-141,="141",Veena Rodrigues,veenaojo@gmail.com,="9880862583",="9880862583",="+919880862583",="46",Female,Mangalore ,="9880862493",,,Instagram,S,paid,PAID ENTRY,="250",,="0",,paid,="order_Tbyz3CCZE31v2t",="pay_TbyzZpX2z96W6s",2,="phase2",balipu-x-aloysius,Balipu x Aloysius,true,false,,,="e26fa9a0-813b-4515-b40b-fc13e0b5b2da",2026-09-14T16:27:38.478Z,2026-09-14T16:30:08.518Z
140,BRC-142,="142",Aravinda Rao,ara.ravi86@gmail.com,="8147992365",="8147992365",="+918147992365",="40",Male,Mangalore,="9591271909",,,Friend / Family,L,paid,PAID ENTRY,="250",,="0",,paid,="order_Tc9LmbrFQbu4HP",="pay_Tc9M5DuHhoQeo2",2,="phase2",balipu-x-aloysius,Balipu x Aloysius,true,false,,,="8af72e60-b976-47e2-bbea-ca9034691445",2026-09-15T02:36:05.841Z,2026-09-28T15:36:50.272Z
141,BRC-143,="143",Sajith S,sajithsgandhinagar@gmail.com,="9916216198",="9916216198",="+919916216198",="27",Male,Mangalore,="8217640508",,,Friend / Family,XL,paid,PAID ENTRY,="250",,="0",,paid,="order_TcEp1zPXmPw6SH",="pay_TcEpAUCXAGdqFn",2,="phase2",balipu-x-aloysius,Balipu x Aloysius,true,false,,,="d96ee9dc-44f4-48b0-b42b-ee2c874abfab",2026-09-15T07:57:15.216Z,2026-09-15T08:02:45.976Z
142,BRC-144,="144",Sahana shetty,sahanayu77@yahoo.com,="9986368823",="9986368823",="+919986368823",="39",Female,Surathkal ,="8971981486",,,Instagram,M,paid,PAID ENTRY,="250",,="0",,paid,="order_TcEwgWViMQy3dX",="pay_TcEws5UPFQggr8",2,="phase2",balipu-x-aloysius,Balipu x Aloysius,true,false,,,="435471e8-a7f1-46fe-bcd9-c431c8378988",2026-09-15T08:04:29.949Z,2026-09-28T15:42:09.179Z
143,BRC-145,="145",Rowena,rosequeira@gmail.com,="6366341234",="6366341234",="+916366341234",="43",Female,Mangalore,="6366341234",,,Instagram,XL,paid,PAID ENTRY,="250",,="0",,paid,="order_TcGN8q7aJz8WTA",="pay_TcGNJRQJZMthdu",2,="phase2",balipu-x-aloysius,Balipu x Aloysius,true,false,,,="8930435d-6b4f-4355-826f-4330985bab68",2026-09-15T09:28:14.308Z,2026-09-27T18:55:21.857Z
144,BRC-146,="146",Mr sana,pynshai448@gmail.com,="6909656521",="6909656521",="+916909656521",="21",Male,Mangalore ,="8787631751",,,Instagram,M,paid,PAID ENTRY,="250",,="0",,paid,="order_TcHZ3BjWG5o85E",="pay_TcHZEtsL4yy2cH",2,="phase2",balipu-x-aloysius,Balipu x Aloysius,true,false,,,="86d07bf5-aa69-4066-b388-bfad62117a44",2026-09-15T10:38:12.346Z,2026-09-27T18:55:27.246Z
145,BRC-147,="147",Jean Sunita,jeansunita.aim@gmail.com,="9844692143",="9844692143",="+919844692143",="36",Female,Mangalore,="8050922887",,,Instagram,S,paid,PAID ENTRY,="250",,="0",,paid,="order_TcHxODBmfZD2yG",="pay_TcHxoM8d6bi42u",2,="phase2",balipu-x-aloysius,Balipu x Aloysius,true,false,,,="cd5ef993-8ee2-4e70-8839-64432937b6fa",2026-09-15T11:01:14.811Z,2026-09-15T11:03:28.544Z
146,BRC-148,="148",bikash Rudrapaul,bikashrpaul22@gmail.com,="8431713285",="8431713285",="+918431713285",="31",Male,Mangaluru,="8431713285",,,Instagram,M,paid,PAID ENTRY,="200",="250",="50",JS20,paid,="order_TcIBTNQZ4Z4GpB",="pay_TcIC2baEBIUqx3",2,="phase2",balipu-x-aloysius,Balipu x Aloysius,true,false,,,="a8887756-28a1-4208-aa7b-3062b6e23c81",2026-09-15T11:14:34.745Z,2026-09-28T15:34:31.874Z
147,BRC-149,="149",Devika poojary,devikapoojary23@gmail.com,="8431321753",="8431321753",="+918431321753",="23",Female,Mangalore ,="9632533768",,,Instagram,M,paid,PAID ENTRY,="250",,="0",,paid,="order_TcIXYVxYEXFNeL",="pay_TcIXduz2I93rBm",2,="phase2",balipu-x-aloysius,Balipu x Aloysius,true,false,,,="b6532f75-15dd-4f19-ab8e-1f28c131c69b",2026-09-15T11:35:29.078Z,2026-09-28T15:35:36.209Z
148,BRC-150,="150",Aishwarya M Hiremath,aishwaryamhiremath25@gmail.com,="7483916840",="7483916840",="+917483916840",="16",Female,Mangalore ,="8867214513",,,Friend / Family,S,paid,PAID ENTRY,="250",,="0",,paid,="order_TcJ8lzFefqDDSH",="pay_TcJ8y01YnbYZoo",2,="phase2",balipu-x-aloysius,Balipu x Aloysius,true,false,,,="6688a3a3-06a0-4e50-99f0-9a4c0c2a3d11",2026-09-15T12:10:43.024Z,2026-09-15T12:16:43.608Z
149,BRC-151,="151",Sudipta Salian,sudiptasalian75@gmail.com,="8317315916",="8317315916",="+918317315916",="16",Female,Mangalore ,="+918317315916",,,Friend / Family,M,paid,PAID ENTRY,="250",,="0",,paid,="order_TcJHDHQ5onNVfh",="pay_TcJHZlW9t5gaCs",2,="phase2",balipu-x-aloysius,Balipu x Aloysius,true,false,,,="daf6efac-6836-472e-ad79-3ede2dbbe7bb",2026-09-15T12:18:42.414Z,2026-09-15T12:21:55.750Z
150,BRC-152,="152",Sweedal Veigas,sweedalveigas10@gmail.com,="9606480837",="9606480837",="+919606480837",="16",Female,mangaluru,="7259690387",,,Friend / Family,S,paid,PAID ENTRY,="250",,="0",,paid,="order_TcKLhNu3jdpicZ",="pay_TcKM6creYfirfW",2,="phase2",balipu-x-aloysius,Balipu x Aloysius,true,false,,,="5a7d92e2-4c3a-426f-a5df-fbe67a838570",2026-09-15T13:21:38.807Z,2026-09-15T13:27:13.331Z
151,BRC-153,="153",Kushi R Shetty,kushishetty5910@gmail.com,="8050664182",="8050664182",="+918050664182",="16",Female,Mangalore ,="7259339675",,,Friend / Family,XL,paid,PAID ENTRY,="200",="250",="50",JS20,paid,="order_TcKM3njKN2Tl34",="pay_TcKMG0f9xISCAO",2,="phase2",balipu-x-aloysius,Balipu x Aloysius,true,false,,,="080c83f1-2257-444a-8545-ae8168c9bad4",2026-09-15T13:21:59.343Z,2026-09-15T13:27:43.338Z
152,BRC-154,="154",Suman Pais,sumanpais@gmail.com,="7022817139",="7022817139",="+917022817139",="47",Female,Mangaluru,="76194 34543",,,Instagram,L,paid,PAID ENTRY,="200",="250",="50",JS20,paid,="order_TcKTdULKe1hRxk",="pay_TcKUcGmyrVbIf6",2,="phase2",balipu-x-aloysius,Balipu x Aloysius,true,false,,,="680d441a-2889-47c1-9539-67c71b8bc395",2026-09-15T13:29:09.643Z,2026-09-28T15:42:06.128Z
153,BRC-155,="155",Jaden pais,sumanpais@gmail.com,="7022817139",="7022817139",="+917022817139",="16",Male,Mangaluru,="76194 34543",,,Instagram,M,paid,PAID ENTRY,="200",="250",="50",JS20,paid,="order_TcKhGp7EoEQKfT",="pay_TcKi42mJO9Mmc6",2,="phase2",balipu-x-aloysius,Balipu x Aloysius,true,false,,,="c395daa0-3a4d-452d-9d22-52c73e33bf48",2026-09-15T13:42:04.084Z,2026-09-15T13:45:29.510Z
154,BRC-156,="156",Jadrian pais,sumanpais@gmail.com,="7022817139",="7022817139",="+917022817139",="13",Male,Mangaluru,="76194 34543",,,Instagram,M,paid,PAID ENTRY,="200",="250",="50",JS20,paid,="order_TcKlh3pV7H5jH0",="pay_TcKlyY9zJyN9nW",2,="phase2",balipu-x-aloysius,Balipu x Aloysius,true,false,,,="148e6d43-e661-4c13-9642-8b8d0e4b91ad",2026-09-15T13:46:15.319Z,2026-09-27T18:55:41.278Z
155,BRC-157,="157",Sharanya Suresh karkera ,sharanyakarkera514@gmail.com,="7338397033",="7338397033",="+917338397033",="16",Female,Mangaluru,="8105890429",,,Friend / Family,S,paid,PAID ENTRY,="250",,="0",,paid,="order_TcMTpVY9w5WCEk",="pay_TcMUBjcgQYJKvj",2,="phase2",balipu-x-aloysius,Balipu x Aloysius,true,false,,,="d49ed107-0ca1-47dc-979b-7c96ded100c9",2026-09-15T15:26:43.878Z,2026-09-27T18:55:45.738Z
156,BRC-158,="158",Aanya Ashutosh Boloor ,aanya00847@gmail.com,="9845110476",="9845110476",="+919845110476",="16",Female,Mangaluru,="9845109299",,,Friend / Family,S,paid,PAID ENTRY,="250",,="0",,paid,="order_TcMUB4WvJW4sIV",="pay_TcMUHpQqyAYHUA",2,="phase2",balipu-x-aloysius,Balipu x Aloysius,true,false,,,="f48e2bf1-86d0-451b-9a15-f6b898e09481",2026-09-15T15:27:03.637Z,2026-09-27T18:55:50.922Z
157,BRC-159,="159",Mohammed nehan,nehannuha850@gmail.com,="+91 99011 50378",="919901150378",="+919901150378",="16",Male,Ma,="8970159378",,,Friend / Family,S,paid,PAID ENTRY,="200",="250",="50",JS20,paid,="order_TcMrVnmHd8wk4q",="pay_TcMrat1p3Gphup",2,="phase2",balipu-x-aloysius,Balipu x Aloysius,true,false,,,="a269f342-b45e-49dd-b114-e55eb5ddb67c",2026-09-15T15:49:09.038Z,2026-09-15T15:51:31.518Z
158,BRC-160,="160",Jai Mendon,jaismendon@gmail.com,="9930679069",="9930679069",="+919930679069",="16",Male,Mangalore,="9448076696",,,Friend / Family,XL,paid,PAID ENTRY,="200",="250",="50",JS20,paid,="order_TcN2faWcYAknL5",="pay_TcN2oWvuzCgZiV",2,="phase2",balipu-x-aloysius,Balipu x Aloysius,true,false,,,="343663e7-7ec9-448e-a849-763a342610aa",2026-09-15T15:59:42.803Z,2026-09-15T16:01:33.675Z
159,BRC-161,="161",Vianna Lobo,viannalobo@icloud.com,="8660018042",="8660018042",="+918660018042",="16",Female,Mangalore ,="9901640471",,,Friend / Family,S,paid,PAID ENTRY,="200",="250",="50",JS20,paid,="order_TcNljpMFvFVe3F",="pay_TcNlulueXuqmyd",2,="phase2",balipu-x-aloysius,Balipu x Aloysius,true,false,,,="dff6cdc2-b4cc-4d6f-a1d0-a82af1b739a8",2026-09-15T16:42:22.696Z,2026-09-15T16:43:07.205Z
160,BRC-162,="162",Hradin D Shetty ,hradinshetty@gmail.com,="9972314715",="9972314715",="+919972314715",="16",Male,Mangaluru ,="9663484108",,,Instagram,M,paid,PAID ENTRY,="250",,="0",,paid,="order_TcNprW8wn9MuYY",="pay_TcNpxPPnwtukHz",2,="phase2",balipu-x-aloysius,Balipu x Aloysius,true,false,,,="d0cd86d8-56af-4661-b218-6a096b06df45",2026-09-15T16:46:16.952Z,2026-09-15T16:47:19.238Z
161,BRC-163,="163",Pratham P Acharya,acharyaprathamp@gamil.com,="7019542369",="7019542369",="+917019542369",="17",Male,Mangalore,="7019542369",,,Friend / Family,M,paid,PAID ENTRY,="250",,="0",,paid,="order_TcOg2Fmo2Deoe0",="pay_TcOg76G3RyT3GK",2,="phase2",balipu-x-aloysius,Balipu x Aloysius,true,false,,,="144fac59-a946-4f35-b76c-7ebeb9cbd8da",2026-09-15T17:35:40.389Z,2026-09-27T18:55:54.904Z
162,BRC-164,="164",Shanwill Pinto,shanwillpinto@gmail.com,="9964574214",="9964574214",="+919964574214",="26",Male,Mangalore,="9740942880",,,Instagram,L,paid,PAID ENTRY,="250",,="0",,paid,="order_TcYkEgFzg7JPEE",="pay_TcYkJ9NL2LEzIk",2,="phase2",balipu-x-aloysius,Balipu x Aloysius,true,false,,,="d142e78c-445c-497b-b4cc-cfd315376d17",2026-09-16T03:26:35.130Z,2026-09-27T18:55:59.643Z
163,BRC-165,="165",Siddharth D ,sid32263@gmail.com,="9113228611",="9113228611",="+919113228611",="22",Male,Mangalore ,="9342253130",,,Friend / Family,XL,paid,PAID ENTRY,="200",="250",="50",JS20,paid,="order_TcZpYpyg6Ytqqz",="pay_TcZpmtTTYXPOxy",2,="phase2",balipu-x-aloysius,Balipu x Aloysius,true,false,,,="d918603a-1dcf-4640-a858-7e8e352295bb",2026-09-16T04:30:19.223Z,2026-09-27T18:56:04.991Z
164,BRC-166,="166",Sandeep Tamagonda,reachgauravkamath1@gmail.com,="7090900574",="7090900574",="+917090900574",="28",Male,Mulki,="8904459227",,,Friend / Family,XXL,paid,PAID ENTRY,="250",,="0",,paid,="order_TceC97vp7msCCY",="pay_TceCHmzt4TO63y",2,="phase2",balipu-x-aloysius,Balipu x Aloysius,true,false,,,="9ac784da-6500-451e-b1d2-940cf6b2fca4",2026-09-16T08:46:28.516Z,2026-09-27T18:56:09.027Z
165,BRC-167,="167",Shreyas K M,shreyaskm27@gmail.com,="7892714913 ",="7892714913",="+917892714913",="25",Male,Mangaluru,="9481305058",,,Instagram,M,paid,PAID ENTRY,="250",,="0",,paid,="order_TcgTJk78pX0cGH",="pay_TcgTVYaOpsYVt1",2,="phase2",balipu-x-aloysius,Balipu x Aloysius,true,false,,,="8cb1070e-ad91-4ca7-992a-80bb65de3693",2026-09-16T11:00:07.086Z,2026-09-16T11:09:49.672Z
166,BRC-168,="168",Shanwin lasrado,aralpearld@gmail.com,="9731617509",="9731617509",="+919731617509",="17",Male,Mangalore ,="9449488472",,,Friend / Family,M,paid,PAID ENTRY,="250",,="0",,paid,="order_TchjdZ1yAP0B2a",="pay_Tchjqm0ZZMT1YI",2,="phase2",balipu-x-aloysius,Balipu x Aloysius,true,false,,,="f34e7e5f-27d2-41e9-9ad6-c46db8e4cc31",2026-09-16T12:14:15.648Z,2026-09-28T15:42:03.143Z
167,BRC-169,="169",Dhruuvin V Shetty ,sumasshetty123@gmail.com,="9901984689",="9901984689",="+919901984689",="16",Male,Manglore,="+919901984689",,,College,M,paid,PAID ENTRY,="250",,="0",,paid,="order_TckasKCIYs9tqd",="pay_TckazfUTOJitfd",2,="phase2",balipu-x-aloysius,Balipu x Aloysius,true,false,,,="ed0517cd-676b-405c-a143-07a9465c79ad",2026-09-16T15:02:02.814Z,2026-09-16T15:06:38.847Z
168,BRC-170,="170",Sharanya Sanjay ,sharanyasanjay111@gmail.com,="8792538127",="8792538127",="+918792538127",="17",Female,Mangalore,="9481921183",,,Friend / Family,L,paid,PAID ENTRY,="250",,="0",,paid,="order_Tcl1W1P4li0oNo",="pay_Tcl1el8MGfhE0M",2,="phase2",balipu-x-aloysius,Balipu x Aloysius,true,false,,,="e8193471-f402-44eb-ab79-2737c6ed2b4a",2026-09-16T15:27:15.987Z,2026-09-27T18:56:12.927Z
169,BRC-171,="171",Athena Brigette khan,hrmpreethi26@gmail.com,="8296310226",="8296310226",="+918296310226",="14",Female,Mangalore ,="9591463065",,,Friend / Family,M,paid,PAID ENTRY,="250",,="0",,paid,="order_TclIbCIf3LVk13",="pay_TclJn0dLjWUhe9",2,="phase2",balipu-x-aloysius,Balipu x Aloysius,true,false,,,="89b2b05c-9841-4865-a420-c765e4f722fd",2026-09-16T15:43:26.356Z,2026-09-16T15:46:06.673Z
170,BRC-172,="172",Sarah Theresa Andrade,ajandrade201012@gmail.com,="7506278425",="7506278425",="+917506278425",="15",Female,Mangaluru,="7506217022",,,Instagram,M,paid,PAID ENTRY,="250",,="0",,paid,="order_TclaNKj4GZOhjZ",="pay_Tclbrjwtv3GgiR",2,="phase2",balipu-x-aloysius,Balipu x Aloysius,true,false,,,="0650a558-8470-4064-a385-12d0cb8811dd",2026-09-16T16:00:16.037Z,2026-09-16T16:03:13.980Z
171,BRC-173,="173",Trisha Maria Andrade ,ajandrade201012@gmail.com,="7506278425",="7506278425",="+917506278425",="14",Female,Mangaluru,="7506217022",,,Instagram,L,paid,PAID ENTRY,="250",,="0",,paid,="order_Tclgsg9XJRCDlA",="pay_Tclht6rS5AaJPs",2,="phase2",balipu-x-aloysius,Balipu x Aloysius,true,false,,,="f8aef970-e227-4bd7-b97b-084f388925ec",2026-09-16T16:06:25.558Z,2026-09-27T18:56:17.157Z
172,BRC-174,="174",Vignesh Naik ,visitvan@gmail.com,="9964319010",="9964319010",="+919964319010",="46",Male,Mangalore,="7411329008",,,Instagram,XL,paid,PAID ENTRY,="200",="250",="50",JS20,paid,="order_TcltlWNntCspUD",="pay_TcltvQ1gmApbZl",2,="phase2",balipu-x-aloysius,Balipu x Aloysius,true,false,,,="55b3c056-9517-421e-9479-20fd3a7936e7",2026-09-16T16:18:37.399Z,2026-09-16T16:20:53.153Z
173,BRC-175,="175",Udbhav Suresh Poojary ,shruthipoojari32@gmail.com,="7738711156",="7738711156",="+917738711156",="13",Male,Mangalore ,="7738711156",,,Friend / Family,S,paid,PAID ENTRY,="200",="250",="50",JS20,paid,="order_Td4agLVPqg7eVF",="pay_Td4jLVXxj8xgn9",2,="phase2",balipu-x-aloysius,Balipu x Aloysius,true,false,,,="fbf13cc2-a667-4bcc-8bc7-f5669b1a5567",2026-09-17T10:35:44.135Z,2026-09-17T10:45:15.572Z
174,BRC-176,="176",Pranav Suresh Poojary ,shruthipoojari32@gmail.com,="7738711156",="7738711156",="+917738711156",="10",Male,Mangalore ,="7738711156",,,Friend / Family,XS,paid,PAID ENTRY,="200",="250",="50",JS20,paid,="order_Td4m8dh3CQebkW",="pay_Td4mFEuCn5WnkO",2,="phase2",balipu-x-aloysius,Balipu x Aloysius,true,false,,,="cd05b9c2-a18d-46d7-b002-7ee5752b66df",2026-09-17T10:46:34.853Z,2026-09-17T10:47:29.118Z
175,BRC-177,="177",Nihana Salian,nihanasalian@gmail.com,="8904811981",="8904811981",="+918904811981",="17",Female,Mangalore ,="9663095086",,,Instagram,S,paid,PAID ENTRY,="250",,="0",,paid,="order_Td9MXwM97pCrQJ",="pay_Td9MvsrZ2aDTdF",2,="phase2",balipu-x-aloysius,Balipu x Aloysius,true,false,,,="9d5864d6-de80-422f-8e67-eabaab1fa4a3",2026-09-17T15:15:49.312Z,2026-09-17T15:19:43.646Z
176,BRC-178,="178",Gaganya ,gaganyapoojary22@gmail.com,="8147746722",="8147746722",="+918147746722",="16",Female,Mangalore ,="7795034156",,,Instagram,S,paid,PAID ENTRY,="200",="250",="50",JS20,paid,="order_Td9iDSyhK0smvF",="pay_Td9irRhfMSDoOJ",2,="phase2",balipu-x-aloysius,Balipu x Aloysius,true,false,,,="15f9b691-fbec-4dcf-a145-7910aa169375",2026-09-17T15:36:20.169Z,2026-09-17T15:38:16.665Z
177,BRC-179,="179",Sohan,lathishpoojary07@gmail.com,="7829500047",="7829500047",="+917829500047",="14",Male,Mangalore ,="9110681867",,,WhatsApp,S,paid,PAID ENTRY,="200",="250",="50",JS20,paid,="order_Td9mxjPa05OlOD",="pay_Td9n8Ur9jxt9NK",2,="phase2",balipu-x-aloysius,Balipu x Aloysius,true,false,,,="d0bed844-764d-456a-b4a9-2801f90b2888",2026-09-17T15:40:49.739Z,2026-09-17T15:43:14.601Z
178,BRC-180,="180",Shawn Triston Pinto ,sushansantosh@gmail.com,="9591252040",="9591252040",="+919591252040",="14",Male,Mangalore ,="8792814264",,,Friend / Family,M,paid,PAID ENTRY,="200",="250",="50",JS20,paid,="order_TdALO2O2XVokxQ",="pay_TdAMPXJpm1wLYq",2,="phase2",balipu-x-aloysius,Balipu x Aloysius,true,false,,,="72772380-a3dc-489f-89a5-fd2a6c0fc6f5",2026-09-17T16:13:25.045Z,2026-09-27T18:56:21.360Z
179,BRC-181,="181",Deon Pinto,deonpinto9901@gmail.com,="7899324164",="7899324164",="+917899324164",="25",Male,Mangalore ,="9901189268",,,Friend / Family,XL,paid,PAID ENTRY,="200",="250",="50",JS20,paid,="order_TdI6ZpQsD8pQ8P",="pay_TdI6hJc7PHaj7x",2,="phase2",balipu-x-aloysius,Balipu x Aloysius,true,false,,,="148b5500-83d9-4ace-bad2-517eef4c075a",2026-09-17T23:48:56.763Z,2026-09-17T23:58:35.483Z
180,BRC-182,="182",Sunil kumar,sksunilkumarsk1047@gmail.com,="9606909280",="9606909280",="+919606909280",="16",Male,Mangaluru,="9916228050",,,Instagram,M,paid,PAID ENTRY,="250",,="0",,paid,="order_TdJv0G2NqQUTPj",="pay_TdJv4AYzfzgcAB",2,="phase2",balipu-x-aloysius,Balipu x Aloysius,true,false,,,="71e9d70f-c01d-4140-9cdc-947948e28145",2026-09-18T01:35:22.603Z,2026-09-27T18:56:25.449Z
181,BRC-183,="183",Ananya G,ananyaganu2003@gmail.com,="8147422066",="8147422066",="+918147422066",="23",Female,Mangaluru ,="9019828367",,,WhatsApp,XL,paid,PAID ENTRY,="250",,="0",,paid,="order_TdLlFrPQaCGFhl",="pay_TdLlMMENogkmNJ",2,="phase2",balipu-x-aloysius,Balipu x Aloysius,true,false,,,="b1da635e-72d5-4da1-827e-83fca72f57f6",2026-09-18T03:23:32.120Z,2026-09-18T03:24:59.349Z
182,BRC-184,="184",Samatha KS ,samathaks39@gmail.com,="8867039750",="8867039750",="+918867039750",="21",Female,Mangaluru ,="9019828367",,,WhatsApp,M,paid,PAID ENTRY,="250",,="0",,paid,="order_TdLnga5oVroAwM",="pay_TdLnmw2VzaGIHe",2,="phase2",balipu-x-aloysius,Balipu x Aloysius,true,false,,,="d1351ca3-5f4d-4e5a-a8a7-e950d8dd3c54",2026-09-18T03:25:50.203Z,2026-09-18T03:26:48.004Z
183,BRC-185,="185",Steve Valaire John Dsouza ,stevevjdsouza@gmail.com,="9481312907",="9481312907",="+919481312907",="18",Male,Mangalore ,="9448152907",,,Instagram,XXL,paid,PAID ENTRY,="250",,="0",,paid,="order_TdLpX5T577VFII",="pay_TdLpiHCiBL3GM9",2,="phase2",balipu-x-aloysius,Balipu x Aloysius,true,false,,,="29f6d0f2-8950-4ee9-9a95-f1b2b5193fa7",2026-09-18T03:27:35.101Z,2026-09-18T03:28:46.615Z
184,BRC-186,="186",DIYON DSOUZA,diyondsouza15@gmail.com,="8310853834",="8310853834",="+918310853834",="18",Male,Mangalore,="9448133722",,,Friend / Family,XL,paid,PAID ENTRY,="250",,="0",,paid,="order_TdLsH9vzQUwldE",="pay_TdLsVGF3Ep9PVd",2,="phase2",balipu-x-aloysius,Balipu x Aloysius,true,false,,,="d2d96f11-a0e5-4442-96ad-eb4ac8535ed5",2026-09-18T03:30:10.909Z,2026-09-18T03:31:57.243Z
185,BRC-187,="187",Vishal ,vishalkulal9008@gmail.com,="7022310288",="7022310288",="+917022310288",="24",Male,Mangalore ,="7022310288",,,Previous Balipu Event,L,paid,PAID ENTRY,="250",,="0",,paid,="order_TdLu4Owb3ZgHcx",="pay_TdLutSMbqCcnri",2,="phase2",balipu-x-aloysius,Balipu x Aloysius,true,false,,,="ab4445fc-93e5-48ab-86e1-8197866278fc",2026-09-18T03:31:52.827Z,2026-09-18T03:34:01.333Z
186,BRC-188,="188",Lestol Jude Pinto,lestolpinto@gmail.com,="8088976716",="8088976716",="+918088976716",="18",Male,Mangalore,="6361336454",,,Instagram,M,paid,PAID ENTRY,="200",="250",="50",JS20,paid,="order_TdNK0XcbnBeEJR",="pay_TdNK4CAYKWZdHV",2,="phase2",balipu-x-aloysius,Balipu x Aloysius,true,false,,,="0225fcfd-3342-4698-a786-ab2844a69384",2026-09-18T04:55:07.733Z,2026-09-18T04:56:38.494Z
187,BRC-189,="189",Gawtham V Poojary,gawthampoojary016@gmail.com,="7349219014",="7349219014",="+917349219014",="24",Male,Mangaluru,="7353842808",,,Instagram,M,paid,PAID ENTRY,="250",,="0",,paid,="order_TdNtVta7uE9kBt",="pay_TdNulyX1n2CaqK",2,="phase2",balipu-x-aloysius,Balipu x Aloysius,true,false,,,="ab23444f-9bbe-4e41-b4db-9b229158c31e",2026-09-18T05:28:44.451Z,2026-09-18T05:30:48.191Z
188,BRC-190,="190",Tejas Salian,tejas.d.salian@gmail.com,="6364032869",="6364032869",="+916364032869",="24",Male,Mangalore,="8867618355",,,Instagram,M,paid,PAID ENTRY,="200",="250",="50",JS20,paid,="order_TdPVF6ymSM0dZq",="pay_TdPVhMwa2Vze8n",2,="phase2",balipu-x-aloysius,Balipu x Aloysius,true,false,,,="f1d94533-5c6d-4848-bea8-6aac1d4a6179",2026-09-18T07:03:09.083Z,2026-09-18T07:05:10.052Z
189,BRC-191,="191",GOURI LINGADALLI,grlingadalli@gmail.com,="9019634448",="9019634448",="+919019634448",="24",Female,Mangalore ,="8147422066",,,Friend / Family,M,paid,PAID ENTRY,="250",,="0",,paid,="order_TdRdIbCyiVzsUG",="pay_TdRdP87RakdOvW",2,="phase2",balipu-x-aloysius,Balipu x Aloysius,true,false,,,="af32b5f5-c238-40aa-a063-f0469553f587",2026-09-18T09:08:09.917Z,2026-09-18T09:12:13.644Z
190,BRC-192,="192",Pratheeksha k,pratheeksha1301@gmail.com,="8123997340",="8123997340",="+918123997340",="25",Female,Mangalore ,="+91 78927 14913",,,Friend / Family,M,paid,PAID ENTRY,="250",,="0",,paid,="order_TczDInVC3nCGYZ",="MANUAL_ADMIN_CONFIRM",2,="phase2",balipu-x-aloysius,Balipu x Aloysius,true,false,,,="096635cb-1eb4-4d0e-9387-ab951af335f2",2026-09-17T05:20:08.082Z,2026-09-18T13:34:05.854Z
191,BRC-193,="193",Himani MS,himanims67@gmail.com,="8317406450",="8317406450",="+918317406450",="16",Female,Mangalore ,="9535545573",,,Friend / Family,M,paid,PAID ENTRY,="250",,="0",,paid,="order_TdWu4aUN7KXhUs",="pay_TdWuIC7pP8ANaA",2,="phase2",balipu-x-aloysius,Balipu x Aloysius,true,false,,,="edc7d71a-7813-43ce-82bc-4ee2e2eda788",2026-09-18T14:17:30.753Z,2026-09-18T14:21:10.664Z
192,BRC-194,="194",Avani.H.M,avanirekha61@gmail.com,="9449770241",="9449770241",="+919449770241",="16",Female,Mangalore,="9686611284",,,Friend / Family,M,paid,PAID ENTRY,="250",,="0",,paid,="order_TdYFM4WzYbQX21",="pay_TdYFnD98vFxlUJ",2,="phase2",balipu-x-aloysius,Balipu x Aloysius,true,false,,,="6d7edfea-adfb-4e59-937c-f438a5671659",2026-09-18T15:36:21.196Z,2026-09-27T18:56:30.119Z
193,BRC-195,="195",Disha Kukyan,dishakukyan29@gmail.com,="8147931096",="8147931096",="+918147931096",="20",Female,Manglore ,="7892705148",,,Instagram,L,paid,PAID ENTRY,="200",="250",="50",JS20,paid,="order_TdYQE5ubfYK09V",="pay_TdYQJaatevIJXM",2,="phase2",balipu-x-aloysius,Balipu x Aloysius,true,false,,,="01c7c5c9-22c2-4563-b277-0e909533f0c0",2026-09-18T15:46:38.686Z,2026-09-27T18:56:35.084Z
194,BRC-196,="196",Gaurav Kamath,reachgauravkamath@gmail.com,="8904459227",="8904459227",="+918904459227",="25",Male,Mangaluru,="9845169581",,,Friend / Family,L,paid,PAID ENTRY,="250",,="0",,paid,="order_TdZTdzJ9KtZHDy",="pay_TdZTnzP1wYtVwI",2,="phase2",balipu-x-aloysius,Balipu x Aloysius,true,false,,,="f59e364d-0920-4aa0-b440-61eea6a67bf3",2026-09-18T16:48:34.427Z,2026-09-18T16:54:36.400Z
195,BRC-197,="197",Rahul Raj,rahulraj982006@gmail.com,="9606715965",="9606715965",="+919606715965",="20",Male,Mangaluru,="8904459227",,,Friend / Family,M,paid,PAID ENTRY,="250",,="0",,paid,="order_TdZaiswFMDsbsm",="pay_TdZar1n7kXQqt9",2,="phase2",balipu-x-aloysius,Balipu x Aloysius,true,false,,,="b62ece3b-7ae8-4c5d-9e5b-b37d4f3cf5bf",2026-09-18T16:55:16.512Z,2026-09-27T18:56:39.234Z
196,BRC-198,="198",Shravya s,shravyapojary@gmail.com,="9449265896",="9449265896",="+919449265896",="16",Female,Mangaluru ,="9449265896",,,Instagram,M,paid,PAID ENTRY,="250",,="0",,paid,="order_Tdab5cBwKjbfX6",="pay_TdabER3yACcWHQ",2,="phase2",balipu-x-aloysius,Balipu x Aloysius,true,false,,,="45e4abde-d32d-4f98-be87-5d43c57ceba2",2026-09-18T17:54:18.967Z,2026-09-18T17:55:52.212Z
197,BRC-199,="199",Einstein Gleeson,einsteinpinto@gmail.com,="9483437723",="9483437723",="+919483437723",="25",Male,Mangalore ,="9480347423",,,WhatsApp,XL,paid,PAID ENTRY,="200",="250",="50",JS20,paid,="order_TdakjAdr6re1Au",="pay_Tdako7nGBPbXeh",2,="phase2",balipu-x-aloysius,Balipu x Aloysius,true,false,,,="ee3389d9-be10-4ae5-9c4f-430944dcfa46",2026-09-18T18:03:26.388Z,2026-09-18T18:05:35.365Z
198,BRC-200,="200",Karthik V Shetty,karthikshetty01129@gmail.com,="7411713386",="7411713386",="+917411713386",="16",Male,Mangalore,="9464931309",,,College,L,paid,PAID ENTRY,="200",="250",="50",JS20,paid,="order_Tdaoi62Jfrua2I",="pay_Tdaonsujfehuml",2,="phase2",balipu-x-aloysius,Balipu x Aloysius,true,false,,,="7b41d02e-f279-4532-afcc-505602b0efbf",2026-09-18T18:07:12.608Z,2026-09-18T18:08:24.226Z
199,BRC-201,="201",Orvin matutine crasta,obbi.crasta@gmail.com,="9606565676",="9606565676",="+919606565676",="36",Male,Mangalore ,="8217554935",,,WhatsApp,XXL,paid,PAID ENTRY,="200",="250",="50",JS20,paid,="order_Tdb2e991vML8Gk",="pay_Tdb2smJD9g5kB8",2,="phase2",balipu-x-aloysius,Balipu x Aloysius,true,false,,,="db1362a8-5410-4232-9d7b-64c7f698b505",2026-09-18T18:20:24.191Z,2026-09-18T18:24:32.145Z
200,BRC-202,="202",Binoj Rego,binoj.rego@gmail.com,="9606200265",="9606200265",="+919606200265",="37",Male,Mangalore,="+919606200265",,,Friend / Family,L,paid,PAID ENTRY,="300",,="0",,paid,="order_TdbT0qtnfcZ19j",="pay_TdbUpvOeBW9BRQ",3,="phase3",balipu-x-aloysius,Balipu x Aloysius,true,false,,,="feafd33a-cfa0-4fd4-acaa-bdd17c20695b",2026-09-18T18:45:21.803Z,2026-09-27T18:56:43.578Z
201,BRC-203,="203",Elton Glenvill Pinto,eltonpinto156@gmail.com,="9480347423",="9480347423",="+919480347423",="27",Male,Mangaluru,="9483437723",,,Previous Balipu Event,L,paid,PAID ENTRY,="300",,="0",,paid,="order_TdhcNZs5lia35r",="pay_TdhcTFYuo1FvNS",3,="phase3",balipu-x-aloysius,Balipu x Aloysius,true,false,,,="63c0069a-edd1-4cda-9bdc-f7248d3cfdce",2026-09-19T00:46:23.509Z,2026-09-27T18:56:48.718Z
202,BRC-204,="204",Sanika SM,sanikasm777@gmail.com,="7338352986",="7338352986",="+917338352986",="17",Female,Mangalore,="9535624463",,,Instagram,S,paid,PAID ENTRY,="300",,="0",,paid,="order_TdigZqyeaZWRym",="pay_TdighDntkiyxCp",3,="phase3",balipu-x-aloysius,Balipu x Aloysius,true,false,,,="d06c36bc-6b44-4cf0-bede-2ef32bf23e14",2026-09-19T01:49:03.573Z,2026-09-27T18:56:52.556Z
203,BRC-205,="205",Daphne Melissa Dsouza ,daphnemelissa15@gmail.com,="9902208939",="9902208939",="+919902208939",="21",Female,Mangaluru ,="9945275153",,,Friend / Family,M,paid,PAID ENTRY,="300",,="0",,paid,="order_TdjpxF7EzvNFyF",="pay_TdjqAWiwctatlf",3,="phase3",balipu-x-aloysius,Balipu x Aloysius,true,false,,,="eac97fcf-bf54-4f64-8f19-03acf1dcf712",2026-09-19T02:56:37.816Z,2026-09-19T03:00:57.694Z
204,BRC-206,="206",Milton Shawn Braggs ,braggsmilton@gmail.com,="7204199007",="7204199007",="+917204199007",="22",Male,Mangaluru ,="9902208939",,,Friend / Family,M,paid,PAID ENTRY,="300",,="0",,paid,="order_Tdk4MzfNZT5Fx8",="pay_Tdk4Y5jfYTPThG",3,="phase3",balipu-x-aloysius,Balipu x Aloysius,true,false,,,="4b8e47b3-cb5d-43ea-b8b8-04cecd4d916c",2026-09-19T03:10:16.618Z,2026-09-19T03:13:10.926Z
205,BRC-207,="207",Manjunath M.Maruthi,manjunathmaruti2020@gmail.com,="7676589454",="7676589454",="+917676589454",="23",Male,Mangalore ,="7676589454",,,Instagram,XL,paid,PAID ENTRY,="300",,="0",,paid,="order_TdlhbDnbVnX2Lf",="pay_TdlhhZMeEr0XWg",3,="phase3",balipu-x-aloysius,Balipu x Aloysius,true,false,,,="84dbbe84-ab51-4e2c-abb2-796551b91009",2026-09-19T04:46:06.471Z,2026-09-27T18:56:56.511Z
206,BRC-208,="208",Shazi,Aditijyothi123@gmail.com,="8310687805",="8310687805",="+918310687805",="16",Female,Mangalore ,="8310687805",,,Friend / Family,XS,paid,PAID ENTRY,="300",,="0",,paid,="order_Tdo79W4fIYVTDV",="pay_Tdo7FQT7vAwzTA",3,="phase3",balipu-x-aloysius,Balipu x Aloysius,true,false,,,="7ed47458-e6c4-43b6-8438-9cef4128cb41",2026-09-19T07:07:41.129Z,2026-09-19T07:09:20.199Z
207,BRC-209,="209",Aditi,aditijyothi123@gmail.com,="8310687805",="8310687805",="+918310687805",="16",Female,Mangalore ,="8310687805",,,Friend / Family,S,paid,PAID ENTRY,="300",,="0",,paid,="order_TdoB30HPYEFp3t",="pay_TdoB71FhOQDwQ5",3,="phase3",balipu-x-aloysius,Balipu x Aloysius,true,false,,,="842d8fd2-cb3a-44b2-b537-ae006daadf34",2026-09-19T07:11:22.353Z,2026-09-27T18:57:00.538Z
208,BRC-210,="210",Daksh D K,dayakark72@gmail.com,="9481921013",="9481921013",="+919481921013",="14",Male,Mangaluru ,="9343832927",,,Instagram,M,paid,PAID ENTRY,="300",,="0",,paid,="order_TdvjpLvGCNNYWN",="pay_Tdvk1izIFSvDwm",3,="phase3",balipu-x-aloysius,Balipu x Aloysius,true,false,,,="7f4d6a29-0410-47ff-9239-ee7b2d629887",2026-09-19T14:35:09.178Z,2026-09-19T14:40:31.735Z
209,BRC-211,="211",Sujan ,sugandhiraja115@gmail.com,="7760446908",="7760446908",="+917760446908",="14",Male,Mangalore ,="7795805115",,,Instagram,M,paid,PAID ENTRY,="300",,="0",,paid,="order_Tdxu3k1vqwKh9C",="pay_Tdxv8cauvIdAT0",3,="phase3",balipu-x-aloysius,Balipu x Aloysius,true,false,,,="60c36d14-c081-49a7-8543-5a3cdcb4cc5d",2026-09-19T16:42:13.584Z,2026-09-27T18:57:04.519Z
210,BRC-212,="212",A AKASH PRABHU ,ashokprabhu2374@gmail.com,="9535402623",="9535402623",="+919535402623",="17",Male,Mangalore ,="9448573192",,,Friend / Family,L,paid,PAID ENTRY,="300",,="0",,paid,="order_Te9DSzwqvaSfGS",="pay_Te9Ds2Jj4FIR3i",3,="phase3",balipu-x-aloysius,Balipu x Aloysius,true,false,,,="9a12f71c-4063-4d5c-89ee-89051b28cef8",2026-09-20T03:46:13.676Z,2026-09-27T18:57:09.001Z
211,BRC-213,="213",Jeevith L,jeevithl83@gmail.com,="9620677687",="9620677687",="+919620677687",="27",Male,Mangalore ,="7899676776",,,Instagram,M,paid,PAID ENTRY,="300",,="0",,paid,="order_TeFC1EYrcaOdMv",="pay_TeFC5az4ecLraZ",3,="phase3",balipu-x-aloysius,Balipu x Aloysius,true,false,,,="271fc369-2c06-47c9-b4c4-a60f19579de2",2026-09-20T09:37:01.131Z,2026-09-27T18:57:14.024Z
212,BRC-214,="214",Ahmed fuaad ,fuaadjubs@gmail.com,="9741305447",="9741305447",="+919741305447",="18",Male,Mangalore ,="9741305447",,,Instagram,XL,paid,PAID ENTRY,="300",,="0",,paid,="order_TeFUezPTuA9qqR",="pay_TeFUjuXdaV2n0l",3,="phase3",balipu-x-aloysius,Balipu x Aloysius,true,false,,,="2a958439-6d33-419c-a751-fde12060710c",2026-09-20T09:54:39.956Z,2026-09-20T09:55:58.892Z
213,BRC-215,="215",Nuzaif lanka,nuzaiflanka11@gmail.com,="7204025109",="7204025109",="+917204025109",="18",Male,Mangalore ,="7204025109",,,Instagram,M,paid,PAID ENTRY,="300",,="0",,paid,="order_TeFa20kOxv7g0N",="pay_TeFa64x6EBs6kW",3,="phase3",balipu-x-aloysius,Balipu x Aloysius,true,false,,,="06e0c1d1-01c8-489b-90ff-d5206dca49bd",2026-09-20T09:59:45.046Z,2026-09-20T10:03:12.955Z
214,BRC-216,="216",Ayush Poojary ,poojaryayush1234@gmail.com,="9606684687",="9606684687",="+919606684687",="23",Male,Mangalore,="9964666755",,,Instagram,L,paid,PAID ENTRY,="300",,="0",,paid,="order_TeHjCZ7tr7mHLY",="pay_TeHjJEyMaY4Xe0",3,="phase3",balipu-x-aloysius,Balipu x Aloysius,true,false,,,="69fe035a-7b7e-4315-b165-85804fded5ef",2026-09-20T12:05:49.156Z,2026-09-20T12:06:59.525Z
215,BRC-217,="217",Shubham ,shubhamuchil33@gmail.com,="9606946719",="9606946719",="+919606946719",="16",Male,Mangalore,="9741662798",,,Friend / Family,L,paid,PAID ENTRY,="300",,="0",,paid,="order_TeHtoxWnB2QZR5",="pay_TeHttYB7OTTzGB",3,="phase3",balipu-x-aloysius,Balipu x Aloysius,true,false,,,="32b900f6-4550-4024-979c-0d9379c1c752",2026-09-20T12:15:52.328Z,2026-09-20T12:20:39.644Z
216,BRC-218,="218",Drishti devanand ,drishti7002@gmail.com,="9591451644",="9591451644",="+919591451644",="18",Female,Mangalore ,="9964641644",,,Instagram,S,paid,PAID ENTRY,="300",,="0",,paid,="order_TeIwoWdGL3usXw",="pay_TeIxATyOxtdhU7",3,="phase3",balipu-x-aloysius,Balipu x Aloysius,true,false,,,="b4bc52b9-fc52-46dc-82ff-7874811bd466",2026-09-20T13:17:23.941Z,2026-09-20T13:20:05.530Z
217,BRC-219,="219",Shravya Sanjana ,shravysanjan777@gmail.com,="8431309022",="8431309022",="+918431309022",="20",Female,Mangaluru ,="8618036285",,,Friend / Family,M,paid,PAID ENTRY,="300",,="0",,paid,="order_TeJ3VEINpRY6vA",="pay_TeJ3nHMQrGanff",3,="phase3",balipu-x-aloysius,Balipu x Aloysius,true,false,,,="ef850df4-8c0c-4d0b-a375-62b4f8caf3c8",2026-09-20T13:23:43.864Z,2026-09-20T13:26:42.664Z
218,BRC-220,="220",Chiraag Chandan,chiraag767@gmail.com,="8618036285",="8618036285",="+918618036285",="15",Male,Mangaluru ,="8431309022",,,Friend / Family,L,paid,PAID ENTRY,="300",,="0",,paid,="order_TeJ7lK4WGmPNkM",="pay_TeJ7y1EBcG1ttU",3,="phase3",balipu-x-aloysius,Balipu x Aloysius,true,false,,,="c13c9056-15a8-4e84-a5e8-1aa5e3ebbdc4",2026-09-20T13:27:45.814Z,2026-09-20T13:30:35.267Z
219,BRC-221,="221",Vedanth Kayangala,vedanthvk64@gmail.com,="9164736464",="9164736464",="+919164736464",="24",Male,Mangaluru,="9986104243",,,Instagram,L,paid,PAID ENTRY,="300",,="0",,paid,="order_TeJDUcALITs9h7",="pay_TeJDeP7jfRo2Jb",3,="phase3",balipu-x-aloysius,Balipu x Aloysius,true,false,,,="24bdb363-2682-4984-a552-0089fd1e6722",2026-09-20T13:33:11.311Z,2026-09-20T13:34:47.622Z
220,BRC-222,="222",Vivan S Shetty,vivansagarshetty973@gmail.com,="9513234020",="9513234020",="+919513234020",="15",Male,Mangaluru,="9739004002",,,Instagram,L,paid,PAID ENTRY,="300",,="0",,paid,="order_TeJYhs1s6MBsn0",="pay_TeJYo5HyWgfSw4",3,="phase3",balipu-x-aloysius,Balipu x Aloysius,true,false,,,="20e3fd07-f9b6-446a-8fea-856eb69a4272",2026-09-20T13:53:16.251Z,2026-09-20T13:54:38.697Z
221,BRC-223,="223",Kaneekka Jain ,kaneekka.jain13@gmail.com,="9845252101",="9845252101",="+919845252101",="16",Female,Mangaluru,="9945095190",,,Friend / Family,S,paid,PAID ENTRY,="300",,="0",,paid,="order_TeJeCi7Afvzx80",="pay_TeJeJq5Cogm1ia",3,="phase3",balipu-x-aloysius,Balipu x Aloysius,true,false,,,="300a8941-eba4-4f34-9305-482b7d96ea3c",2026-09-20T13:58:28.513Z,2026-09-20T13:59:17.811Z
222,BRC-224,="224",Venish Ristan,venishristan@gmail.com,="7204157288",="7204157288",="+917204157288",="16",Male,Mangalore ,="9606715177",,,Instagram,XXL,paid,PAID ENTRY,="300",,="0",,paid,="order_TeJgwwZzxTnvXA",="pay_TeJh0vulLBkRUR",3,="phase3",balipu-x-aloysius,Balipu x Aloysius,true,false,,,="ca1d6da0-7e33-408b-a05f-31dd59bde37a",2026-09-20T14:01:04.463Z,2026-09-20T14:01:53.691Z
223,BRC-225,="225",Likith Raj M S,likithrajms@gmail.com,="9900244269",="9900244269",="+919900244269",="18",Male,Mangaluru,="9900244269",,,Instagram,L,paid,PAID ENTRY,="300",,="0",,paid,="order_TeJgvRVXWAAzaJ",="pay_TeJh5RQlseHFg7",3,="phase3",balipu-x-aloysius,Balipu x Aloysius,true,false,,,="18408e30-e170-47c8-9770-a1df8bd4d088",2026-09-20T14:01:03.089Z,2026-09-20T14:02:17.900Z
224,BRC-226,="226",MARK EMMANUEL SOANS,marksoans89@gmail.com,="7019689584",="7019689584",="+917019689584",="19",Male,Mangaluru,="9632572234",,,College,M,paid,PAID ENTRY,="300",,="0",,paid,="order_TeJeYvrh9FRUn2",="pay_TeJfYi3vYLsShP",3,="phase3",balipu-x-aloysius,Balipu x Aloysius,true,false,,,="e7554ce4-da9c-4150-9802-d8208f6f3a21",2026-09-20T13:58:48.866Z,2026-09-20T14:04:02.398Z
225,BRC-227,="227",Sohan Kumar ,sohankumar261118@gmail.com,="8971507366",="8971507366",="+918971507366",="19",Male,Mangalore,="8971507366",,,Instagram,S,paid,PAID ENTRY,="300",,="0",,paid,="order_TeJiO0JfrIrL2R",="pay_TeJiSb1NomQZNj",3,="phase3",balipu-x-aloysius,Balipu x Aloysius,true,false,,,="2071b909-5999-4764-b5ac-d96ea3d726c4",2026-09-20T14:02:26.053Z,2026-09-20T14:07:22.917Z
226,BRC-228,="228",Shivin,shivinjha@gmail.com,="7204247546",="7204247546",="+917204247546",="16",Male,Mangalore ,="7624847546",,,Friend / Family,S,paid,PAID ENTRY,="300",,="0",,paid,="order_TeJx4cQ3CgZDDe",="pay_TeJxi7lyVODkzu",3,="phase3",balipu-x-aloysius,Balipu x Aloysius,true,false,,,="f623cab1-a355-4d59-b74c-3f09663038ec",2026-09-20T14:16:20.298Z,2026-09-20T14:18:10.223Z
227,BRC-229,="229",Neil Pretth,neilsaldanha2003@gmail.com,="6361305462",="6361305462",="+916361305462",="22",Male,Mangaluru,="6361305462",,,Instagram,L,paid,PAID ENTRY,="300",,="0",,paid,="order_TeK1mc4fNGwCYo",="pay_TeK1qdHqSvVyiE",3,="phase3",balipu-x-aloysius,Balipu x Aloysius,true,false,,,="14784db7-e2f0-4985-a777-6383366a5484",2026-09-20T14:20:47.802Z,2026-09-20T14:21:40.089Z
228,BRC-230,="230",Neil N,neilsaldanha2003@gmail.com,="6361305462",="6361305462",="+916361305462",="21",Male,Mangaluru,="6361305462",,,Instagram,L,paid,PAID ENTRY,="300",,="0",,paid,="order_TeK4JCAVFIIRMC",="pay_TeK4N8dFVLrJOE",3,="phase3",balipu-x-aloysius,Balipu x Aloysius,true,false,,,="c6a87065-2909-4a50-a84f-715f63b5e973",2026-09-20T14:23:11.253Z,2026-09-20T14:24:18.091Z
229,BRC-231,="231",ANURAG,anuragajith31@gmail.com,="7795281139",="7795281139",="+917795281139",="21",Male,Mangalore,="9980399721",,,Friend / Family,XL,paid,PAID ENTRY,="300",,="0",,paid,="order_TeKBLJB4Tw6gmI",="pay_TeKBTXuI8GsAwG",3,="phase3",balipu-x-aloysius,Balipu x Aloysius,true,false,,,="d4dc7591-8f6f-43d9-acd0-2249801db4e8",2026-09-20T14:29:50.790Z,2026-09-20T14:30:42.590Z
230,BRC-232,="232",Andrea,andreapearl741@gmail.com,="9008471389",="9008471389",="+919008471389",="17",Female,Mangalore ,="7348951389",,,Instagram,M,paid,PAID ENTRY,="300",,="0",,paid,="order_TeKCH7hf2f1780",="pay_TeKCTrLXaIb1YJ",3,="phase3",balipu-x-aloysius,Balipu x Aloysius,true,false,,,="651da304-b2cd-456a-9d5f-b3f591baefe4",2026-09-20T14:30:43.764Z,2026-09-20T14:32:14.396Z
231,BRC-233,="233",Aryamann M,aryamannm8044@gmail.com,="6361071310",="6361071310",="+916361071310",="18",Male,Mangalore,="9845449466",,,Friend / Family,M,paid,PAID ENTRY,="300",,="0",,paid,="order_TeKWBjNgKh9qZW",="pay_TeKWFv7DXDytKq",3,="phase3",balipu-x-aloysius,Balipu x Aloysius,true,false,,,="1eb18db0-b028-49de-821f-f91ffcc8f050",2026-09-20T14:49:34.821Z,2026-09-20T14:50:53.478Z
232,BRC-234,="234",Ayush Shetty ,sahanaayu717@gmail.com,="8618105875",="8618105875",="+918618105875",="14",Male,Surathkal ,="9986368823",,,Instagram,S,paid,PAID ENTRY,="300",,="0",,paid,="order_TeKpxYEWjWmLi9",="pay_TeKq5tahuS3wsp",3,="phase3",balipu-x-aloysius,Balipu x Aloysius,true,false,,,="10d4f758-1e6e-4401-86e2-f8fc51c384ca",2026-09-20T15:08:17.834Z,2026-09-20T15:10:23.930Z
233,BRC-235,="235",Ayush HS,ayushhspoojary@gmail.com,="8618579468",="8618579468",="+918618579468",="17",Male,Mangalore ,="9008046071",,,Instagram,XXL,paid,PAID ENTRY,="300",,="0",,paid,="order_TeKyRKG88xFRnP",="pay_TeKz4ktmFR1JDp",3,="phase3",balipu-x-aloysius,Balipu x Aloysius,true,false,,,="9a97f853-7a22-4ac8-96a0-283f8da14bd2",2026-09-20T15:16:19.516Z,2026-09-27T18:57:17.925Z
234,BRC-236,="236",Vaishnavi Amin ,Vaishnaviamin62@gmail.com,="8971446288",="8971446288",="+918971446288",="16",Female,Mangalore ,="9900254196",,,Friend / Family,M,paid,PAID ENTRY,="300",,="0",,paid,="order_TeL1ekpIIQnCRT",="pay_TeL1jnhtRxhtvz",3,="phase3",balipu-x-aloysius,Balipu x Aloysius,true,false,,,="c2101b76-18a4-4264-8675-21579f5d0916",2026-09-20T15:19:22.220Z,2026-09-20T15:22:17.599Z
235,BRC-237,="237",Deepak raj,sahanayu77@yahoo.com,="8971981485",="8971981485",="+918971981485",="44",Male,Surathkal,="9986368823",,,Instagram,L,paid,PAID ENTRY,="300",,="0",,paid,="order_TeLVZ2CDXssZMl",="pay_TeLVdbgqwoJlqz",3,="phase3",balipu-x-aloysius,Balipu x Aloysius,true,false,,,="fd3d00fc-eab7-4b60-8df0-7db20fea48f3",2026-09-20T15:47:40.983Z,2026-09-20T15:48:40.105Z
236,BRC-238,="238",Prajwal H Suvarna,prajwalhsuvarna@gmail.com,="8618960926",="8618960926",="+918618960926",="24",Male,Udupi,="9964586087",,,Instagram,L,paid,PAID ENTRY,="300",,="0",,paid,="order_TeLfJNUdc9Chm9",="pay_TeLfUYALJSmS4Q",3,="phase3",balipu-x-aloysius,Balipu x Aloysius,true,false,,,="692c48a9-7781-40c4-bb66-05a4e16b91e3",2026-09-20T15:56:54.642Z,2026-09-20T15:58:40.076Z
237,BRC-239,="239",Vir surana,virsurana56@gmail.com,="8217812882",="8217812882",="+918217812882",="15",Male,Mangalore,="9916310071",,,Friend / Family,M,paid,PAID ENTRY,="300",,="0",,paid,="order_TeLrlO1jZZZkQv",="pay_TeLrogXF5FcMrk",3,="phase3",balipu-x-aloysius,Balipu x Aloysius,true,false,,,="ba578e6b-c185-4170-b9f6-0e661ea383eb",2026-09-20T16:08:41.925Z,2026-09-20T16:09:55.326Z
238,BRC-240,="240",MANOJ KUMAR,manojkumarpanambur@gmail.com,="8892999393",="8892999393",="+918892999393",="32",Male,Mangaluru,="9113067774",,,Friend / Family,M,paid,PAID ENTRY,="300",,="0",,paid,="order_TeLtlNBr7kSAHF",="pay_TeLtrIb13LtHNz",3,="phase3",balipu-x-aloysius,Balipu x Aloysius,true,false,,,="3aff00fe-e447-4f3a-b560-f457271d17d3",2026-09-20T16:10:35.496Z,2026-09-20T16:13:20.018Z
239,BRC-241,="241",Namitha Kharvi,namithakharvi22@gmail.com,="6360030960",="6360030960",="+916360030960",="19",Female,Mangalore ,="78994 63877",,,Instagram,L,paid,PAID ENTRY,="300",,="0",,paid,="order_TeM5ldGhQzDLgB",="pay_TeM5q9y9NCl3j8",3,="phase3",balipu-x-aloysius,Balipu x Aloysius,true,false,,,="b1833597-f9c1-44bb-8be4-2a61641596bd",2026-09-20T16:21:57.335Z,2026-09-20T16:23:04.869Z
240,BRC-242,="242",Anshul y suvarna ,anshulysuvarna@gmail.com,="7204532101",="7204532101",="+917204532101",="17",Male,Mangalore ,="9986500492",,,Instagram,M,paid,PAID ENTRY,="300",,="0",,paid,="order_TeMBAIjJ8qu1YC",="pay_TeMBKVpyo5msUk",3,="phase3",balipu-x-aloysius,Balipu x Aloysius,true,false,,,="8b00e746-4115-40ee-b68e-a8d9b047c36b",2026-09-20T16:27:03.947Z,2026-09-20T16:28:30.017Z
241,BRC-243,="243",Ratnakar Maller,growthwithratnakar@gmail.com,="9731106589",="9731106589",="+919731106589",="26",Male,Mangalore,="9731106580",,,Previous Balipu Event,L,paid,PAID ENTRY,="300",,="0",,paid,="order_TeNqTa7pu9itw9",="pay_TeNquS318JzUdw",3,="phase3",balipu-x-aloysius,Balipu x Aloysius,true,false,,,="25f61103-6c30-4828-9db4-dcd473650b38",2026-09-20T18:04:52.023Z,2026-09-27T18:57:22.022Z
242,BRC-244,="244",Mukesh kotian,mukeshkotianr15@gmail.com,="7259913015",="7259913015",="+917259913015",="36",Male,Udupi,="9900584038",,,WhatsApp,XXL,paid,PAID ENTRY,="300",,="0",,paid,="order_TeYAGEW857qBIg",="pay_TeYAu0nyFGaF37",3,="phase3",balipu-x-aloysius,Balipu x Aloysius,true,false,,,="10f638ba-4b95-485b-9f2f-e45452f16d9e",2026-09-21T04:10:31.950Z,2026-09-27T18:57:26.076Z
243,BRC-245,="245",Varsha Mukesh,varsham655@gmail.com,="9900584038",="9900584038",="+919900584038",="32",Female,Udupi,="7259913015",,,Friend / Family,S,paid,PAID ENTRY,="300",,="0",,paid,="order_TeZnlTKquHAGTf",="pay_TeZnr1vpu4gVPs",3,="phase3",balipu-x-aloysius,Balipu x Aloysius,true,false,,,="205830cc-a44c-478e-a25d-4b37838ebc82",2026-09-21T05:46:37.403Z,2026-09-27T18:57:30.097Z
244,BRC-246,="246",Rashmi Manish ,rashmipoojary2792@gmail.com,="9902748086",="9902748086",="+919902748086",="33",Female,Udupi ,="9964057870",,,Friend / Family,XL,paid,PAID ENTRY,="300",,="0",,paid,="order_Tea7SqFAqx7ma1",="pay_Tea7ZHCAioXGdW",3,="phase3",balipu-x-aloysius,Balipu x Aloysius,true,false,,,="a224e1a2-70e5-4388-85e1-08ed229e8130",2026-09-21T06:05:16.327Z,2026-09-27T18:57:34.060Z
245,BRC-247,="247",Nikhil D K,nikhildk02@gmail.com,="9108880428",="9108880428",="+919108880428",="23",Male,Mangaluru ,="9108880428",,,Instagram,XL,paid,PAID ENTRY,="300",,="0",,paid,="order_TebTDSYCBI26jS",="pay_TebTL9lbVPEvNg",3,="phase3",balipu-x-aloysius,Balipu x Aloysius,true,false,,,="9a322e59-f980-4c19-bbab-f369586bd5d4",2026-09-21T07:24:33.460Z,2026-09-27T18:57:38.064Z
246,BRC-248,="248",Jeevitha Devadiga,jeevitha.d18@gmail.com,="9986766641",="9986766641",="+919986766641",="34",Female,Mangalore ,="9620470003",,,Friend / Family,XL,paid,PAID ENTRY,="300",,="0",,paid,="order_TeedtXXarwzK2A",="pay_Teee2OMtApgG1g",3,="phase3",balipu-x-aloysius,Balipu x Aloysius,true,false,,,="90399f54-ce64-4c85-9fd1-90116b79c5dc",2026-09-21T10:30:44.855Z,2026-09-27T18:57:42.117Z
247,BRC-249,="249",Keerthana ,keerthanakeethu1109@gmail.com,="8310875520",="8310875520",="+918310875520",="25",Female,Mangaluru,="7411658429",,,Instagram,M,paid,PAID ENTRY,="300",,="0",,paid,="order_Tef1ygWb9TWxl6",="pay_Tef258uiNeLqSv",3,="phase3",balipu-x-aloysius,Balipu x Aloysius,true,false,,,="e2df591d-e721-424c-a6a0-d951fefacc70",2026-09-21T10:53:32.772Z,2026-09-21T10:54:36.925Z
248,BRC-250,="250",Shashank K,shashankkulal01@gmail.com,="9019494610",="9019494610",="+919019494610",="22",Male,Mangaluru ,="9845416544",,,Friend / Family,XL,paid,PAID ENTRY,="300",,="0",,paid,="order_TehgdtHpM1oAWR",="pay_Tehgksxn3M88V1",3,="phase3",balipu-x-aloysius,Balipu x Aloysius,true,false,,,="0ba52b63-258f-4f2c-a391-3f938f3db0b1",2026-09-21T13:29:25.762Z,2026-09-27T18:57:46.121Z
249,BRC-251,="251",SAMRUDH,Sudhin.k@hotmail.com,="9901968228",="9901968228",="+919901968228",="15",Male,Sakthi nagar mangalore,="9901968228",,,Friend / Family,L,paid,PAID ENTRY,="300",,="0",,paid,="order_TejqAqObTh3FwU",="pay_TejqJeF13CasEW",3,="phase3",balipu-x-aloysius,Balipu x Aloysius,true,false,,,="2d891c74-86db-4397-89f4-8b98746361c3",2026-09-21T15:35:50.381Z,2026-09-21T15:43:05.802Z
250,BRC-252,="252",Dishal  v salian ,dishalsalian@gmail.com,="9113874082",="9113874082",="+919113874082",="17",Male,Mangaluru ,="7204532101",,,Instagram,M,paid,PAID ENTRY,="300",,="0",,paid,="order_TeuNrGenKHToOz",="pay_TeuNxV3nSPjc7g",3,="phase3",balipu-x-aloysius,Balipu x Aloysius,true,false,,,="5309a041-569b-498c-9fd3-36290b4807db",2026-09-22T01:54:39.804Z,2026-09-27T18:57:50.405Z
251,BRC-253,="253",Aebel Joseph Abhilash,abhithly@gmail.com,="96338 51879",="9633851879",="+919633851879",="18",Male,MANGALURU,="9747307470",,,College,L,paid,PAID ENTRY,="300",,="0",,paid,="order_TeuunfOvrg5w11",="pay_TeuuuDvjGQKyfd",3,="phase3",balipu-x-aloysius,Balipu x Aloysius,true,false,,,="1ea3e312-f53e-4721-8bfb-4e0ff5fcdf42",2026-09-22T02:25:50.910Z,2026-09-27T18:57:54.389Z
252,BRC-254,="254",DELMON J DMELLO,demellodelmon@gmail.com,="9902361297",="9902361297",="+919902361297",="31",Male,MANGALURU,="8217343981",,,Instagram,M,paid,PAID ENTRY,="300",,="0",,paid,="order_Tew5NCNLRgz8E1",="pay_Tew5RO62HERi6J",3,="phase3",balipu-x-aloysius,Balipu x Aloysius,true,false,,,="95c57cf6-cb18-47f1-89a2-43f9e9f56bb3",2026-09-22T03:34:33.081Z,2026-09-22T03:35:45.137Z
253,BRC-255,="255",Manohar s kulal,manu.mulki@gmail.com,="8660809119",="8660809119",="+918660809119",="37",Male,Manglore ,="7899862156",,,Friend / Family,L,paid,PAID ENTRY,="300",,="0",,paid,="order_TewGi9rjTYmgFl",="MANUAL_ADMIN_CONFIRM",3,="phase3",balipu-x-aloysius,Balipu x Aloysius,true,false,,,="f5acc094-f74c-4f7b-918a-312cea4a3bc4",2026-09-22T03:45:17.081Z,2026-09-22T09:38:31.331Z
254,BRC-256,="256",NITHIN,nithin.b17@gmail.com,="8277310034",="8277310034",="+918277310034",="34",Male,Mangaluru,="9741472003",,,WhatsApp,L,paid,PAID ENTRY,="300",,="0",,paid,="order_Tf3AOeAOITuaYM",="pay_Tf3ASbtMVAXGnh",3,="phase3",balipu-x-aloysius,Balipu x Aloysius,true,false,,,="6ef81ae4-a402-461c-a9ea-fd0bce8a6a82",2026-09-22T10:30:09.710Z,2026-09-27T18:57:58.325Z
255,BRC-257,="257",VEERESH ,physicaldirector121@gmail.com,="7624831402",="7624831402",="+917624831402",="24",Male,Mangalore ,="7624831402",,,Other,L,paid,PAID ENTRY,="210",="300",="90",VEER30,paid,="order_Tf6Vnkw4r9fTfi",="pay_Tf6Vw5PQP8UUWI",3,="phase3",balipu-x-aloysius,Balipu x Aloysius,true,false,,,="815a5ef5-9d84-4b46-9ce8-d875be4d1dda",2026-09-22T13:46:30.358Z,2026-09-27T18:58:02.315Z
256,BRC-258,="258",Niyati Karia,khushiniyati@gmail.com,="9164044660",="9164044660",="+919164044660",="18",Female,Mangalore,="9113624837",,,Instagram,S,paid,PAID ENTRY,="300",,="0",,paid,="order_Tf6ympL9wOiIG6",="pay_Tf6yujzSScWefE",3,="phase3",balipu-x-aloysius,Balipu x Aloysius,true,false,,,="12777f96-a890-4b14-ab8d-cacb8a3728dd",2026-09-22T14:13:56.724Z,2026-09-22T14:15:56.753Z
257,BRC-259,="259",Shashwaat s,sshashwath68@gmail.com,="6363970860",="6363970860",="+916363970860",="16",Male,MANGALORE,="9164349425",,,Instagram,XL,paid,PAID ENTRY,="300",,="0",,paid,="order_Tf7eSnhy148eo7",="pay_Tf7egNAolsnpSp",3,="phase3",balipu-x-aloysius,Balipu x Aloysius,true,false,,,="0d9046b3-8e9f-4e80-9ac1-ab79d09ccdbe",2026-09-22T14:53:23.981Z,2026-09-22T14:56:00.419Z
258,BRC-260,="260",Aaron Antony Dsouza,aaronantonydsouza@gmail.com,="9980136065",="9980136065",="+919980136065",="15",Male,Mangalore ,="9980136065",,,Friend / Family,S,paid,PAID ENTRY,="210",="300",="90",VEER30,paid,="order_Tf96ZxoURv9Ssl",="pay_Tf96lBI6EZ03j0",3,="phase3",balipu-x-aloysius,Balipu x Aloysius,true,false,,,="6eb8c71f-86df-4c7e-9cc4-6b49aed4bc01",2026-09-22T16:18:42.571Z,2026-09-27T18:58:06.222Z
259,BRC-261,="261",Praneetha ,praneethanp25@gmail.com,="9019381520",="9019381520",="+919019381520",="17",Female,Mangaluru,="+918451999110",,,Instagram,L,paid,PAID ENTRY,="300",,="0",,paid,="order_Tf9VwQ8fq098KB",="pay_Tf9W5X3l4WuISD",3,="phase3",balipu-x-aloysius,Balipu x Aloysius,true,false,,,="7c5cec7e-9480-4444-a701-37dd615e89e2",2026-09-22T16:42:43.189Z,2026-09-27T18:58:10.269Z
260,BRC-262,="262",Joyston lobo,joystonlobo24@gmail.com,="9606271711",="9606271711",="+919606271711",="16",Male,Manglore,="9620828050",,,Instagram,L,paid,PAID ENTRY,="300",,="0",,paid,="order_Tf9dN11oKoqRMN",="pay_Tf9dRvn8YiW5Yb",3,="phase3",balipu-x-aloysius,Balipu x Aloysius,true,false,,,="4b6859c4-6ddb-42b7-9e52-deecd49a25ba",2026-09-22T16:49:45.121Z,2026-09-27T18:58:14.424Z
261,BRC-263,="263",NISHITH AMIN,nishithamin000.na@gmail.com,="6361018892",="6361018892",="+916361018892",="28",Male,Mangalore,="6361018892",,,WhatsApp,XL,paid,PAID ENTRY,="300",,="0",,paid,="order_TfHhDtt81DKG3Y",="pay_TfHhN8jdy1lBJ2",3,="phase3",balipu-x-aloysius,Balipu x Aloysius,true,false,,,="38b968cd-5b04-4fd8-9603-4f4992fd07f1",2026-09-23T00:42:56.880Z,2026-09-27T18:58:18.293Z
262,BRC-264,="264",Vea Jovita Mascarenhas,veamascarenhas@gmail.com,="8867618355",="8867618355",="+918867618355",="22",Female,MANGALURU,="+91 63613 36454",,,Instagram,M,paid,PAID ENTRY,="210",="300",="90",VEER30,paid,="order_TfMzwEFKImmOJ2",="pay_TfN0GE6dgANWGz",3,="phase3",balipu-x-aloysius,Balipu x Aloysius,true,false,,,="346ca72c-5d18-45f1-8540-3ca8bf226d55",2026-09-23T05:54:07.972Z,2026-09-23T05:56:13.866Z
263,BRC-265,="265",Jane Maria Saldanha,veamascarenhas@gmail.com,="9886598900",="9886598900",="+919886598900",="53",Female,MANGALURU,="8867618355",,,Friend / Family,M,paid,PAID ENTRY,="210",="300",="90",VEER30,paid,="order_TfN6U1HdAT1xGK",="pay_TfN6jB6Ew7y0rj",3,="phase3",balipu-x-aloysius,Balipu x Aloysius,true,false,,,="21a2438f-d1b1-49ab-ac47-2387c39a1cce",2026-09-23T06:00:19.720Z,2026-09-23T06:01:21.473Z
264,BRC-266,="266",Vibha Jonina Mascarenhas,veamascarenhas@gmail.com,="8867629813",="8867629813",="+918867629813",="19",Female,MANGALURU,="8867618355",,,Instagram,L,paid,PAID ENTRY,="210",="300",="90",VEER30,paid,="order_TfN8NA4eCs650Y",="pay_TfN8ZK95hS0B5D",3,="phase3",balipu-x-aloysius,Balipu x Aloysius,true,false,,,="01b7235a-28df-497f-814d-03d3701e2303",2026-09-23T06:02:07.041Z,2026-09-23T06:03:17.711Z
265,BRC-267,="267",Johnson Dsouza,johndsouza2452@gmail.com,="8088491473",="8088491473",="+918088491473",="20",Male,Mangalore ,="8088491473",,,Friend / Family,XXL,paid,PAID ENTRY,="210",="300",="90",VEER30,paid,="order_TfNTVYbdDwvBY3",="pay_TfNTye9mPypjFR",3,="phase3",balipu-x-aloysius,Balipu x Aloysius,true,false,,,="bf2c2124-653f-41c1-bf6d-c0464b27b3e2",2026-09-23T06:22:07.543Z,2026-09-23T06:23:46.510Z
266,BRC-268,="268",Lizzie Theresa Pinto,pintoj65y@gmail.com,="82770 50069",="8277050069",="+918277050069",="57",Female,MANGALURU,="8867618355",,,Friend / Family,L,paid,PAID ENTRY,="210",="300",="90",VEER30,paid,="order_TfNVOHl3UjfaKa",="pay_TfNVYLVTl8vHts",3,="phase3",balipu-x-aloysius,Balipu x Aloysius,true,false,,,="2c736283-e208-44da-9ccf-5793c4cbce79",2026-09-23T06:23:54.473Z,2026-09-23T06:24:36.884Z
267,BRC-269,="269",Vinaya Mascarenhas,veamascarenhas@gmail.com,="9035447595",="9035447595",="+919035447595",="52",Male,Mangaluru,="9886598900",,,Friend / Family,XL,paid,PAID ENTRY,="210",="300",="90",VEER30,paid,="order_TfNXEyiy30kl3J",="pay_TfNXRHFtkkhNLd",3,="phase3",balipu-x-aloysius,Balipu x Aloysius,true,false,,,="f4147423-62c8-41e1-a8da-b0a104a5a5d2",2026-09-23T06:25:39.573Z,2026-09-23T06:26:39.230Z
268,BRC-270,="270",Anand Baliga,abaliga09@gmail.com,="94483 06746",="9448306746",="+919448306746",="25",Male,Mangaluru,="+91 63613 36454",,,Instagram,M,paid,PAID ENTRY,="210",="300",="90",VEER30,paid,="order_TfNmch7i8Thcw0",="pay_TfNmlwM4vEapbd",3,="phase3",balipu-x-aloysius,Balipu x Aloysius,true,false,,,="1d7e542b-95b6-417f-924c-af34cc8e741a",2026-09-23T06:40:13.279Z,2026-09-23T06:40:49.259Z
269,BRC-271,="271",Jostol Len Pinto,jostolpinto2001@gmail.com,="63613 36454",="6361336454",="+916361336454",="25",Male,Mangaluru,="8867618355",,,Instagram,XXL,paid,PAID ENTRY,="210",="300",="90",VEER30,paid,="order_TfO4lBiCrn3ZUm",="pay_TfO56Xi2OGhF1Q",3,="phase3",balipu-x-aloysius,Balipu x Aloysius,true,false,,,="865b322b-411f-4114-a86b-2d7e9b185905",2026-09-23T06:57:23.470Z,2026-09-23T06:59:39.555Z
270,BRC-272,="272",Shoury sundeep Sunder,shauryasunder82@gmail.com,="9593135451",="9593135451",="+919593135451",="19",Male,Mangalore ,="7908727055",,,College,L,paid,PAID ENTRY,="300",,="0",,paid,="order_TfOzKtW6dq6P9Z",="pay_TfOzaB70twYfMj",3,="phase3",balipu-x-aloysius,Balipu x Aloysius,true,false,,,="579f0602-54de-48d1-991d-75f0a470cde8",2026-09-23T07:50:57.000Z,2026-09-27T18:58:22.171Z
271,BRC-273,="273",Rithesh N,ritheshn1997@gmail.com,="7353722949",="7353722949",="+917353722949",="29",Male,Mangalore ,="7829622949",,,Friend / Family,L,paid,PAID ENTRY,="210",="300",="90",VEER30,paid,="order_TfPIKh4GVxKD5v",="pay_TfPITT6jLkHjmj",3,="phase3",balipu-x-aloysius,Balipu x Aloysius,true,false,,,="8da9a1e5-aafc-421d-a337-fa5ddd0c128a",2026-09-23T08:08:56.009Z,2026-09-23T08:12:20.365Z
272,BRC-274,="274",Renita Dsza,renitadsouza97156@gmail.com,="9663347984",="9663347984",="+919663347984",="23",Female,MANGALURU,="9035561950",,,Instagram,M,paid,PAID ENTRY,="210",="300",="90",VEER30,paid,="order_TfQpiPVHRBoFWC",="pay_TfQq7HcHJU9VL3",3,="phase3",balipu-x-aloysius,Balipu x Aloysius,true,false,,,="791510cb-1a70-401d-b484-28c22626c63c",2026-09-23T09:39:13.769Z,2026-09-27T18:58:26.067Z
273,BRC-275,="275",Kshitij R K,pramila8413@gmail.com,="8296205419",="8296205419",="+918296205419",="15",Male,Mangaluru ,="8296205419",,,Friend / Family,M,paid,PAID ENTRY,="210",="300",="90",VEER30,paid,="order_TfS0rOtVMIWG4O",="pay_TfS18mpGA3dOrX",3,="phase3",balipu-x-aloysius,Balipu x Aloysius,true,false,,,="78edcbb5-5237-4bc9-8b24-0ee6da9a5281",2026-09-23T10:48:28.423Z,2026-09-27T18:58:30.017Z
274,BRC-276,="276",Sherry Ashna Gangera,sherryashna@gmail.com,="8217595429",="8217595429",="+918217595429",="27",Female,Mangaluru,="8971352869",,,Instagram,S,paid,PAID ENTRY,="210",="300",="90",VEER30,paid,="order_TfTKXPRRyXtVqn",="pay_TfTKm4k5do7GJe",3,="phase3",balipu-x-aloysius,Balipu x Aloysius,true,false,,,="e6a4a6b4-8a1a-48c1-b0c1-7ace9dba105a",2026-09-23T12:05:47.719Z,2026-09-27T18:58:33.904Z
275,BRC-277,="277",Vidya S,vidyashashank@gmail.com,="8310996323",="8310996323",="+918310996323",="26",Female,Mangaluru,="9901685817",,,Instagram,M,paid,PAID ENTRY,="210",="300",="90",VEER30,paid,="order_TfTNvx1AcyiYF3",="pay_TfTO7vd5JPDLrR",3,="phase3",balipu-x-aloysius,Balipu x Aloysius,true,false,,,="816a47e0-d355-4ba5-bdc1-041c5610e4db",2026-09-23T12:09:00.605Z,2026-09-27T18:58:37.854Z
276,BRC-278,="278",Arush lathish lasrado,arushlasrado123@gmail.com,="8971549092",="8971549092",="+918971549092",="15",Male,Mangaluru,="9880777916",,,Instagram,L,paid,PAID ENTRY,="300",,="0",,paid,="order_TfTNGPdvRH9C5h",="pay_TfTNTm4QBYTPd7",3,="phase3",balipu-x-aloysius,Balipu x Aloysius,true,false,,,="713c3af3-0e2a-48c7-88e8-06515b405862",2026-09-23T12:08:22.549Z,2026-09-23T12:12:46.392Z
277,BRC-279,="279",Aryan salian,aryansalian11@gmail.com,="9980437521",="9980437521",="+919980437521",="15",Male,Mangaluru ,="9901572467",,,Instagram,M,paid,PAID ENTRY,="210",="300",="90",VEER30,paid,="order_TfTfptpJVhuVDV",="pay_TfTg0TgVvrPb6r",3,="phase3",balipu-x-aloysius,Balipu x Aloysius,true,false,,,="76de0776-fcec-4b4f-bc24-9d7b75e432eb",2026-09-23T12:25:57.465Z,2026-09-27T18:58:41.753Z
278,BRC-280,="280",Aaston lobo ,loboaaston@gmail.com,="7411370147",="7411370147",="+917411370147",="15",Male,Mangalore,="7411370147",,,Other,S,paid,PAID ENTRY,="210",="300",="90",VEER30,paid,="order_TfU2ams2kmPQr7",="pay_TfU43PvDJbaWVn",3,="phase3",balipu-x-aloysius,Balipu x Aloysius,true,false,,,="54c115cd-4d6f-424e-84cd-a014b2030313",2026-09-23T12:47:30.025Z,2026-09-27T18:58:45.565Z
279,BRC-281,="281",OMKARESH Rao,omkaresh2125@gmail.com,="06360598171",="06360598171",="+916360598171",="26",Male,mangaluru ,="9448669928",,,WhatsApp,XL,paid,PAID ENTRY,="210",="300",="90",VEER30,paid,="order_TfU6zWdrZsVz81",="pay_TfU79bKDRCVx3Q",3,="phase3",balipu-x-aloysius,Balipu x Aloysius,true,false,,,="f28c89fc-ba8b-489e-8d45-57076f5ec479",2026-09-23T12:51:39.886Z,2026-09-27T18:58:49.942Z
280,BRC-282,="282",Rithwik ,soumyathulsidas@gmail.com,="9036737374",="9036737374",="+919036737374",="16",Male,Mangalore ,="9980758414",,,Instagram,L,paid,PAID ENTRY,="210",="300",="90",VEER30,paid,="order_TfUk7Pl0RUGmTt",="pay_TfUkZg0UpcxvUg",3,="phase3",balipu-x-aloysius,Balipu x Aloysius,true,false,,,="5672a0d4-ceff-413e-a8c0-ffc43403d097",2026-09-23T13:28:42.324Z,2026-09-23T13:32:56.977Z
281,BRC-283,="283",DT Sunil,Sunilkumardt47@gmail.com,="8618096106",="8618096106",="+918618096106",="27",Male,Bajal,="7353722949",,,Friend / Family,L,paid,PAID ENTRY,="210",="300",="90",VEER30,paid,="order_TfVdTPv7iMSgO3",="pay_TfVdsuFl81GLv7",3,="phase3",balipu-x-aloysius,Balipu x Aloysius,true,false,,,="81f19d2e-b72f-4084-9882-992dc05f5c55",2026-09-23T14:21:06.502Z,2026-09-23T14:22:23.305Z
282,BRC-284,="284",Raoul Samuel Noronha ,raoulsnoronha@gmail.com,="9449510239",="9449510239",="+919449510239",="24",Male,Mangaluru ,="9448836001",,,Friend / Family,XXL,paid,PAID ENTRY,="270",="300",="30",10JSBALIPU,paid,="order_TfVkeirdVnmbRj",="pay_TfVkjjGXzSPHs5",3,="phase3",balipu-x-aloysius,Balipu x Aloysius,true,false,,,="b10de39c-5215-451c-9bbf-82f679202494",2026-09-23T14:27:54.455Z,2026-09-23T14:29:00.809Z
283,BRC-285,="285",Ranjith B K,ranjithkumble34@gmail.com,="7483075660",="7483075660",="+917483075660",="24",Male,Mangaluru,="7975716182",,,Instagram,L,paid,PAID ENTRY,="270",="300",="30",10JSBALIPU,paid,="order_TfVkdPGK6lcCpl",="pay_TfVkkJLnmvOo3M",3,="phase3",balipu-x-aloysius,Balipu x Aloysius,true,false,,,="a2dca184-14d4-42c4-92ba-a424365b5cd7",2026-09-23T14:27:53.294Z,2026-09-23T14:30:51.261Z
284,BRC-286,="286",Yajnesh,Yajneshusa@gmail.com,="8073876592",="8073876592",="+918073876592",="27",Male,Mangalore ,="7353722949",,,Friend / Family,L,paid,PAID ENTRY,="210",="300",="90",VEER30,paid,="order_TfWP88z3uvR5dp",="pay_TfWPIeSRwOS0Eb",3,="phase3",balipu-x-aloysius,Balipu x Aloysius,true,false,,,="6517ca2d-f6ae-413b-b5ce-337afe95e674",2026-09-23T15:06:13.427Z,2026-09-27T18:58:55.140Z
285,BRC-287,="287",Pradhan  p ,pradhanp1610@gmail.com,="7337694881",="7337694881",="+917337694881",="14",Male,Mangalore,="9480288886",,,Instagram,M,paid,PAID ENTRY,="210",="300",="90",VEER30,paid,="order_TfWfpDjaanENej",="pay_TfWfw89tSE4lBi",3,="phase3",balipu-x-aloysius,Balipu x Aloysius,true,false,,,="0c4c2b1d-af20-426b-99ac-dd047c1c1969",2026-09-23T15:22:01.691Z,2026-09-23T15:23:22.798Z
286,BRC-288,="288",Varun Gowda,varunfab06@gmail.com,="8722265430",="8722265430",="+918722265430",="20",Male,Mangaluru,="7899463557",,,Instagram,M,paid,PAID ENTRY,="300",,="0",,paid,="order_TfX4HaHYf9ikeU",="pay_TfX4UKqpjzA6K7",3,="phase3",balipu-x-aloysius,Balipu x Aloysius,true,false,,,="dad7f18d-6a0c-4ca7-994b-f2183542dc5f",2026-09-23T15:45:10.887Z,2026-09-23T15:46:50.415Z
287,BRC-289,="289",Gagan shetty,shettygagan382@gmail.com,="8147038814",="8147038814",="+918147038814",="16",Male,Mangalore ,="9743705516",,,Friend / Family,M,paid,PAID ENTRY,="210",="300",="90",VEER30,paid,="order_TfXAM5LtoOiSyL",="pay_TfXASkqoHX5P9A",3,="phase3",balipu-x-aloysius,Balipu x Aloysius,true,false,,,="c8c139ed-88e6-461d-898e-64cf64b1051c",2026-09-23T15:50:55.799Z,2026-09-23T15:56:28.720Z
288,BRC-290,="290",Shivang D,shivangd6735@gmail.com,="9741849688",="9741849688",="+919741849688",="14",Male,Mangaluru,="9900416618",,,Instagram,M,paid,PAID ENTRY,="210",="300",="90",VEER30,paid,="order_TfXnPTo2TyYOL7",="pay_TfXnVjoZaKjBD1",3,="phase3",balipu-x-aloysius,Balipu x Aloysius,true,false,,,="90bb3ac6-7ff2-4876-bc5b-d115c5167f11",2026-09-23T16:27:54.118Z,2026-09-23T16:29:06.143Z
289,BRC-291,="291",Mithun K,mithunkulal1712@gmail.com,="6363336915",="6363336915",="+916363336915",="25",Male,Mangaluru ,="9019494610",,,Friend / Family,XL,paid,PAID ENTRY,="300",,="0",,paid,="order_TfXpcKQlvjVso2",="pay_TfXphwJN93kEGG",3,="phase3",balipu-x-aloysius,Balipu x Aloysius,true,false,,,="89815784-e0b3-40cd-bd87-bf2e5c5831a3",2026-09-23T16:29:59.496Z,2026-09-23T16:35:15.024Z
290,BRC-292,="292",Varun Puthran,varunputhran6@gmail.com,="08904278464",="08904278464",="+918904278464",="29",Male,Mangalore,="6364856128",,,Friend / Family,XL,paid,PAID ENTRY,="300",,="0",,paid,="order_TfYIk85K1TDF9N",="pay_TfYIqQzosvRRgR",3,="phase3",balipu-x-aloysius,Balipu x Aloysius,true,false,,,="b824c5e3-4db0-475f-9adf-6b49992e6704",2026-09-23T16:57:33.844Z,2026-09-23T17:00:23.790Z
291,BRC-293,="293",Harshith Gowda,gowdaharshith534@gmail.com,="08971831302",="08971831302",="+918971831302",="17",Male,Mangalore ,="9740544302",,,WhatsApp,S,paid,PAID ENTRY,="300",,="0",,paid,="order_Tfitb1vvC6TuF3",="pay_Tfj5uS6E8XkVdI",3,="phase3",balipu-x-aloysius,Balipu x Aloysius,true,false,,,="617dd1ed-c3bb-4b23-a3f0-9292991118ef",2026-09-24T03:19:23.266Z,2026-09-24T03:33:05.213Z
292,BRC-294,="294",Prateeksha Janet Bangera,prateekshajanetbangera@gmail.com,="8088937650",="8088937650",="+918088937650",="22",Female,Mangaluru,="8867618355",,,Instagram,M,paid,PAID ENTRY,="210",="300",="90",VEER30,paid,="order_TfkGfn4AxqVg4L",="pay_TfkH2GusUBKkWc",3,="phase3",balipu-x-aloysius,Balipu x Aloysius,true,false,,,="14e6130b-c5f5-4caf-88b7-c37d53b10e21",2026-09-24T04:39:55.648Z,2026-09-27T18:58:59.202Z
293,BRC-295,="295",Aadya R A Singh,aadyarasingh@gmail.com,="9902747933",="9902747933",="+919902747933",="16",Female,Mangaluru,="9972639111",,,Friend / Family,S,paid,PAID ENTRY,="300",,="0",,paid,="order_TfqL0uQjN4v1pz",="pay_TfqL8Lpa5duEHw",3,="phase3",balipu-x-aloysius,Balipu x Aloysius,true,false,,,="78e66279-71c2-4d27-8461-01d7d0d4c0b5",2026-09-24T10:36:11.878Z,2026-09-24T10:38:30.308Z
294,BRC-296,="296",Lathika Devadiga ,plathika17@gmail.com,="9663952258",="9663952258",="+919663952258",="13",Female,Mangaluru,="7892051735",,,Friend / Family,S,paid,PAID ENTRY,="210",="300",="90",VEER30,paid,="order_TftvHcAQq0Jokp",="pay_TftvUhaDbuzrt3",3,="phase3",balipu-x-aloysius,Balipu x Aloysius,true,false,,,="3dd102bb-e6e1-42c0-b0b7-66f4f5746a64",2026-09-24T14:06:36.838Z,2026-09-24T14:11:42.196Z
295,BRC-297,="297",Ridvik Shetty ,shradha.12@gmail.com,="9980979438",="9980979438",="+919980979438",="13",Male,Mangalore ,="9449331705",,,Friend / Family,M,paid,PAID ENTRY,="210",="300",="90",VEER30,paid,="order_Tfu2iRRb21jN7O",="pay_Tfu2xRQLKCdw2C",3,="phase3",balipu-x-aloysius,Balipu x Aloysius,true,false,,,="77d8e706-e815-4f66-84fe-f371e0e81d89",2026-09-24T14:13:39.015Z,2026-09-24T14:15:25.579Z
296,BRC-298,="298",Shashikanth,shashikanthkompadavu05@gmail.com,="9945550138",="9945550138",="+919945550138",="26",Male,Mangalore,="9108795804",,,Friend / Family,L,paid,PAID ENTRY,="210",="300",="90",VEER30,paid,="order_TfuGLpFjHgmDB3",="pay_TfuGSmeSFGajV9",3,="phase3",balipu-x-aloysius,Balipu x Aloysius,true,false,,,="d47e5b37-6224-409a-a190-1ce43d303452",2026-09-24T14:26:33.506Z,2026-09-27T18:59:03.056Z
297,BRC-299,="299",Asha Suvarna ,ashasuvarna2000@gmail.com,="9535270817",="9535270817",="+919535270817",="44",Female,Udupi,="9900282267",,,Instagram,L,paid,PAID ENTRY,="300",,="0",,paid,="order_TfvqaBeLVc2VuX",="pay_TfvrBNmDtYCU3k",3,="phase3",balipu-x-aloysius,Balipu x Aloysius,true,false,,,="6bff7f3e-aeef-4927-b0c4-dcdc182eced0",2026-09-24T15:59:33.086Z,2026-09-24T16:03:00.165Z
298,BRC-300,="300",Aryansh ,ashasuvarna2000@gmail.com,="9535270817",="9535270817",="+919535270817",="10",Male,Udupi,="9900282266",,,Instagram,XS,paid,PAID ENTRY,="300",,="0",,paid,="order_TfvvHLQYRGHtnH",="pay_TfvvauDuP0MSQ9",3,="phase3",balipu-x-aloysius,Balipu x Aloysius,true,false,,,="00b84997-8f2c-4a9c-b807-ab55b59a315f",2026-09-24T16:03:59.820Z,2026-09-24T16:05:34.832Z
299,BRC-301,="301",Hansika U Kotian,hansikahansika515@gmail.com,="9148218870",="9148218870",="+919148218870",="13",Female,Mangaluru,="9008894103",,,Friend / Family,L,paid,PAID ENTRY,="210",="300",="90",VEER30,paid,="order_Tfw2v5FBqBh5c9",="pay_Tfw32hWJ0h3Hbe",3,="phase3",balipu-x-aloysius,Balipu x Aloysius,true,false,,,="6f2ca675-f822-409b-bfd4-a9e75fac5537",2026-09-24T16:11:13.824Z,2026-09-24T16:12:45.687Z
300,BRC-302,="302",Ethan Carl ,ethancarl2488@gmail.com,="8904624747",="8904624747",="+918904624747",="18",Male,Mangaluru ,="8904524747",,,Instagram,M,paid,PAID ENTRY,="350",,="0",,paid,="order_Tfw9lOf1pBIIJ9",="pay_Tfw9qvPVNNmhIT",4,="phase4",balipu-x-aloysius,Balipu x Aloysius,true,false,,,="76596994-5fef-499e-9e7c-e828dc9bd030",2026-09-24T16:17:42.553Z,2026-09-24T16:18:50.109Z
301,BRC-303,="303",SOHAN S,sohan61411@gmail.com,="9187641056",="9187641056",="+919187641056",="15",Male,Mangalore,="8123405563",,,Friend / Family,M,paid,PAID ENTRY,="245",="350",="105",VEER30,paid,="order_TfwAm1ZOyQfnzG",="pay_TfwAsHlAmzgnmJ",4,="phase4",balipu-x-aloysius,Balipu x Aloysius,true,false,,,="07be6b8e-97d9-4690-b9e8-392efbc318c2",2026-09-24T16:18:39.926Z,2026-09-24T16:19:20.103Z
302,BRC-304,="304",Neol Pinto,neolpintokavoor@gmail.com,="6366120505",="6366120505",="+916366120505",="15",Male,Mangaluru ,="9141711448",,,Friend / Family,S,paid,PAID ENTRY,="245",="350",="105",VEER30,paid,="order_TfwCR6L6fnSLKj",="pay_TfwCZKNvfrkDbt",4,="phase4",balipu-x-aloysius,Balipu x Aloysius,true,false,,,="1873a40e-7459-49f7-8265-84287355dd71",2026-09-24T16:20:14.360Z,2026-09-24T16:21:29.616Z
303,BRC-305,="305",Royden Daniel Noronha,roydennoronha@gmail.com,="7204096884",="7204096884",="+917204096884",="15",Male,Mangaluru,="8971034160",,,Friend / Family,XS,paid,PAID ENTRY,="245",="350",="105",VEER30,paid,="order_TfwEwduxLrBu2A",="pay_TfwF1Cly7rEB56",4,="phase4",balipu-x-aloysius,Balipu x Aloysius,true,false,,,="b09d2af7-6e16-4b9c-839d-4972179faffb",2026-09-24T16:22:36.865Z,2026-09-24T16:23:29.734Z
304,BRC-306,="306",Shawn Dsa,shawndsa2@gmail.com,="9538094612",="9538094612",="+919538094612",="15",Male,Mangalore ,="9538094612",,,Instagram,M,paid,PAID ENTRY,="245",="350",="105",VEER30,paid,="order_Tg64nwn0sUVd64",="pay_Tg65D8dquRNKRM",4,="phase4",balipu-x-aloysius,Balipu x Aloysius,true,false,,,="48bf0c0d-11f5-4733-baef-8af6311b65ca",2026-09-25T01:59:57.037Z,2026-09-27T18:59:07.053Z
305,BRC-307,="307",Samir hinjali,aralpearld@gmail.com,="9743854580",="9743854580",="+919743854580",="16",Male,Mangalore ,="8105183689",,,Friend / Family,M,paid,PAID ENTRY,="350",,="0",,paid,="order_Tg7mE9Ptt9MADd",="pay_Tg7mUrtTAToJS2",4,="phase4",balipu-x-aloysius,Balipu x Aloysius,true,false,,,="d3461e27-43e7-48d9-aa5e-3036abaf8188",2026-09-25T03:39:45.067Z,2026-09-25T03:44:18.191Z
306,BRC-308,="308",Renisha ,aralpearld@gmail.com,="6366594321",="6366594321",="+916366594321",="16",Female,Mangalore ,="6362833815",,,Friend / Family,S,paid,PAID ENTRY,="350",,="0",,paid,="order_Tg7u8owNpZp1Jw",="pay_Tg7uFNQkwK3uGk",4,="phase4",balipu-x-aloysius,Balipu x Aloysius,true,false,,,="18d23fbd-bfb4-4fb0-a3db-9651f9598bcf",2026-09-25T03:47:14.590Z,2026-09-25T03:49:58.469Z
307,BRC-309,="309",Hithesh Kotian,hitheshkotian7@gmail.com,="8147010076",="8147010076",="+918147010076",="28",Male,"Kodikere, Kulai, Mangalore",="7483510076",,,WhatsApp,XL,paid,PAID ENTRY,="350",,="0",,paid,="order_Tg8NISlGz9nCbU",="pay_Tg8NOvwXJipije",4,="phase4",balipu-x-aloysius,Balipu x Aloysius,true,false,,,="888ad09b-0fc8-4b08-bf66-70e6f8a6b98e",2026-09-25T04:14:50.646Z,2026-09-25T04:16:27.736Z
308,BRC-310,="310",KARAN,karan20080730@gmail.com,="7483510076",="7483510076",="+917483510076",="18",Male,Dakshina Kannada,="8147010076",,,WhatsApp,M,paid,PAID ENTRY,="350",,="0",,paid,="order_Tg8PHWLndvIbHB",="pay_Tg8PQXyU8rgxVC",4,="phase4",balipu-x-aloysius,Balipu x Aloysius,true,false,,,="699d5e7b-e442-47c1-8638-d3e7d8d5349e",2026-09-25T04:16:43.372Z,2026-09-27T18:59:10.949Z
309,BRC-311,="311",Shravan Madivala,shravanmadivala0@gmail.com,="9449071502",="9449071502",="+919449071502",="25",Male,"Kulai, Mangalore",="8147010076",,,WhatsApp,L,paid,PAID ENTRY,="350",,="0",,paid,="order_Tg9EH7SWhUFNRh",="pay_Tg9EMmag2lRJar",4,="phase4",balipu-x-aloysius,Balipu x Aloysius,true,false,,,="06eb4d7b-0d09-4b5f-8d1b-6f37e9b9d3c6",2026-09-25T05:04:59.812Z,2026-09-25T05:05:41.694Z
310,BRC-312,="312",Ashna Ferrao,ferraoashna28@gmail.com,="9964278701",="9964278701",="+919964278701",="18",Female,Mangalore ,="9482147701",,,Instagram,L,paid,PAID ENTRY,="350",,="0",,paid,="order_TgChWFHerb71sN",="pay_TgChd2YrvnNmtw",4,="phase4",balipu-x-aloysius,Balipu x Aloysius,true,false,,,="d116844c-e084-4cbb-99ea-7ca39c8dc111",2026-09-25T08:28:45.725Z,2026-09-25T08:30:20.432Z
311,BRC-313,="313",Iral Dsouza,mayoladsouza25@gmail.com,="9972857602",="9972857602",="+919972857602",="18",Female,Mangalore ,="9972857602",,,Friend / Family,M,paid,PAID ENTRY,="350",,="0",,paid,="order_TgCozdPt7ZRRVd",="pay_TgCp6WQK1ckbtv",4,="phase4",balipu-x-aloysius,Balipu x Aloysius,true,false,,,="20fc85dd-27ea-4518-9eeb-3e7d9a7ddba6",2026-09-25T08:35:50.238Z,2026-09-25T08:36:53.813Z
312,BRC-314,="314",Ruvena joyline dsouza ,ruvenajoyline@gmail.com,="7338426165",="7338426165",="+917338426165",="18",Female,Mangalore ,="9945137139",,,Friend / Family,M,paid,PAID ENTRY,="350",,="0",,paid,="order_TgCsucz7eBaiBa",="pay_TgCt2IVVgL1HS3",4,="phase4",balipu-x-aloysius,Balipu x Aloysius,true,false,,,="a22f56f1-fb3d-4997-a866-f47c624e7984",2026-09-25T08:39:32.855Z,2026-09-27T18:59:15.057Z
313,BRC-315,="315",Esther Nicole Rego,nicoleesther.rego@gmail.com,="9740062317",="9740062317",="+919740062317",="16",Female,Mangalore,="9945687884",,,Friend / Family,M,paid,PAID ENTRY,="350",,="0",,paid,="order_TgDBWeK72YVcYJ",="pay_TgDBbRUXMJOp2f",4,="phase4",balipu-x-aloysius,Balipu x Aloysius,true,false,,,="ec4da1ec-5a0f-42b6-8ea6-5368a5fa90e1",2026-09-25T08:57:10.091Z,2026-09-25T08:58:23.547Z
314,BRC-316,="316",HARISH SUVARNA,harishsuvarna6175@gmail.com,="8892717316",="8892717316",="+918892717316",="36",Male,Kuppepadav ,="8105438343",,,Instagram,XL,paid,PAID ENTRY,="350",,="0",,paid,="order_TgDEb9oGurVXWg",="pay_TgDEgVRmKolTfy",4,="phase4",balipu-x-aloysius,Balipu x Aloysius,true,false,,,="604fe39a-1e45-4de7-aba7-399b5dd26bcd",2026-09-25T09:00:04.696Z,2026-09-27T18:59:19.036Z
315,BRC-317,="317",Ajith poojary ,aji73116@gmail.com,="8105438343",="8105438343",="+918105438343",="33",Male,Manglore bajpe ,="8892717316",,,Instagram,XL,paid,PAID ENTRY,="350",,="0",,paid,="order_TgDi671k7il5Np",="pay_TgDi9yqcsmFWGj",4,="phase4",balipu-x-aloysius,Balipu x Aloysius,true,false,,,="a6760293-1d3b-407e-bcf3-7f469d9d5f7a",2026-09-25T09:28:00.197Z,2026-09-27T18:59:22.968Z
316,BRC-318,="318",Sushmita,acharyaprathamp@gmail.com,="7019542369",="7019542369",="+917019542369",="16",Female,Mangaluru,="7019542369",,,Friend / Family,M,paid,PAID ENTRY,="350",,="0",,paid,="order_TgDxllL3AB9oOS",="pay_TgDxsTAqfNS3AI",4,="phase4",balipu-x-aloysius,Balipu x Aloysius,true,false,,,="31c097d8-4a47-4457-801b-3726a851e722",2026-09-25T09:42:50.355Z,2026-09-25T09:45:19.171Z
317,BRC-319,="319",Rakesha Annu,engineeringrr16@gmail.com,="9008629610",="9008629610",="+919008629610",="35",Male,Manglore ,="9481212961",,,Friend / Family,XL,paid,PAID ENTRY,="350",,="0",,paid,="order_TgERjh7NmZ0alv",="pay_TgERs56bVXaBiL",4,="phase4",balipu-x-aloysius,Balipu x Aloysius,true,false,,,="31d369ff-066a-485f-ac97-e3b3d6b4011b",2026-09-25T10:11:12.466Z,2026-09-27T18:59:28.480Z
318,BRC-320,="320",gabriel monis,monisvalli78@gmail.com,="9449301428",="9449301428",="+919449301428",="14",Male,mangaluru,="9008928569",,,Friend / Family,M,paid,PAID ENTRY,="245",="350",="105",VEER30,paid,="order_TgFvj7CytTCg0h",="pay_TgFw7Y9ukGYNNc",4,="phase4",balipu-x-aloysius,Balipu x Aloysius,true,false,,,="5fa63cc6-f064-4ab4-b1a9-403f55765f6b",2026-09-25T11:38:17.558Z,2026-09-25T11:40:30.133Z
319,BRC-321,="321",Sharan Lobo ,lobosharan107@gmail.com,="7624824391",="7624824391",="+917624824391",="18",Male,Mangalore ,="9113044633",,,Instagram,XL,paid,PAID ENTRY,="350",,="0",,paid,="order_TgKbzlSVs5ip73",="pay_TgKc7yc3qpPSPl",4,="phase4",balipu-x-aloysius,Balipu x Aloysius,true,false,,,="603e015a-5fcd-415e-a456-5b84bc98ddda",2026-09-25T16:13:04.871Z,2026-09-25T16:14:07.023Z
320,BRC-322,="322",Ashwini Amin,chaya200807@gmail.com,="8123308068",="8123308068",="+918123308068",="18",Female,Mangaluru,="8123308068",,,WhatsApp,L,paid,PAID ENTRY,="350",,="0",,paid,="order_TgKidDDkpc4LQr",="pay_TgKil7VLrC7GxV",4,="phase4",balipu-x-aloysius,Balipu x Aloysius,true,false,,,="dd584da2-8505-4fdb-99d3-cead9e41a64f",2026-09-25T16:19:21.810Z,2026-09-27T18:59:33.510Z
321,BRC-323,="323",Dhanraj Rajkumar Poojari,poojarydhanraj107@gmail.com,="96326 63716",="9632663716",="+919632663716",="18",Male,Mangaluru,="7738271569",,,Friend / Family,L,paid,PAID ENTRY,="350",,="0",,paid,="order_TgKqKpN9OxE0A5",="pay_TgKrHg04st30Ej",4,="phase4",balipu-x-aloysius,Balipu x Aloysius,true,false,,,="5582a078-0425-4dd5-b50c-9d7d91857091",2026-09-25T16:26:39.388Z,2026-09-25T16:28:29.808Z
322,BRC-324,="324",Nikshith ,nikshitpoojary14@gmail.com,="6363778545",="6363778545",="+916363778545",="25",Male,Mangalore ,="6363778545",,,Previous Balipu Event,XL,paid,PAID ENTRY,="350",,="0",,paid,="order_TgLJ3dfiacFoVX",="pay_TgLJkMe0dWQO26",4,="phase4",balipu-x-aloysius,Balipu x Aloysius,true,false,,,="63c48b35-0268-4b62-b85c-0ba2659e116e",2026-09-25T16:53:50.831Z,2026-09-25T16:58:51.849Z
323,BRC-326,="326",Hanish H Devadiga ,nishmithad@gmail.com,="8147100473 ",="8147100473",="+918147100473",="15",Male,Mangaluru,="+918660327688",,,Friend / Family,S,paid,PAID ENTRY,="245",="350",="105",VEER30,paid,="order_TgStn13GIoyAlB",="pay_TgSu2LALgQfyjW",4,="phase4",balipu-x-aloysius,Balipu x Aloysius,true,false,,,="f99c8f23-c05f-4213-b4fe-c822ff6ed275",2026-09-26T00:19:28.514Z,2026-09-26T00:21:13.807Z
324,BRC-327,="327",Mehran,sayyedmehran063@gmail.com,="81369 98277",="8136998277",="+918136998277",="15",Male,Mangaluru,="8606569128",,,Instagram,M,paid,PAID ENTRY,="350",,="0",,paid,="order_TgTv2mS48sDTbd",="pay_TgTvinZv9ESF9W",4,="phase4",balipu-x-aloysius,Balipu x Aloysius,true,false,,,="ea159b27-98aa-4b27-ace5-b1e77aa3c398",2026-09-26T01:19:21.371Z,2026-09-27T18:59:37.473Z
325,BRC-328,="328",Siddharth Kumar,siddharthkumar4563@gmail.com,="7970481309",="7970481309",="+917970481309",="23",Male,Mangalore,="7507553344",,,Friend / Family,L,paid,PAID ENTRY,="350",,="0",,paid,="order_TgYDHHMNVOfdWl",="pay_TgYDKqvhasBGH5",4,="phase4",balipu-x-aloysius,Balipu x Aloysius,true,false,,,="370d443a-625a-4e1d-b2d0-e9e8b85744f0",2026-09-26T05:31:23.526Z,2026-09-27T18:59:41.556Z
326,BRC-329,="329",Pratham Jogi,avinashurva@gmail.com,="9945363008",="9945363008",="+919945363008",="14",Male,Mangalore ,="9845692730",,,Friend / Family,S,paid,PAID ENTRY,="350",,="0",,paid,="order_TgbSYy2DAIHsBd",="pay_TgbSfgSULKEJsR",4,="phase4",balipu-x-aloysius,Balipu x Aloysius,true,false,,,="52457052-1d9e-4c3a-9706-c0f17b278258",2026-09-26T08:41:56.572Z,2026-09-26T08:44:28.958Z
327,BRC-330,="330",Mallikarjun ,sunithasunitha4986@gmail.com,="9900897735",="9900897735",="+919900897735",="16",Male,Mangaluru ,="8971501729",,,Instagram,S,paid,PAID ENTRY,="245",="350",="105",VEER30,paid,="order_TgbVT9nMqyZO2O",="pay_TgbVs9PWxm99Gs",4,="phase4",balipu-x-aloysius,Balipu x Aloysius,true,false,,,="d5211ac4-4471-4352-b3ce-09147c5db164",2026-09-26T08:44:41.645Z,2026-09-26T08:51:38.790Z
328,BRC-331,="331",Niya rose,jisnarony@gmail.com,="9945796674",="9945796674",="+919945796674",="14",Female,Mangalore,="8971247525",,,Friend / Family,M,paid,PAID ENTRY,="245",="350",="105",VEER30,paid,="order_TgbvMQ9eXH0RPk",="pay_TgbvWuvsHaPp6a",4,="phase4",balipu-x-aloysius,Balipu x Aloysius,true,false,,,="2a395b3a-1c9d-448b-b878-d14f78509c44",2026-09-26T09:09:12.282Z,2026-09-26T09:10:20.484Z
329,BRC-332,="332",Nesin Ronny,nesinronny783@gmail.com,="7892629913",="7892629913",="+917892629913",="17",Female,Mangaluru,="9945796674",,,Friend / Family,L,paid,PAID ENTRY,="245",="350",="105",VEER30,paid,="order_Tgc6yAUTIaB370",="pay_Tgc78hUJcBf7Ro",4,="phase4",balipu-x-aloysius,Balipu x Aloysius,true,false,,,="edd5eae8-ed25-4f13-988a-331d4f48b7b0",2026-09-26T09:20:11.665Z,2026-09-26T09:22:54.690Z
330,BRC-333,="333",Anish H,anishjogia2k@gmail.com,="8951615892",="8951615892",="+918951615892",="18",Male,Mangalore ,="8951615892",,,Friend / Family,L,paid,PAID ENTRY,="245",="350",="105",VEER30,paid,="order_TgcHitBsiq90JS",="pay_TgcI1tc6gVJN4L",4,="phase4",balipu-x-aloysius,Balipu x Aloysius,true,false,,,="ad7a40ea-d5fc-4881-98f7-60c0cc5e4faf",2026-09-26T09:30:22.478Z,2026-09-26T09:32:25.590Z
331,BRC-334,="334",Harish Kumar,harishsr2725@gmail.com,="9449823910",="9449823910",="+919449823910",="56",Male,Mangaluru ,="9480155153",,,Friend / Family,XL,paid,PAID ENTRY,="350",,="0",,paid,="order_Tgd6NAZGzPDXDM",="pay_Tgd6SqcPR6zp1k",4,="phase4",balipu-x-aloysius,Balipu x Aloysius,true,false,,,="7a4826f7-2325-495b-87f9-fa4a710fe9f8",2026-09-26T10:18:19.385Z,2026-09-26T10:19:06.122Z
332,BRC-335,="335",M PRATHIT KAMATH,prathitkamath10@gmail.com,="6364044257",="6364044257",="+916364044257",="18",Male,Mangalore ,="9900827610",,,College,S,paid,PAID ENTRY,="350",,="0",,paid,="order_TgdAMnhsWuxBlO",="pay_TgdCGRn9RAJWvc",4,="phase4",balipu-x-aloysius,Balipu x Aloysius,true,false,,,="df8acaa0-354a-438a-842e-d772e5c71127",2026-09-26T10:22:06.247Z,2026-09-26T10:24:49.574Z
333,BRC-336,="336",Rahul N,rahulnitte@gmail.com,="07760482884",="07760482884",="+917760482884",="40",Male,Karkala ,="9945713281",,,WhatsApp,M,paid,PAID ENTRY,="350",,="0",,paid,="order_TgdJPGWHjBy0bu",="pay_TgdJXg7PZJWdbU",4,="phase4",balipu-x-aloysius,Balipu x Aloysius,true,false,,,="b9368242-46c8-4ef4-ba35-fe8c9da2de62",2026-09-26T10:30:39.708Z,2026-09-26T10:33:32.170Z
334,BRC-337,="337",Suhas M,suhasvega@gmail.com,="9845439606",="9845439606",="+919845439606",="51",Male,Mangaluru,="8861839506",,,WhatsApp,L,paid,PAID ENTRY,="350",,="0",,paid,="order_TgdXFVejkMh3mB",="pay_TgdXYrO5dAApLm",4,="phase4",balipu-x-aloysius,Balipu x Aloysius,true,false,,,="fd0342d2-9ae9-448d-ac75-7a8a61cc9561",2026-09-26T10:43:45.984Z,2026-09-26T10:44:31.248Z
335,BRC-338,="338",Ashwath Hegde H,ashwathhegdeh@gmail.com,="09036452442",="09036452442",="+919036452442",="36",Male,Mangaluru,="9901882678",,,Friend / Family,XL,paid,PAID ENTRY,="350",,="0",,paid,="order_TgdH3ySwil1X1F",="MANUAL_ADMIN_CONFIRM",4,="phase4",balipu-x-aloysius,Balipu x Aloysius,true,false,,,="453f6378-8752-4810-a0e6-0806d5694d3b",2026-09-26T10:28:26.600Z,2026-09-26T10:47:25.018Z
336,BRC-339,="339",Saritha Shetty B ,mailsaritha78@gmail.com,="9886114636",="9886114636",="+919886114636",="48",Female,Mangaluru,="9886118171",,,WhatsApp,M,paid,PAID ENTRY,="350",,="0",,paid,="order_TgdaYyUzjVsuMC",="pay_TgdadVnCvQjQTz",4,="phase4",balipu-x-aloysius,Balipu x Aloysius,true,false,,,="72717343-6feb-4b46-b38f-b805764b351d",2026-09-26T10:46:54.208Z,2026-09-26T10:47:28.333Z
337,BRC-340,="340",Aiden Ben Dsilva,aidenbendsilva@gmail.com,="9148034400",="9148034400",="+919148034400",="15",Male,Mangaluru ,="9880466614",,,Friend / Family,L,paid,PAID ENTRY,="245",="350",="105",VEER30,paid,="order_TgLeKvpFIA2JVl",="MANUAL_ADMIN_CONFIRM",4,="phase4",balipu-x-aloysius,Balipu x Aloysius,true,false,,,="4aa188f9-7b3b-4726-b1d3-48389073bacc",2026-09-25T17:13:59.483Z,2026-09-26T10:49:29.093Z
338,BRC-341,="341",M Skanda Shyam Bhat,skandashyam102@gmail.com,="8861839506",="8861839506",="+918861839506",="20",Male,Mangaluru,="9845439606",,,WhatsApp,M,paid,PAID ENTRY,="350",,="0",,paid,="order_Tgdd2C5LrBSlhB",="pay_TgddPPPCxyuoMU",4,="phase4",balipu-x-aloysius,Balipu x Aloysius,true,false,,,="1ba249ca-e8fc-46f2-bb5c-d9afe7631295",2026-09-26T10:49:14.573Z,2026-09-26T10:50:08.802Z
339,BRC-342,="342",Prashanth Kumar N ,pkshetty1208@gmail.com,="8904708273",="8904708273",="+918904708273",="53",Male,Mangaluru,="9448525393",,,WhatsApp,M,paid,PAID ENTRY,="350",,="0",,paid,="order_TgdcxSvMEqK8vw",="pay_TgdeU3iGye2V9a",4,="phase4",balipu-x-aloysius,Balipu x Aloysius,true,false,,,="ed8b120d-3102-4081-b0a6-e3a45a0bd9a8",2026-09-26T10:49:10.242Z,2026-09-26T10:52:12.138Z
340,BRC-343,="343",Alrick Jesston Pinto ,allanviky@gmail.com,="7676247953",="7676247953",="+917676247953",="14",Male,Mangaluru,="7349717960",,,WhatsApp,M,paid,PAID ENTRY,="350",,="0",,paid,="order_TgdwfpeJJohyEd",="pay_Tgdwldbm2aBYkp",4,="phase4",balipu-x-aloysius,Balipu x Aloysius,true,false,,,="93ae7668-c847-4eee-9a45-d8eaa1a468b0",2026-09-26T11:07:50.095Z,2026-09-26T11:08:32.196Z
341,BRC-344,="344",Harish Rajakumara,harish99raj@gmail.com,="9945543806 ",="9945543806",="+919945543806",="43",Male,Mangaluru ,="9620174880",,,WhatsApp,XL,paid,PAID ENTRY,="350",,="0",,paid,="order_TgdqvIkStYW7VZ",="pay_Tgdr1TIikeSltO",4,="phase4",balipu-x-aloysius,Balipu x Aloysius,true,false,,,="94dc785b-bcd7-4a22-ab07-17f8c1dd0762",2026-09-26T11:02:23.471Z,2026-09-26T11:09:22.270Z
342,BRC-345,="345",Stephan Nelson Monteiro,nelsonasts@gmail.com,="9845035516",="9845035516",="+919845035516",="48",Male,Mangalore ,="9945619002",,,WhatsApp,XXL,paid,PAID ENTRY,="350",,="0",,paid,="order_TgeBb4JpzULIFs",="pay_TgeBkAy1ks9AkP",4,="phase4",balipu-x-aloysius,Balipu x Aloysius,true,false,,,="5ceaed53-2191-409b-b056-6207a47bb540",2026-09-26T11:21:57.738Z,2026-09-26T11:24:09.302Z
343,BRC-346,="346",Rashmi n,rashmi170486@gmail.com,="98861 53165 ",="9886153165",="+919886153165",="40",Female,Mangaluru,="9449225987",,,WhatsApp,M,paid,PAID ENTRY,="350",,="0",,paid,="order_TgeHVYtYSp9T8v",="pay_TgeHZrRhZogzbe",4,="phase4",balipu-x-aloysius,Balipu x Aloysius,true,false,,,="b4dfdd94-eb38-407a-b402-92e172df4d9d",2026-09-26T11:27:33.492Z,2026-09-26T11:28:49.382Z
344,BRC-347,="347",Uday Shet,Yashraikar5@gmail.com,="09886571927",="09886571927",="+919886571927",="53",Male,Mangalore,="9343566009",,,WhatsApp,M,paid,PAID ENTRY,="350",,="0",,paid,="order_TgeJbnciLP6fgU",="pay_TgeJnGrqvGqd17",4,="phase4",balipu-x-aloysius,Balipu x Aloysius,true,false,,,="2661b1fb-01f7-437a-9f39-5a834c17c6e2",2026-09-26T11:29:32.809Z,2026-09-26T11:30:53.589Z
345,BRC-348,="348",Keerthi kiran,kiran061216@gmail.com,="9966349811",="9966349811",="+919966349811",="38",Male,Mangaluru,="9988400518",,,Other,L,paid,PAID ENTRY,="350",,="0",,paid,="order_TgeV1M1TLIqmZS",="pay_TgeVBwrG0fuInp",4,="phase4",balipu-x-aloysius,Balipu x Aloysius,true,false,,,="03efb67e-9485-4dbd-9df8-4e533641b566",2026-09-26T11:40:21.064Z,2026-09-26T11:41:40.795Z
346,BRC-349,="349",Kishan Kumar,kishancc@rediffmail.com,="8884660410",="8884660410",="+918884660410",="44",Male,Mangalore,="8296328111",,,Previous Balipu Event,XL,paid,PAID ENTRY,="350",,="0",,paid,="order_TgecC6RF5k0Nkq",="pay_TgedsI5zxAT4qo",4,="phase4",balipu-x-aloysius,Balipu x Aloysius,true,false,,,="f48a70b9-a35b-4028-865b-a9ff618e4af5",2026-09-26T11:47:08.472Z,2026-09-26T11:49:19.761Z
347,BRC-350,="350",Nikitha Kishan,kishancc@rediffmail.com,="8884660410",="8884660410",="+918884660410",="38",Female,Mangalore,="8296328111",,,WhatsApp,XXL,paid,PAID ENTRY,="350",,="0",,paid,="order_TgegKpuSasJMpX",="pay_TgegXfsP4UPJfS",4,="phase4",balipu-x-aloysius,Balipu x Aloysius,true,false,,,="e1d1d1e1-ce07-4dc4-b944-20a47033d0fa",2026-09-26T11:51:03.669Z,2026-09-26T11:52:22.647Z
348,BRC-351,="351",Kanish KC,kishancc@Rediffmail.com,="8884660410",="8884660410",="+918884660410",="15",Male,Mangalore,="8296328111",,,WhatsApp,XL,paid,PAID ENTRY,="350",,="0",,paid,="order_TgeiD54hL5FTiG",="pay_TgeiOueJBc4oBF",4,="phase4",balipu-x-aloysius,Balipu x Aloysius,true,false,,,="e3216b1f-4a17-4e07-a165-12a39902927d",2026-09-26T11:52:50.173Z,2026-09-26T11:53:44.062Z
349,BRC-352,="352",Rihansh KC,kishancc@rediffmail.com,="8884660410",="8884660410",="+918884660410",="9",Male,mangalore,="8296328111",,,WhatsApp,L,paid,PAID ENTRY,="350",,="0",,paid,="order_Tgek06wyGLp94Q",="pay_TgekB7fhvvYVTN",4,="phase4",balipu-x-aloysius,Balipu x Aloysius,true,false,,,="f57072bc-3c05-4ed4-8815-b9929ce90bd0",2026-09-26T11:54:31.882Z,2026-09-26T11:55:40.271Z
350,BRC-353,="353",Vaishnavi D Manoj,kishancc@rediffmail.com,="8884660410",="8884660410",="+918884660410",="23",Female,Mangalore,="8296328111",,,WhatsApp,M,paid,PAID ENTRY,="350",,="0",,paid,="order_TgenVqZO5vsvPk",="pay_TgenlcAysmpnN7",4,="phase4",balipu-x-aloysius,Balipu x Aloysius,true,false,,,="92e73375-65ae-431c-b9d4-e8aa5d25c37d",2026-09-26T11:57:51.356Z,2026-09-26T11:58:50.269Z
351,BRC-354,="354",Mohammed Ashveer,ashvi9611@gmail.com,="9611792095",="9611792095",="+919611792095",="24",Male,Mangalore,="9611792095",,,Instagram,XL,paid,PAID ENTRY,="350",,="0",,paid,="order_Tgep72Hu4naIua",="pay_TgfAOq43tjWqCb",4,="phase4",balipu-x-aloysius,Balipu x Aloysius,true,false,,,="ff1516c7-0589-4ecf-b1c8-175580fb03df",2026-09-26T11:59:22.230Z,2026-09-26T12:21:18.006Z
352,BRC-355,="355",Ganesh M,ganeshm10301@gmail.com,="09449390476",="09449390476",="+919449390476",="63",Male,Mangaluru,="9448012727",,,WhatsApp,M,paid,PAID ENTRY,="350",,="0",,paid,="order_TgfBaQukT40ubw",="pay_TgfBleZTIuweQW",4,="phase4",balipu-x-aloysius,Balipu x Aloysius,true,false,,,="833d7fd7-6865-485c-a0f5-7fbc11eca7f7",2026-09-26T12:20:38.769Z,2026-09-26T12:21:55.316Z
353,BRC-356,="356",Rohan Dsouza ,rohandsouza200508@gmail.com,="8088255634",="8088255634",="+918088255634",="21",Male,Mulki,="7204205716",,,WhatsApp,M,paid,PAID ENTRY,="350",,="0",,paid,="order_TgfF05EZjfbDXs",="pay_TgfGLLNdnMZH6E",4,="phase4",balipu-x-aloysius,Balipu x Aloysius,true,false,,,="3a9fa74d-eaf3-422c-ac85-470f9b92db39",2026-09-26T12:23:52.671Z,2026-09-26T12:26:09.026Z
354,BRC-357,="357",Ranjan Achar N,ranjanraon@gmail.com,="09448744488",="09448744488",="+919448744488",="47",Male,MANGALURU,="+919481959493",,,Friend / Family,M,paid,PAID ENTRY,="350",,="0",,paid,="order_TgfPyufXCmNlOy",="pay_TgfQ6QKn06721m",4,="phase4",balipu-x-aloysius,Balipu x Aloysius,true,false,,,="b2d0f3eb-3839-4b09-9540-4986caf0302c",2026-09-26T12:34:16.395Z,2026-09-26T12:35:19.440Z
355,BRC-358,="358",Chinmaya bhat,chinmayaster@gmail.com,="7019607556",="7019607556",="+917019607556",="40",Male,Mangalore,="8147470838",,,WhatsApp,M,paid,PAID ENTRY,="350",,="0",,paid,="order_TgfUcohYgggOmr",="pay_TgfUqEfSr9IwZq",4,="phase4",balipu-x-aloysius,Balipu x Aloysius,true,false,,,="f37b1a22-5fe5-4f3c-874a-7db494d6fa4e",2026-09-26T12:38:40.156Z,2026-09-26T12:39:33.168Z
356,BRC-359,="359",ajesh v c,ajeshkottarakara@gmail.com,="9400457580",="9400457580",="+919400457580",="36",Male,Mangalore ,="6282805706",,,Friend / Family,XXL,paid,PAID ENTRY,="350",,="0",,paid,="order_TgfWBNa8bndkqU",="pay_TgfWPqHudpw9Jv",4,="phase4",balipu-x-aloysius,Balipu x Aloysius,true,false,,,="f27af3bd-8394-49f7-93e3-7bd07eac4ada",2026-09-26T12:40:08.622Z,2026-09-26T12:41:02.409Z
357,BRC-360,="360",Manasyu Batyadka ,vijethachinmaya@gmail.com,="8147470838",="8147470838",="+918147470838",="6",Male,Mangalore,="7019607556",,,WhatsApp,XS,paid,PAID ENTRY,="350",,="0",,paid,="order_TgfXgqC9vwhuyr",="pay_TgfXl6dNTGW8Vo",4,="phase4",balipu-x-aloysius,Balipu x Aloysius,true,false,,,="78445c36-34a4-47e7-ae77-9ac67262c661",2026-09-26T12:41:34.242Z,2026-09-26T12:42:30.100Z
358,BRC-361,="361",Darren Antony Monteiro ,jyothijude@gmail.com,="9880050980",="9880050980",="+919880050980",="14",Male,Mangalore ,="9880050980",,,Friend / Family,M,paid,PAID ENTRY,="350",,="0",,paid,="order_TgfiDSuKERj8is",="pay_TgfiJfNJg5lTjG",4,="phase4",balipu-x-aloysius,Balipu x Aloysius,true,false,,,="73a1910a-83c9-4e47-936b-f4017d4a35a8",2026-09-26T12:51:32.131Z,2026-09-26T12:52:49.807Z
359,BRC-362,="362",CLEONA SARAH DSOUZA,cleonasd15@gmail.com,="6364629746",="6364629746",="+916364629746",="19",Female,Mangalore ,="9902513760",,,College,S,paid,PAID ENTRY,="350",,="0",,paid,="order_TgfkJLfeIrgt0N",="pay_TgfkOIHHL3vl3G",4,="phase4",balipu-x-aloysius,Balipu x Aloysius,true,false,,,="0b907279-1776-44c9-9385-81ffd4670117",2026-09-26T12:53:31.123Z,2026-09-26T12:54:47.942Z
360,BRC-363,="363",SYNTHIA DSOUZA ,cynthiadsouza006@gmail.com,="9902513760",="9902513760",="+919902513760",="54",Female,Mangalore ,="6364629746",,,WhatsApp,M,paid,PAID ENTRY,="350",,="0",,paid,="order_TgfszB3f2BL1bv",="pay_Tgft6WXeYau4j9",4,="phase4",balipu-x-aloysius,Balipu x Aloysius,true,false,,,="dafd8f0c-a2ec-41a0-be3b-1e2ecf957d9b",2026-09-26T13:01:43.847Z,2026-09-26T13:03:17.062Z
361,BRC-364,="364",Jismon Antony,antonyjismon82@gmail.com,="8594065960",="8594065960",="+918594065960",="44",Male,Mangalore ,="9447364324",,,WhatsApp,XL,paid,PAID ENTRY,="350",,="0",,paid,="order_TgfvMRZKP0I1NS",="pay_TgfvUzhVuqbqMX",4,="phase4",balipu-x-aloysius,Balipu x Aloysius,true,false,,,="8a86de2e-478d-4e5a-b447-6f70b78059d0",2026-09-26T13:03:58.761Z,2026-09-26T13:04:42.433Z
362,BRC-365,="365",Sharanya Ullal,sharanya37ullal@gmail.com,="9591167960",="9591167960",="+919591167960",="34",Female,Mangalore,="9980347171",,,Friend / Family,M,paid,PAID ENTRY,="350",,="0",,paid,="order_TggDvdW5Xpn3MQ",="pay_TggE2QpNudm05S",4,="phase4",balipu-x-aloysius,Balipu x Aloysius,true,false,,,="824b5695-d615-4609-a0ff-8400848d6f44",2026-09-26T13:21:33.403Z,2026-09-26T13:22:57.287Z
363,BRC-366,="366",Arnold Dalmeida,arnodalmeida47@gmail.com,="8197229654",="8197229654",="+918197229654",="19",Male,Moodbidri ,="7483646035",,,Instagram,L,paid,PAID ENTRY,="350",,="0",,paid,="order_TggJAHHvj7l9M9",="pay_TggJE1vzjtBxa2",4,="phase4",balipu-x-aloysius,Balipu x Aloysius,true,false,,,="7e0f3e84-ab25-4db3-b029-004198dfc75c",2026-09-26T13:26:30.820Z,2026-09-26T13:28:11.856Z
364,BRC-367,="367",Charan M G,methadkacharan@gmail.com,="8971119037",="8971119037",="+918971119037",="28",Male,Mangalore ,="9483789283",,,Friend / Family,XL,paid,PAID ENTRY,="350",,="0",,paid,="order_TggSniN87wxlrJ",="pay_TggSv7dPgfLMPi",4,="phase4",balipu-x-aloysius,Balipu x Aloysius,true,false,,,="61da0e21-9fe8-4c61-a467-0ca119f84065",2026-09-26T13:35:38.170Z,2026-09-26T13:36:25.572Z
365,BRC-368,="368",Shravya B C,methadkacharan@gmail.com,="9483789283",="9483789283",="+919483789283",="25",Female,Mangalore ,="8971119037",,,Friend / Family,L,paid,PAID ENTRY,="350",,="0",,paid,="order_TggVc9xaqSL2JN",="pay_TggVi1l8aFy4vX",4,="phase4",balipu-x-aloysius,Balipu x Aloysius,true,false,,,="dd47ba7c-89d5-476b-b26f-3ee28c79fbed",2026-09-26T13:38:17.975Z,2026-09-26T13:38:56.913Z
366,BRC-369,="369",Janis Anna Dsouza,joel.sybil@gmail.com,="9481954836",="9481954836",="+919481954836",="13",Female,Mangaluru,="7899751671",,,Friend / Family,S,paid,PAID ENTRY,="350",,="0",,paid,="order_TggVKrryk6WHIu",="pay_TggVY7zctP7m73",4,="phase4",balipu-x-aloysius,Balipu x Aloysius,true,false,,,="40ca508c-7c73-4ad3-a37a-1c096b886f65",2026-09-26T13:38:02.124Z,2026-09-26T13:39:34.816Z
367,BRC-370,="370",ASHISH KUMAR,ashishkumar.bs@gmail.com,="9449303078",="9449303078",="+919449303078",="34",Male,Mangaluru ,="+91 87222 86344",,,WhatsApp,XXL,paid,PAID ENTRY,="350",,="0",,paid,="order_TggYyxLGgbNnpi",="pay_TggZDyR58rYUCl",4,="phase4",balipu-x-aloysius,Balipu x Aloysius,true,false,,,="24367398-bec3-4057-b903-799f5a4ecec0",2026-09-26T13:41:29.258Z,2026-09-27T18:59:45.500Z
368,BRC-371,="371",Jewelson Lobo,jewelson85@gmail.com,="7204884461",="7204884461",="+917204884461",="30",Male,Mangalore,="7204884461",,,Friend / Family,XXL,paid,PAID ENTRY,="350",,="0",,paid,="order_Tgh07STWRo7x0N",="pay_Tgh0CZi0Hy92gY",4,="phase4",balipu-x-aloysius,Balipu x Aloysius,true,false,,,="f50b7aae-1e18-4f56-8ecf-c20c0c3386ee",2026-09-26T14:07:10.654Z,2026-09-26T14:07:49.487Z
369,BRC-372,="372",ANCEL DCOSTA ,alfred.dcosta1959@gmail.com,="8904849793",="8904849793",="+918904849793",="15",Male,Mangaluru,="8123596624",,,Instagram,M,paid,PAID ENTRY,="245",="350",="105",VEER30,paid,="order_Tgh1UaQEeb71e7",="pay_Tgh1devxGN7S2d",4,="phase4",balipu-x-aloysius,Balipu x Aloysius,true,false,,,="fc2e1202-960f-4db4-b4b5-5546e02e487e",2026-09-26T14:08:28.634Z,2026-09-26T14:09:18.694Z
370,BRC-373,="373",Vinay Kumar ,vinay.vinil@gmail.com,="9980454557",="9980454557",="+919980454557",="46",Male,Mangalore ,="9743363699",,,WhatsApp,L,paid,PAID ENTRY,="350",,="0",,paid,="order_TghyRjE9jcuU0L",="pay_TghzjcRV2OSC5t",4,="phase4",balipu-x-aloysius,Balipu x Aloysius,true,false,,,="bb3c52b4-f093-408a-aa1a-91f5a38428fe",2026-09-26T15:04:17.232Z,2026-09-26T15:06:21.433Z
371,BRC-374,="374",Ashish Kumar,ashishh1902@gmail.com,="9449821766",="9449821766",="+919449821766",="16",Male,Mangaluru,="7353079669",,,Instagram,M,paid,PAID ENTRY,="245",="350",="105",VEER30,paid,="order_Tgi1BwpAlFza3P",="pay_Tgi1utMeJRnFdQ",4,="phase4",balipu-x-aloysius,Balipu x Aloysius,true,false,,,="995dbf6e-367c-4e25-a406-a7151b4b6629",2026-09-26T15:06:53.192Z,2026-09-26T15:08:04.944Z
372,BRC-375,="375",Tashvi salian,hansikahansika515@gmail.com,="9611574264",="9611574264",="+919611574264",="13",Female,Mangaluru,="9880263197",,,Friend / Family,L,paid,PAID ENTRY,="245",="350",="105",VEER30,paid,="order_TgiJkYZgz5U7ie",="pay_TgiJq2vYmAVMBg",4,="phase4",balipu-x-aloysius,Balipu x Aloysius,true,false,,,="e82f4209-e557-44d9-85e5-c9d463b65e5f",2026-09-26T15:24:27.299Z,2026-09-26T15:25:19.791Z
373,BRC-376,="376",HARSHITH KUCKAIN,ashukuckain@gmail.com,="9845680896",="9845680896",="+919845680896",="34",Male,Mangalore,="9844256825",,,WhatsApp,XL,paid,PAID ENTRY,="350",,="0",,paid,="order_TgiMaFNxXdDixT",="pay_TgiMklexsR0E6n",4,="phase4",balipu-x-aloysius,Balipu x Aloysius,true,false,,,="7dba8584-7938-436f-bed5-abebab30815e",2026-09-26T15:27:08.248Z,2026-09-27T18:59:49.377Z
374,BRC-377,="377",Aymaan khan ,aymaanarsalaan@gmail.com,="9902762935",="9902762935",="+919902762935",="15",Male,Mangaluru,="9880295842",,,Friend / Family,M,paid,PAID ENTRY,="245",="350",="105",VEER30,paid,="order_TgiVSwNACTvam0",="pay_TgiVicKlNnr71m",4,="phase4",balipu-x-aloysius,Balipu x Aloysius,true,false,,,="2c720c50-ab44-41fd-bc2e-fc4ae56fb6e7",2026-09-26T15:35:32.752Z,2026-09-26T15:37:37.049Z
375,BRC-378,="378",Adlyn Pinto,pintoadlyn@gmail.com,="9187643743",="9187643743",="+919187643743",="14",Female,Mangaluru ,="98448 43743 ",,,Instagram,M,paid,PAID ENTRY,="350",,="0",,paid,="order_TgiagETckzOPuX",="pay_TgibHmKudR1EPU",4,="phase4",balipu-x-aloysius,Balipu x Aloysius,true,false,,,="3bdfcb73-a538-413c-a566-283d45df49c6",2026-09-26T15:40:28.928Z,2026-09-26T15:42:35.985Z
376,BRC-379,="379",Abishai.Asher,williamashu007@gmail.com,="8123761087",="8123761087",="+918123761087",="13",Male,Mangalore ,="8123761087",,,Instagram,M,paid,PAID ENTRY,="245",="350",="105",VEER30,paid,="order_TgiluVrasKYPVE",="pay_Tgim05zvNv0Egm",4,="phase4",balipu-x-aloysius,Balipu x Aloysius,true,false,,,="179d7c01-d004-4d75-be33-1bcd519cd13f",2026-09-26T15:51:06.814Z,2026-09-26T15:52:14.076Z
377,BRC-380,="380",Nidhi Sumod Sanil,nidhisumodsanil@gmail.com,="9972232333",="9972232333",="+919972232333",="14",Female,Mangalore ,="8123089077",,,Friend / Family,M,paid,PAID ENTRY,="350",,="0",,paid,="order_TgimIyiKllLxK1",="pay_TgimVI7CoZZXkQ",4,="phase4",balipu-x-aloysius,Balipu x Aloysius,true,false,,,="2162f2de-8eb7-45bf-b64a-bb2d2376efbb",2026-09-26T15:51:29.228Z,2026-09-26T15:57:03.228Z
378,BRC-381,="381",Tanish Ashok Anchan ,Sarithaashok08@gmail.com,="9481346044",="9481346044",="+919481346044",="13",Male,Manglore ,="9481346044",,,Friend / Family,M,paid,PAID ENTRY,="245",="350",="105",VEER30,paid,="order_TgivKQMLH4pycv",="pay_TgivddRdPSJ43u",4,="phase4",balipu-x-aloysius,Balipu x Aloysius,true,false,,,="2d2fb337-f2fe-497f-b882-61571fd52604",2026-09-26T16:00:01.758Z,2026-09-26T16:02:02.525Z
379,BRC-382,="382",Ashok Anchan ,ashokanchan200@gmail.com,="+91 99640 80200",="919964080200",="+919964080200",="50",Male,Mangalore ,="9964080200",,,Friend / Family,L,paid,PAID ENTRY,="245",="350",="105",VEER30,paid,="order_Tgj0zIQi2WiZRv",="pay_Tgj1J39jCxYFPi",4,="phase4",balipu-x-aloysius,Balipu x Aloysius,true,false,,,="42c4bb95-a2cd-41df-83cf-bf5751c3032c",2026-09-26T16:05:23.227Z,2026-09-27T18:59:53.161Z
380,BRC-383,="383",Thanmay shiva shetty,akshu.shetty@yahoo.com,="9980881107",="9980881107",="+919980881107",="14",Male,Mangaluru,="7022410416",,,Friend / Family,S,paid,PAID ENTRY,="245",="350",="105",VEER30,paid,="order_TgjKcKJYPhIRAw",="pay_TgjKhzPhcVvmdI",4,="phase4",balipu-x-aloysius,Balipu x Aloysius,true,false,,,="a97c4340-8088-488c-b2ee-7ad605ce4de5",2026-09-26T16:23:58.159Z,2026-09-26T16:27:32.690Z
381,BRC-384,="384",Eshan Gangwar,gangwareshanr@gmail.com,="09119162206",="09119162206",="+919119162206",="18",Male,Mangluru,="09119162206",,,WhatsApp,XXL,paid,PAID ENTRY,="350",,="0",,paid,="order_TgjQ47Ad03hq2k",="pay_TgjQ92fpTHKxZk",4,="phase4",balipu-x-aloysius,Balipu x Aloysius,true,false,,,="e89d9597-a8b4-4f21-a5ce-2fc4b2e3d289",2026-09-26T16:29:07.617Z,2026-09-26T16:31:14.303Z
382,BRC-385,="385",Anvitha A ,anvithaani309@gmail.com,="7829589899",="7829589899",="+917829589899",="18",Female,Mangaluru ,="7892767383",,,College,M,paid,PAID ENTRY,="350",,="0",,paid,="order_TgjVHIk4wGL5i0",="pay_TgjVMnMFYRp3Gf",4,="phase4",balipu-x-aloysius,Balipu x Aloysius,true,false,,,="7bf2a9e3-7b79-44e4-9865-820a62f36c06",2026-09-26T16:34:03.701Z,2026-09-26T16:34:59.384Z
383,BRC-386,="386",Harvith kiran alva,vinayakiran6032@gmail.com,="9341306060",="9341306060",="+919341306060",="12",Male,Mangaluru ,="+18310662190",,,Instagram,S,paid,PAID ENTRY,="350",,="0",,paid,="order_TgjdkhAEoPiVbD",="pay_Tgjeat81ITv4iz",4,="phase4",balipu-x-aloysius,Balipu x Aloysius,true,false,,,="c2faa0f6-1733-4758-b578-ec563bf75994",2026-09-26T16:42:05.032Z,2026-09-26T16:43:55.910Z
384,BRC-387,="387",Rushdha Anaam,rushdhaanaam2008@gmail.com,="8861030716",="8861030716",="+918861030716",="18",Female,Mangaluru,="7411146806",,,College,M,paid,PAID ENTRY,="350",,="0",,paid,="order_Tgjy5e3tAqtoOB",="pay_TgjyFM46RXTXuG",4,="phase4",balipu-x-aloysius,Balipu x Aloysius,true,false,,,="3cea67f9-d92e-4845-8e91-92112d4f5b02",2026-09-26T17:01:20.232Z,2026-09-26T17:04:21.071Z
385,BRC-388,="388",yogish Navada,yogishnavada96@gmail.com,="9880332728",="9880332728",="+919880332728",="46",Male,mangaluru,="9844803208",,,Instagram,XXL,paid,PAID ENTRY,="350",,="0",,paid,="order_TgkTosXbbXOn6e",="pay_TgkTzszKfTM0vE",4,="phase4",balipu-x-aloysius,Balipu x Aloysius,true,false,,,="1bcd1e14-7a66-4585-b62f-118db9b291b1",2026-09-26T17:31:22.481Z,2026-09-26T17:32:48.476Z
386,BRC-389,="389",Darshan H,Darshan.hosdurga@gmail.com,="0903 666 9569",="09036669569",="+919036669569",="35",Male,Mangalore,="8660957674",,,WhatsApp,XL,paid,PAID ENTRY,="350",,="0",,paid,="order_TgkaWdYmd8kcQS",="pay_TgkaqLnwKwkxBM",4,="phase4",balipu-x-aloysius,Balipu x Aloysius,true,false,,,="95ec39e7-6304-4f95-a9ef-504fb2209625",2026-09-26T17:37:43.366Z,2026-09-26T17:39:45.440Z
387,BRC-390,="390",Prashant ,appub9639@gmail.com,="90366 6138",="903666138",,="20",Male,Mulki,="8088255634",,,Instagram,M,paid,PAID ENTRY,="350",,="0",,paid,="order_Tgq1lbr9MRU9w3",="pay_Tgq29eFNmWsnDS",4,="phase4",balipu-x-aloysius,Balipu x Aloysius,true,false,,,="e6129984-aca8-4486-ae3f-ef919ea34b56",2026-09-26T22:56:58.768Z,2026-09-27T18:59:57.037Z
388,BRC-391,="391",venkatesh prabhu,venkateshprabh84@gmail.com,="09619885179",="09619885179",="+919619885179",="42",Male,Mangalore ,="8722441544",,,WhatsApp,S,paid,PAID ENTRY,="350",,="0",,paid,="order_TgqkJ9lEsSKAr1",="pay_TgqkSypheCD5Of",4,="phase4",balipu-x-aloysius,Balipu x Aloysius,true,false,,,="7f686ba2-9e85-49df-8c8c-0b9cd65d1779",2026-09-26T23:39:08.709Z,2026-09-27T19:00:01.282Z
389,BRC-392,="392",Adithi Nagarajan,nagarajanadithi@gmail.com,="+916362142570",="916362142570",="+916362142570",="21",Female,Manglore ,="9844219724",,,College,XXL,paid,PAID ENTRY,="350",,="0",,paid,="order_TgrmDmzhxAcpIq",="pay_TgrmR2EYVsgwwj",4,="phase4",balipu-x-aloysius,Balipu x Aloysius,true,false,,,="12b12ff3-292f-46aa-a0f2-2bda20177e02",2026-09-27T00:39:39.007Z,2026-09-27T00:40:45.180Z
390,BRC-393,="393",DHEERAJ ,dheerud767@gmail.com,="6360209169",="6360209169",="+916360209169",="27",Male,Manglore,="8088491473",,,Friend / Family,M,paid,PAID ENTRY,="245",="350",="105",VEER30,paid,="order_Tgrmlk5cVsZU5Z",="pay_TgrmqrellxthXp",4,="phase4",balipu-x-aloysius,Balipu x Aloysius,true,false,,,="81954088-b08f-450d-a2b7-8246a11f96dc",2026-09-27T00:40:10.109Z,2026-09-27T19:00:05.420Z
391,BRC-394,="394",Varunraj,varunraj7022@gmail.com,="7022976970",="7022976970",="+917022976970",="27",Male,Mangalore,="9108795804",,,Instagram,M,paid,PAID ENTRY,="245",="350",="105",VEER30,paid,="order_Tgsn1ZCEWhgXLl",="pay_Tgsn718uWHTzc4",4,="phase4",balipu-x-aloysius,Balipu x Aloysius,true,false,,,="4e8a0d34-22a1-4d29-92ea-0a91cffe6737",2026-09-27T01:39:06.235Z,2026-09-27T01:39:59.519Z
392,BRC-395,="395",Sparsha Rao,sparsharao1111@gmail.com,="8088350527",="8088350527",="+918088350527",="21",Female,Mangalore ,="9449615138",,,Instagram,M,paid,PAID ENTRY,="350",,="0",,paid,="order_Tgt9mgoruQcWKn",="pay_Tgt9r6hrAeZLb7",4,="phase4",balipu-x-aloysius,Balipu x Aloysius,true,false,,,="8206caf2-3957-49fe-a5f8-bd0eb2cdbae1",2026-09-27T02:00:39.000Z,2026-09-27T02:03:13.317Z
393,BRC-396,="396",Thejaksha,thejakshakulal8@gmail.com,="9980630281",="9980630281",="+919980630281",="24",Male,Mangalore ,="9980630281",,,Friend / Family,L,paid,PAID ENTRY,="350",,="0",,paid,="order_TgtgAA7JdY3qtD",="pay_TgtgHNE5kq8MqR",4,="phase4",balipu-x-aloysius,Balipu x Aloysius,true,false,,,="edea97e7-3ddf-4afc-addf-39037dfe22c2",2026-09-27T02:31:18.110Z,2026-09-27T02:32:16.891Z
394,BRC-397,="397",Keerthan,keerthanbangera20@gmail.com,="6362845985",="6362845985",="+916362845985",="24",Male,Mangalore,="+916362845985",,,Friend / Family,L,paid,PAID ENTRY,="350",,="0",,paid,="order_Tgtm5ZfwDGMx0w",="pay_Tgtm9swNG2mob9",4,="phase4",balipu-x-aloysius,Balipu x Aloysius,true,false,,,="88998f06-7937-4ce9-8def-a9d2995347fd",2026-09-27T02:36:54.707Z,2026-09-27T02:38:24.560Z
395,BRC-398,="398",Abhilash poojary,abhibirwa254@gmail.com,="7349563821",="7349563821",="+917349563821",="27",Male,Manglore,="8105676025",,,Previous Balipu Event,XL,paid,PAID ENTRY,="350",,="0",,paid,="order_Tgu65p6MnHkXET",="pay_Tgu6CEjDrPeCIF",4,="phase4",balipu-x-aloysius,Balipu x Aloysius,true,false,,,="0d16a305-a9da-431d-ae66-096afb1a8011",2026-09-27T02:55:50.944Z,2026-09-27T02:57:03.518Z
396,BRC-399,="399",Vipul k kumar ,kotyankishore@gmail.com,="09945612221",="09945612221",="+919945612221",="14",Male,Mangalore ,="09945612221",,,WhatsApp,S,paid,PAID ENTRY,="350",,="0",,paid,="order_Tgu9XfrDMMSw0y",="pay_Tgu9eElQASA5Nh",4,="phase4",balipu-x-aloysius,Balipu x Aloysius,true,false,,,="e4e4e9cd-27bb-497c-a7cd-3a8491b54005",2026-09-27T02:59:06.857Z,2026-09-27T03:02:02.137Z
397,BRC-400,="400",Manoj Kumar ,manojgkumar59@gmail.com,="9019997245",="9019997245",="+919019997245",="24",Male,Mangaluru,="9901227927",,,Friend / Family,M,paid,PAID ENTRY,="245",="350",="105",VEER30,paid,="order_TguPrIYnKHwvRN",="pay_TguQ6HO7WN2vJU",4,="phase4",balipu-x-aloysius,Balipu x Aloysius,true,false,,,="e303cbb2-ca43-412d-bdeb-9db2ed8be329",2026-09-27T03:14:33.646Z,2026-09-27T03:15:22.435Z
398,BRC-401,="401",Poorvi P.U,pupoorvi@gmail.com,="9481264618",="9481264618",="+919481264618",="13",Female,Mangaluru,="08746844969",,,WhatsApp,XS,paid,PAID ENTRY,="350",,="0",,paid,="order_TgvCdbpB33QME6",="pay_TgvD6PoEpBpE9o",4,="phase4",balipu-x-aloysius,Balipu x Aloysius,true,false,,,="ed3d1304-4313-496c-b587-1df682bbdcf7",2026-09-27T04:00:44.316Z,2026-09-27T04:02:14.296Z
399,BRC-402,="402",DEEKSHITH,deekshithdichu87@gmail.com,="9108881748",="9108881748",="+919108881748",="33",Male,Mangaluru,="9108881748",,,WhatsApp,M,paid,PAID ENTRY,="350",,="0",,paid,="order_TgvA7EmDUe2mpX",="pay_TgvANQ5dJsrWZa",4,="phase4",balipu-x-aloysius,Balipu x Aloysius,true,false,,,="173b1026-99b5-4d4e-b93c-6ef3abfa3baa",2026-09-27T03:58:21.054Z,2026-09-27T19:00:09.492Z
400,BRC-403,="403",Prathyush Vishwanath,piyushvishwanath89@gmail.com,="+91 99004 11852",="919900411852",="+919900411852",="16",Male,Mangalore,="9342320347",,,WhatsApp,M,paid,PAID ENTRY,="350",,="0",,paid,="order_TgvEw59G8muuGz",="pay_TgvF42hHZoL8ay",4,="phase4",balipu-x-aloysius,Balipu x Aloysius,true,false,,,="f2a8936e-7cfe-4c49-a462-e7b96b1fa97c",2026-09-27T04:02:54.837Z,2026-09-27T04:04:06.540Z
401,BRC-404,="404",Dishanth PT ,deepika.k14@gmail.com,="9448861079",="9448861079",="+919448861079",="16",Male,Mangalore ,="9481766883",,,WhatsApp,M,paid,PAID ENTRY,="350",,="0",,paid,="order_TgvHD5Be872n3Q",="pay_TgvHJ4jhPYlgWF",4,="phase4",balipu-x-aloysius,Balipu x Aloysius,true,false,,,="612bfd25-b95b-4ce8-9c07-a755a2b1d69f",2026-09-27T04:05:04.015Z,2026-09-27T04:06:03.265Z
402,BRC-405,="405",Piyush Vishwanath,vishwa.pavi@gmail.com,="9900411852",="9900411852",="+919900411852",="13",Male,Mangalore,="09342320347",,,College,S,paid,PAID ENTRY,="350",,="0",,paid,="order_TgvIFplcClepvS",="pay_TgvIPZBnU7vjKm",4,="phase4",balipu-x-aloysius,Balipu x Aloysius,true,false,,,="07f7e9ea-7ff4-43c8-8ada-039901c9d445",2026-09-27T04:06:03.327Z,2026-09-27T19:00:13.722Z
403,BRC-406,="406",Priyanka Praveen,priancapraveen@gmail.com,="9743317214",="9743317214",="+919743317214",="33",Female,Mangaluru,="9449857500",,,Friend / Family,XL,paid,PAID ENTRY,="350",,="0",,paid,="order_TgvecBdvyHfDve",="pay_Tgveob97o9Fyx3",4,="phase4",balipu-x-aloysius,Balipu x Aloysius,true,false,,,="37779fb5-1132-4b4b-8867-681bfc8aac60",2026-09-27T04:27:13.411Z,2026-09-27T04:28:07.220Z
404,BRC-407,="407",Dhanraj Amin,dhanrajamin61@gmail.com,="09148856435",="09148856435",="+919148856435",="28",Male,Mangaluru,="9663393074",,,Instagram,XXL,paid,PAID ENTRY,="350",,="0",,paid,="order_Tgvn66alIfuGbK",="pay_TgvnF7JA3Cbtwl",4,="phase4",balipu-x-aloysius,Balipu x Aloysius,true,false,,,="6f01aaf3-67f4-4db2-bf34-c7e8a6e15598",2026-09-27T04:35:15.228Z,2026-09-27T04:37:13.112Z
405,BRC-408,="408",Manju gowda,manjugowda082323@gmail.com,="9148998193",="9148998193",="+919148998193",="33",Male,Mangaluru ,="9148998193",,,WhatsApp,M,paid,PAID ENTRY,="280",="350",="70",30BALIPU,paid,="order_TgvoD8Pq9d2RSK",="pay_TgvokRLT3nMwLc",4,="phase4",balipu-x-aloysius,Balipu x Aloysius,true,false,,,="160486e0-1a61-4d77-81dc-0496366bc9cd",2026-09-27T04:36:18.462Z,2026-09-27T04:37:50.195Z
406,BRC-409,="409",Sanmayee Rao,sanmayee2005@gmail.com,="9663859044",="9663859044",="+919663859044",="21",Female,Mangaluru,="9845764269",,,Instagram,M,paid,PAID ENTRY,="350",,="0",,paid,="order_Tgw2brMytSrOq7",="pay_Tgw2kNzja7BXU3",4,="phase4",balipu-x-aloysius,Balipu x Aloysius,true,false,,,="66349df6-f713-4382-9ee0-673add3bfdbf",2026-09-27T04:49:56.320Z,2026-09-27T04:51:04.030Z
407,BRC-410,="410",Smayan v salian,smayanvsalian2@gmail.com,="9749799590",="9749799590",="+919749799590",="15",Male,Mangalore ,="9740799590",,,Instagram,S,paid,PAID ENTRY,="245",="350",="105",VEER30,paid,="order_TgwA3lOZSn2HWo",="pay_TgwA7aQliLFsJR",4,="phase4",balipu-x-aloysius,Balipu x Aloysius,true,false,,,="ad45fa44-89a8-4403-9f14-2291bb7af62d",2026-09-27T04:56:59.487Z,2026-09-27T04:57:39.663Z
408,BRC-411,="411",Pramod K Shetty,pramodkshetty74@gmail.com,="8088592894",="8088592894",="+918088592894",="26",Male,Mangalore ,="8088592894",,,Previous Balipu Event,XL,paid,PAID ENTRY,="350",,="0",,paid,="order_TgwGXBQloaaJkp",="pay_TgwGsCVwuEHeUO",4,="phase4",balipu-x-aloysius,Balipu x Aloysius,true,false,,,="ae82f411-106f-4342-a193-1ef25afe3cc7",2026-09-27T05:03:07.239Z,2026-09-27T05:06:17.640Z
409,BRC-412,="412",Ethan Melroy Fernandes,ethanferns31@gmail.com,="9036372499",="9036372499",="+919036372499",="15",Male,Mangalore,="9743892499",,,Friend / Family,M,paid,PAID ENTRY,="350",,="0",,paid,="order_TgwoCTftWIDhWi",="pay_TgwoIGiHdFfkw6",4,="phase4",balipu-x-aloysius,Balipu x Aloysius,true,false,,,="895d44d8-bc4f-4367-90ce-8c2db830cfaf",2026-09-27T05:34:59.477Z,2026-09-27T05:36:14.150Z
410,BRC-413,="413",DEVARAJU s n,sushmitha190894@gmail.com,="7259998359",="7259998359",="+917259998359",="39",Male,Mangalore ,="9480951127",,,Instagram,XXL,paid,PAID ENTRY,="280",="350",="70",30BALIPU,paid,="order_TgwvMZjYtpB83M",="pay_TgwvVNWFkV1IBk",4,="phase4",balipu-x-aloysius,Balipu x Aloysius,true,false,,,="d7bad574-52da-40a0-ac1c-e0f455fb53be",2026-09-27T05:41:46.334Z,2026-09-27T05:43:00.559Z
411,BRC-414,="414",SUMAN RAJ,sumansanil31@gmail.com,="8277191573",="8277191573",="+918277191573",="34",Male,Mangalore ,="9449368172",,,Instagram,M,paid,PAID ENTRY,="350",,="0",,paid,="order_Tgwv6XHw84J3De",="pay_TgwvDsC5P7vmEt",4,="phase4",balipu-x-aloysius,Balipu x Aloysius,true,false,,,="2886a798-29e7-47fa-a3b7-e646d2c7e882",2026-09-27T05:41:31.645Z,2026-09-27T05:46:32.373Z
412,BRC-415,="415",Beerappa Jyoti,lakshmibeerappajyothi@gmail.com,="7090685134",="7090685134",="+917090685134",="34",Male,Mangaluru,="7090685134",,,Friend / Family,XL,paid,PAID ENTRY,="280",="350",="70",30BALIPU,paid,="order_Tgx5psvFhTnedO",="pay_Tgx5ucHNmWqCJY",4,="phase4",balipu-x-aloysius,Balipu x Aloysius,true,false,,,="c2095c75-dbd4-4ca8-857d-0af6f09836c3",2026-09-27T05:51:41.193Z,2026-09-27T05:54:20.063Z
413,BRC-416,="416",Rahul Karkera,rahul_un4given@yahoo.co.in,="9686081019",="9686081019",="+919686081019",="38",Male,Mangalore ,="9663635856",,,WhatsApp,XL,paid,PAID ENTRY,="350",,="0",,paid,="order_TgxA7LqLhdqCQG",="pay_TgxACi1CVPD18i",4,="phase4",balipu-x-aloysius,Balipu x Aloysius,true,false,,,="860c86c0-28c3-4dda-8b5f-ff54094b5336",2026-09-27T05:55:44.385Z,2026-09-27T05:56:57.149Z
414,BRC-417,="417",Mrinal Jeppu,mrinal.jeppu2009@gmail.com,="6366874122",="6366874122",="+916366874122",="16",Male,Mangaluru,="6366874122",,,Instagram,M,paid,PAID ENTRY,="350",,="0",,paid,="order_TgxDdbEDFAkNuo",="pay_TgxDuXDOL39w5l",4,="phase4",balipu-x-aloysius,Balipu x Aloysius,true,false,,,="ca7ac069-a284-447a-827e-27d0dfc37c98",2026-09-27T05:59:04.330Z,2026-09-27T06:01:45.065Z
415,BRC-418,="418",Colson Miranda,colsonmiranda59@gmail.com,="9110281090",="9110281090",="+919110281090",="25",Male,Mangalore ,="9845429309",,,Friend / Family,L,paid,PAID ENTRY,="350",,="0",,paid,="order_Tgy7pQ2g6HDy74",="pay_Tgy824xqH6YAoo",4,="phase4",balipu-x-aloysius,Balipu x Aloysius,true,false,,,="85f5e4a6-5497-480f-ac94-55b5d911e3c5",2026-09-27T06:52:15.978Z,2026-09-27T06:54:01.170Z
416,BRC-419,="419",Dheeraj,dheerajg5478@gmail.com,="7090853261",="7090853261",="+917090853261",="24",Male,Mangaluru,="9740503261",,,Instagram,S,paid,PAID ENTRY,="350",,="0",,paid,="order_TgyN5xJli7K3eI",="pay_TgyNDljDpvXIN5",4,="phase4",balipu-x-aloysius,Balipu x Aloysius,true,false,,,="f0783899-d214-46d0-81af-7cce33530945",2026-09-27T07:06:43.127Z,2026-09-27T07:07:41.071Z
417,BRC-420,="420",JAYDEN ANTONY MONTEIRO ,naveenmonteiro27@gmail.com,="9845210630",="9845210630",="+919845210630",="13",Male,Mangalore ,="9845210630",,,WhatsApp,M,paid,PAID ENTRY,="350",,="0",,paid,="order_TgyQTddRVM6gYW",="pay_TgyQh9DgTxbn2N",4,="phase4",balipu-x-aloysius,Balipu x Aloysius,true,false,,,="ec5ece5f-0923-440e-b48b-88875087f23e",2026-09-27T07:09:55.231Z,2026-09-27T19:00:17.687Z
418,BRC-421,="421",Yathish Poojary,yathishpoojary75@gmail.com,="7795544828",="7795544828",="+917795544828",="30",Male,Mangalore ,="7795544828",,,WhatsApp,L,paid,PAID ENTRY,="350",,="0",,paid,="order_TgyXEH9Y8ly0V0",="pay_TgyXQrXEjEzJzo",4,="phase4",balipu-x-aloysius,Balipu x Aloysius,true,false,,,="8298fd79-0dad-4bea-8129-830e4f0cff61",2026-09-27T07:16:18.750Z,2026-09-27T07:17:22.565Z
419,BRC-422,="422",Tanush P,tanushp3331@gmail.com,="9513733951",="9513733951",="+919513733951",="18",Male,Mangalore,="9986062512",,,Instagram,XL,paid,PAID ENTRY,="350",,="0",,paid,="order_TgylRucesqurPN",="pay_Tgyla3HYeGmU13",4,="phase4",balipu-x-aloysius,Balipu x Aloysius,true,false,,,="3c00ae44-ac8c-4ceb-b191-48550bc7a3c1",2026-09-27T07:29:46.476Z,2026-09-27T07:30:53.265Z
420,BRC-423,="423",Darren Antony Monteiro ,jyothijude@gmail.com,="9880050980",="9880050980",="+919880050980",="14",Male,Mangalore ,="9880050980",,,Friend / Family,M,paid,PAID ENTRY,="350",,="0",,paid,="order_Tgz13Paq8bZV99",="pay_Tgz17fsnVX6pMg",4,="phase4",balipu-x-aloysius,Balipu x Aloysius,true,false,,,="3a32d93a-232b-45a8-b0a3-291c38a432db",2026-09-27T07:44:32.805Z,2026-09-27T07:45:10.066Z
421,BRC-424,="424",Adneesha chakraborty ,guniabc@gmail.com,="7022129274",="7022129274",="+917022129274",="14",Female,Mangaluru ,="7022129274",,,Instagram,S,paid,PAID ENTRY,="245",="350",="105",VEER30,paid,="order_Th03IaVt8wGDFx",="pay_Th03gCXrvGZdfW",4,="phase4",balipu-x-aloysius,Balipu x Aloysius,true,false,,,="da332e7f-e806-4168-916c-bd3bf53742ce",2026-09-27T08:45:21.928Z,2026-09-27T08:46:37.614Z
422,BRC-425,="425",Rania Ferrao,ferraorania@gmail.com,="8867601024",="8867601024",="+918867601024",="19",Female,Mangalore ,="8317427645",,,Instagram,M,paid,PAID ENTRY,="350",,="0",,paid,="order_Th08yHIoWU8zW8",="pay_Th093rXDxzjNT5",4,="phase4",balipu-x-aloysius,Balipu x Aloysius,true,false,,,="35266bbc-b755-4da4-b3b2-3983d58022c3",2026-09-27T08:50:44.121Z,2026-09-27T08:52:41.717Z
423,BRC-426,="426",Mohit Mukesh Rao,rao.mohimukesh@gmail.com,="9611515160",="9611515160",="+919611515160",="17",Male,Mangalore,="+919611515160",,,Friend / Family,XL,paid,PAID ENTRY,="350",,="0",,paid,="order_Th0DSL1vCeFZoa",="pay_Th0DWbLVkUmbZ4",4,="phase4",balipu-x-aloysius,Balipu x Aloysius,true,false,,,="bbd23b30-f136-426a-a8ca-0a79f1ccc3ef",2026-09-27T08:54:58.858Z,2026-09-27T08:55:43.933Z
424,BRC-427,="427",Shashank S Shetty,sshettyshashank497@gmail.com,="7795177029",="7795177029",="+917795177029",="20",Male,Manglore ,="9986037029",,,WhatsApp,L,paid,PAID ENTRY,="350",,="0",,paid,="order_Th0ErPxrOfc16A",="pay_Th0EydcPhluMRE",4,="phase4",balipu-x-aloysius,Balipu x Aloysius,true,false,,,="ff6e1d8c-6c3c-49fb-b13d-cc95b116dd71",2026-09-27T08:56:18.631Z,2026-09-27T08:57:30.900Z
425,BRC-428,="428",Div poojary ,divrajpoojary360@gmail.com,="9620378292",="9620378292",="+919620378292",="32",Male,Mangalore ,="7411628292",,,Instagram,XL,paid,PAID ENTRY,="245",="350",="105",VEER30,paid,="order_Th0UXyPxh2uNxd",="pay_Th0UgzJ0D3usKg",4,="phase4",balipu-x-aloysius,Balipu x Aloysius,true,false,,,="583db60f-c38b-4477-9bd9-9a898e6d055f",2026-09-27T09:11:09.624Z,2026-09-27T09:12:19.029Z
426,BRC-429,="429",James Rego,jamesrego17@gmail.com,="9187612043",="9187612043",="+919187612043",="15",Male,Mangaluru,="9008731944",,,Friend / Family,M,paid,PAID ENTRY,="245",="350",="105",VEER30,paid,="order_Th0hfqbYPCVrdu",="pay_Th0huOjUfJgDEd",4,="phase4",balipu-x-aloysius,Balipu x Aloysius,true,false,,,="957bda84-d5c5-4c51-861e-b9a82ee48fe5",2026-09-27T09:23:35.244Z,2026-09-27T09:33:55.516Z
427,BRC-430,="430",sanal cp,sanalcpradeep@gmail.com,="8943177902",="8943177902",="+918943177902",="27",Male,DAKSHINA KANNADA,="7558833287",,,Friend / Family,XL,paid,PAID ENTRY,="350",,="0",,paid,="order_Th0n2OHP9yt1sU",="pay_Th0oHCk3o0ko5D",4,="phase4",balipu-x-aloysius,Balipu x Aloysius,true,false,,,="8c337cd0-7645-49ad-b93b-cf4d9a0d60e2",2026-09-27T09:28:39.901Z,2026-09-27T09:30:48.464Z
428,BRC-431,="431",Viswas,viswassoman@gmail.com,="7558833287",="7558833287",="+917558833287",="29",Male,Mangalore,="8943177901",,,Instagram,XL,paid,PAID ENTRY,="350",,="0",,paid,="order_Th0p4Jo8H4ormH",="pay_Th0p8oUrsCW7AW",4,="phase4",balipu-x-aloysius,Balipu x Aloysius,true,false,,,="6b8493d2-a114-4e1a-8d1a-64e67b55a010",2026-09-27T09:30:35.261Z,2026-09-27T19:00:21.532Z
429,BRC-432,="432",Gilbert Alva,Gilbertain@yahoo.com,="9821726790",="9821726790",="+919821726790",="66",Male,Udupi,="9821692404",,,Friend / Family,L,paid,PAID ENTRY,="350",,="0",,paid,="order_Th0ri1tYPi58Kh",="pay_Th0rvZyYspvF2x",4,="phase4",balipu-x-aloysius,Balipu x Aloysius,true,false,,,="9938f3ee-e238-4496-85df-2d35592d7295",2026-09-27T09:33:05.254Z,2026-09-27T09:34:44.397Z
430,BRC-433,="433",Andria Joan Joshi,joanandria711@gmail.com,="8951907983",="8951907983",="+918951907983",="16",Female,Mangaluru,="9632954797",,,College,S,paid,PAID ENTRY,="350",,="0",,paid,="order_Th14wy6SUmeB9y",="pay_Th15J8vO0QeKtv",4,="phase4",balipu-x-aloysius,Balipu x Aloysius,true,false,,,="fe501118-fe45-4193-becc-ef9ef5b9eb99",2026-09-27T09:45:37.329Z,2026-09-27T09:47:29.659Z
431,BRC-434,="434",Vibha B.V,drvibha0604@gmail.com,="09972639111",="09972639111",="+919972639111",="44",Female,Mangalore,="9902747933",,,Friend / Family,L,paid,PAID ENTRY,="350",,="0",,paid,="order_Th1CKFRA3fMLHD",="pay_Th1CS8boTuODYN",4,="phase4",balipu-x-aloysius,Balipu x Aloysius,true,false,,,="b58db44e-f8df-4635-9762-8e00f8f87cb2",2026-09-27T09:52:36.262Z,2026-09-27T19:00:25.582Z
432,BRC-435,="435",ABDUL SALAM K ,salam31129@gmail.com,="9731278499",="9731278499",="+919731278499",="29",Male,Belthangady ,="7338325737",,,WhatsApp,XL,paid,PAID ENTRY,="350",,="0",,paid,="order_Th1OccmUHUfTUH",="pay_Th1Oz8ySop3TGB",4,="phase4",balipu-x-aloysius,Balipu x Aloysius,true,false,,,="609946bf-c95f-4708-b69d-d72017739fdc",2026-09-27T10:04:14.700Z,2026-09-27T10:06:16.740Z
433,BRC-436,="436",LATHA NEERAJ BARKE ,lathasuvarna11@gmail.com,="8722762188",="8722762188",="+918722762188",="46",Female,Mangalore ,="7204606495",,,Previous Balipu Event,M,paid,PAID ENTRY,="350",,="0",,paid,="order_Th1xFvEYKEL7m2",="pay_Th1xL3dmSIuro5",4,="phase4",balipu-x-aloysius,Balipu x Aloysius,true,false,,,="77dc8f02-03e3-4c9b-89c7-d65b38105a9f",2026-09-27T10:37:01.908Z,2026-09-27T10:38:13.242Z
434,BRC-437,="437",Daryl Christie Monteiro ,darylmonteiro137@gmail.com,="9108105713",="9108105713",="+919108105713",="19",Male,Mangaluru ,="9591462140",,,Friend / Family,M,paid,PAID ENTRY,="350",,="0",,paid,="order_Th29DLmWDCfvZB",="pay_Th29J9yJLvXAup",4,="phase4",balipu-x-aloysius,Balipu x Aloysius,true,false,,,="8b1ff44f-7a1a-44a3-b105-966899211821",2026-09-27T10:48:21.157Z,2026-09-27T10:49:10.410Z
435,BRC-438,="438",Sujan Joel Albuquerque ,sujanalbuquerque@gmail.com,="8123100783",="8123100783",="+918123100783",="21",Male,Mangaluru,="8123100783",,,Friend / Family,L,paid,PAID ENTRY,="350",,="0",,paid,="order_Th2HrOBBrPf6tW",="pay_Th2HvWEedcn5GD",4,="phase4",balipu-x-aloysius,Balipu x Aloysius,true,false,,,="afff1c99-38f6-4df1-ab00-efd9960fdae4",2026-09-27T10:56:32.280Z,2026-09-27T10:57:09.672Z
436,BRC-439,="439",Ramya s,ramyaalwin40@gmail.com,="9741164333",="9741164333",="+919741164333",="42",Female,Manglore ,="9996549810",,,Friend / Family,XXL,paid,PAID ENTRY,="350",,="0",,paid,="order_Th2Mg9G91HPNy3",="pay_Th2Mp9XTqPDgYY",4,="phase4",balipu-x-aloysius,Balipu x Aloysius,true,false,,,="81f932d5-0e5f-466c-a8f0-589cb71339e3",2026-09-27T11:01:05.939Z,2026-09-27T11:01:47.959Z
437,BRC-440,="440",Avinash Banjan,avinashbanjan@yahoo.com,="7996008686",="7996008686",="+917996008686",="38",Male,Surathkal,="7022953844",,,Friend / Family,XL,paid,PAID ENTRY,="350",,="0",,paid,="order_Th2NLlyhaKSbD1",="pay_Th2NVoPEcNsz9A",4,="phase4",balipu-x-aloysius,Balipu x Aloysius,true,false,,,="f3d46344-2193-4877-9da0-7f73a172a171",2026-09-27T11:01:44.074Z,2026-09-27T11:03:19.603Z
438,BRC-441,="441",chinthana jayakar,chinthanajayakar2003@gmail.com,="6364616024",="6364616024",="+916364616024",="23",Female,mangaluru,="6281528730",,,Previous Balipu Event,M,paid,PAID ENTRY,="350",,="0",,paid,="order_Th2Zq8xmRlg5SZ",="pay_Th2aF0uvt8zidc",4,="phase4",balipu-x-aloysius,Balipu x Aloysius,true,false,,,="dd75ef08-927e-4dfc-8253-0b855533dc13",2026-09-27T11:13:33.519Z,2026-09-27T11:15:43.297Z
439,BRC-442,="442",manivardhanreddy ,manivardhanreddy111@gmail.com,="6281528730",="6281528730",="+916281528730",="25",Male,mangaluru,="6364616024",,,Previous Balipu Event,L,paid,PAID ENTRY,="350",,="0",,paid,="order_Th2lFCbelExbvy",="pay_Th2lOYXuUVUuLP",4,="phase4",balipu-x-aloysius,Balipu x Aloysius,true,false,,,="380615f1-e030-4669-9fb3-f5802da77221",2026-09-27T11:24:21.258Z,2026-09-27T11:26:06.354Z
440,BRC-443,="443",Neel . M. G,jmgujaran@gmail.com,="8217288489",="8217288489",="+918217288489",="15",Male,MANGALORE ,="9900224515",,,Previous Balipu Event,M,paid,PAID ENTRY,="350",,="0",,paid,="order_Th2nxSINrjLpRE",="pay_Th2o9ehen4VGvG",4,="phase4",balipu-x-aloysius,Balipu x Aloysius,true,false,,,="049317c3-0ab6-477a-97bc-fa2fd0efaaff",2026-09-27T11:26:55.401Z,2026-09-27T11:28:36.493Z
441,BRC-444,="444",Sannu Surathkal ,santhoshbanjan@gmail.com,="9742723626",="9742723626",="+919742723626",="39",Male,Manglore ,="9880027338",,,Instagram,XL,paid,PAID ENTRY,="350",,="0",,paid,="order_Th3ILnPSjyuR6j",="pay_Th3IQi8sBXDTXG",4,="phase4",balipu-x-aloysius,Balipu x Aloysius,true,false,,,="c6e6ae2c-2e11-4a15-968f-7ee2fc3cbcfd",2026-09-27T11:55:41.714Z,2026-09-27T11:56:41.858Z
442,BRC-445,="445",Tanvi ashok anchan ,sarithaashok08@gmail.com,="9481346044",="9481346044",="+919481346044",="16",Female,Mangalore,="9481346044",,,Friend / Family,S,paid,PAID ENTRY,="245",="350",="105",VEER30,paid,="order_Th3OB7OwMv0OxI",="pay_Th3OG5lc6HGqp9",4,="phase4",balipu-x-aloysius,Balipu x Aloysius,true,false,,,="9663cfda-2b25-4a00-822b-15f8a056ea0d",2026-09-27T12:01:12.728Z,2026-09-27T12:03:01.215Z
443,BRC-446,="446",Ayush hegde,ayushhegde2012@gmail.com,="09449066193",="09449066193",="+919449066193",="14",Male,Mangluru,="9448355193",,,WhatsApp,S,paid,PAID ENTRY,="350",,="0",,paid,="order_Th51hnECR6tHG1",="pay_Th51mT3uPW2qex",4,="phase4",balipu-x-aloysius,Balipu x Aloysius,true,false,,,="edaea945-12b0-4c7d-8b94-c66e50724151",2026-09-27T13:37:19.495Z,2026-09-27T13:38:28.046Z
444,BRC-447,="447",Vivek Renol Dsouza,renil09a@gmail.com,="9902883723",="9902883723",="+919902883723",="15",Male,Mangalore ,="6362889769",,,College,XL,paid,PAID ENTRY,="350",,="0",,paid,="order_Th5ItKJwmY3AYr",="pay_Th5J24Xk8E2O3M",4,="phase4",balipu-x-aloysius,Balipu x Aloysius,true,false,,,="e6bcfbda-94a4-4a23-b349-2bea3e7d267c",2026-09-27T13:53:35.655Z,2026-09-27T13:54:27.630Z
445,BRC-448,="448",Sathya Prasad Jain,sathyaprasadjain@gmail.com,="8197223687",="8197223687",="+918197223687",="30",Male,Mangalore ,="9481974344",,,Instagram,XL,paid,PAID ENTRY,="350",,="0",,paid,="order_Th5eSvKPqeWkMa",="pay_Th5eXxv5ZXcukH",4,="phase4",balipu-x-aloysius,Balipu x Aloysius,true,false,,,="00517f18-47e6-4b83-ae37-ee1159e71a0f",2026-09-27T14:14:01.072Z,2026-09-27T14:16:19.163Z
446,BRC-449,="449",Akshay Shetty,akshayshetty716@gmail.com,="8433866157",="8433866157",="+918433866157",="26",Male,Surathkal,="9867748166",,,WhatsApp,XXL,paid,PAID ENTRY,="350",,="0",,paid,="order_Th5p8Psmsav68S",="pay_Th5pDb8bfaNPpg",4,="phase4",balipu-x-aloysius,Balipu x Aloysius,true,false,,,="1c30c346-41fa-4034-977f-c57d771a86e6",2026-09-27T14:24:07.088Z,2026-09-27T14:25:30.515Z
447,BRC-450,="450",Saloni Dsouza,salonidsouza.07@gmail.com,="9481960002",="9481960002",="+919481960002",="19",Female,Mangalore ,="9481960002",,,Instagram,XS,paid,PAID ENTRY,="315",="350",="35",10JSBALIPU,paid,="order_Th6SCplUBgW2Sh",="pay_Th6SI38z11TXd7",4,="phase4",balipu-x-aloysius,Balipu x Aloysius,true,false,,,="89894fb1-81e6-4768-9979-5bcd19b2450f",2026-09-27T15:01:06.343Z,2026-09-27T15:03:49.991Z
448,BRC-451,="451",Hrathikraj Shetty,hrathikrajshetty@gmail.com,="8618673224",="8618673224",="+918618673224",="25",Male,Udupi,="9481447188",,,WhatsApp,L,paid,PAID ENTRY,="350",,="0",,paid,="order_Th6TpF2kLcuJBr",="pay_Th6V5Q2OoSVs2U",4,="phase4",balipu-x-aloysius,Balipu x Aloysius,true,false,,,="26f4b189-7abf-4edf-82dc-52808a6b7019",2026-09-27T15:02:38.338Z,2026-09-27T15:04:55.742Z
449,BRC-452,="452",Neil leon concessio,neilconcesso10@gmail.com,="9741159282",="9741159282",="+919741159282",="22",Male,Mangalore ,="9741159282",,,Instagram,M,paid,PAID ENTRY,="350",,="0",,paid,="order_Th6dIhabYO1bM7",="pay_Th6dXx4HuMxMoV",4,="phase4",balipu-x-aloysius,Balipu x Aloysius,true,false,,,="629fcd3c-dca7-49b7-8547-cd1f4fdd2c7e",2026-09-27T15:11:36.530Z,2026-09-27T15:14:02.127Z
450,BRC-453,="453",Shane Dsouza ,rekhakavithdsouza@gmail.com,="9481634669",="9481634669",="+919481634669",="17",Male,Mangalore,="9481960002",,,Instagram,XL,paid,PAID ENTRY,="315",="350",="35",10JSBALIPU,paid,="order_Th6icOByRhd1Ij",="pay_Th6ij3pDMMzMak",4,="phase4",balipu-x-aloysius,Balipu x Aloysius,true,false,,,="c839c429-ecbd-4458-8082-317d6549c669",2026-09-27T15:16:38.563Z,2026-09-27T15:17:59.323Z
451,BRC-454,="454",Trishul Shetty,trishulshetty800@gmail.com,="8861751630",="8861751630",="+918861751630",="19",Male,Mangalore ,="8095339353",,,Friend / Family,L,paid,PAID ENTRY,="315",="350",="35",10JSBALIPU,paid,="order_Th76stX2gyOYbD",="pay_Th771c77HvML6j",4,="phase4",balipu-x-aloysius,Balipu x Aloysius,true,false,,,="ab0a26a4-52ae-4c4a-bc31-4f15f34d1e89",2026-09-27T15:39:36.889Z,2026-09-27T15:40:38.544Z
452,BRC-455,="455",Sandeep kumar M ,sandeepkulal90@gmail.com,="8904860136",="8904860136",="+918904860136",="35",Male,Bayar,="8904860136",,,College,M,paid,PAID ENTRY,="350",,="0",,paid,="order_Th7acj0TOZpmST",="pay_Th7azqNY0Mdfv0",4,="phase4",balipu-x-aloysius,Balipu x Aloysius,true,false,,,="cfbaf997-d086-40a0-bf86-65d29426aa61",2026-09-27T16:07:46.081Z,2026-09-27T16:11:42.445Z
453,BRC-456,="456",DIVYESH SOMAIAH ,anedadivyesh@gmail.com,="9353893150",="9353893150",="+919353893150",="18",Male,Mangaluru,="9448018478",,,College,M,paid,PAID ENTRY,="315",="350",="35",10JSBALIPU,paid,="order_Th7v1erum5qKGM",="pay_Th7x2MULSAqe6H",4,="phase4",balipu-x-aloysius,Balipu x Aloysius,true,false,,,="4a609970-0d02-446d-8b5b-36e0835f4fc8",2026-09-27T16:27:04.931Z,2026-09-27T16:30:51.068Z
454,BRC-457,="457",Vinola,sris230307@gmail.com,="6369230307",="6369230307",="+916369230307",="10",Female,Mangalore,="9483802343",,,Friend / Family,XS,paid,PAID ENTRY,="350",,="0",,paid,="order_Th8QZhXSngLGHB",="pay_Th8QntHL6iwaT1",4,="phase4",balipu-x-aloysius,Balipu x Aloysius,true,false,,,="b1eff891-2a57-42a7-849c-386b144a85c8",2026-09-27T16:56:56.925Z,2026-09-27T16:57:57.123Z
455,BRC-458,="458",Savio Joyston Dsouza ,pereira.juliana04@gmail.com,="7338586182",="7338586182",="+917338586182",="13",Male,Mangalore ,="9535655682",,,Instagram,XS,paid,PAID ENTRY,="245",="350",="105",VEER30,paid,="order_Th8WzpmJ2ZX24a",="pay_Th8XBz6zkQWAsk",4,="phase4",balipu-x-aloysius,Balipu x Aloysius,true,false,,,="bb1f0363-9cb1-4fbd-9f0c-e054f5580a1f",2026-09-27T17:03:01.666Z,2026-09-27T17:03:57.774Z
456,BRC-459,="459",Chaithan Salian,chaithan.salian@gmail.com,="8722320490",="8722320490",="+918722320490",="29",Male,Mangalore,="9972178028",,,WhatsApp,M,paid,PAID ENTRY,="350",,="0",,paid,="order_Th9Brq6jhLovjz",="pay_Th9BxUh3i3mHTK",4,="phase4",balipu-x-aloysius,Balipu x Aloysius,true,false,,,="5c897860-6d0a-4753-9d17-7ad008c7da11",2026-09-27T17:41:43.151Z,2026-09-27T17:42:26.152Z
457,BRC-460,="460",Shravan K,shravankulal12@gmail.com,="7090399624",="7090399624",="+917090399624",="30",Male,MANGALORE,="9449556454",,,Friend / Family,XL,paid,PAID ENTRY,="350",,="0",,paid,="order_Th9BQYbZFQxje6",="pay_Th9BWZYwqJ4aYE",4,="phase4",balipu-x-aloysius,Balipu x Aloysius,true,false,,,="49d7449a-83c5-4f1f-8e79-289c474497b4",2026-09-27T17:41:18.168Z,2026-09-27T19:00:29.640Z
458,BRC-461,="461",Pratheeksha Acharya,prathi209achar@gmail.com,="8105970189",="8105970189",="+918105970189",="31",Female,Mangaluru,="93535 09587",,,Friend / Family,M,paid,PAID ENTRY,="350",,="0",,paid,="order_Th9Uf3Xv0T7nUp",="pay_Th9UnUGeNH9Fos",4,="phase4",balipu-x-aloysius,Balipu x Aloysius,true,false,,,="42ab79ab-c26f-4298-8c77-d5bee5216c0b",2026-09-27T17:59:30.657Z,2026-09-27T18:00:50.233Z
459,BRC-462,="462",Rashmi R,rashmir3093@gmail.com,="9449658426",="9449658426",="+919449658426",="33",Female,Mangaluru,="6361854814",,,Friend / Family,M,paid,PAID ENTRY,="350",,="0",,paid,="order_Th9Xcm1SsmiNvo",="pay_Th9XjjqqgchGyW",4,="phase4",balipu-x-aloysius,Balipu x Aloysius,true,false,,,="711f79ff-c758-4428-a987-56fe94250358",2026-09-27T18:02:18.955Z,2026-09-27T18:03:15.236Z
460,BRC-463,="463",Priston Jude lopes,lopespriston@gmail.com,="8971650991",="8971650991",="+918971650991",="18",Male,Mangluru,=" 90196 54855",,,College,L,paid,PAID ENTRY,="350",,="0",,paid,="order_Th9ngONLJvgs9y",="pay_Th9s4dDsvZrT18",4,="phase4",balipu-x-aloysius,Balipu x Aloysius,true,false,,,="3ca077d6-968e-47d5-8b6a-d90515446bdd",2026-09-27T18:17:31.074Z,2026-09-27T18:22:14.260Z
461,BRC-464,="464",Rakesh Gowda,rakeshbadakabail@gmail.com,="7019842541",="7019842541",="+917019842541",="19",Male,Bantwal ,="9900973882",,,Instagram,XXL,paid,PAID ENTRY,="350",,="0",,paid,="order_ThEppETeHm2tnn",="pay_ThEpzzr6bCrMJ0",4,="phase4",balipu-x-aloysius,Balipu x Aloysius,true,false,,,="6870ec87-ffe8-4723-b198-fc1d2b24cebc",2026-09-27T23:13:00.849Z,2026-09-28T15:29:23.099Z
462,BRC-465,="465",Karan Rai,karanr8rai@gmail.com,="9980355004",="9980355004",="+919980355004",="18",Male,Mangalore,="9008941193",,,Instagram,M,paid,PAID ENTRY,="315",="350",="35",10JSBALIPU,paid,="order_ThGkUiD5W4dkc8",="pay_ThGkpwfTz5TtOT",4,="phase4",balipu-x-aloysius,Balipu x Aloysius,true,false,,,="954e294e-300e-4eca-a981-2eab9e3d7889",2026-09-28T01:05:21.278Z,2026-09-28T01:12:17.651Z
463,BRC-466,="466",Yashas kulal,yashasukulal@gmail.com,="89048 49860",="8904849860",="+918904849860",="17",Male,Mangalore ,="9860431305",,,Friend / Family,M,paid,PAID ENTRY,="315",="350",="35",10JSBALIPU,paid,="order_ThHVHIrnY2gngb",="pay_ThHVOVZJ0L8wqF",4,="phase4",balipu-x-aloysius,Balipu x Aloysius,true,false,,,="609e3acb-59f5-435e-adb9-538ac217d514",2026-09-28T01:49:38.601Z,2026-09-28T01:50:59.878Z
464,BRC-467,="467",Thilak ,thilak.kulai@gmail.com,="9964964163",="9964964163",="+919964964163",="52",Male,Mangaluru ,="9036634614",,,WhatsApp,M,paid,PAID ENTRY,="350",,="0",,paid,="order_ThJA0lR9jWogGv",="pay_ThJAHpv4f3ouKX",4,="phase4",balipu-x-aloysius,Balipu x Aloysius,true,false,,,="ff76a53e-1508-4fad-8c85-04d121304e86",2026-09-28T03:26:53.872Z,2026-09-28T03:28:33.125Z
465,BRC-468,="468",Dhanvin TS,thilak.kulai@gmail.com,="9964964163",="9964964163",="+919964964163",="14",Male,Mangalore ,="9036634614",,,WhatsApp,XS,paid,PAID ENTRY,="350",,="0",,paid,="order_ThJD1ifIfPQ4mW",="pay_ThJDAAzNriJiNw",4,="phase4",balipu-x-aloysius,Balipu x Aloysius,true,false,,,="b0d011f9-33ce-48bc-bcea-2ceb09cb738e",2026-09-28T03:29:45.156Z,2026-09-28T03:31:01.523Z
466,BRC-469,="469",Sarvothama acharya,sarvothamaacharya1996@gmail.com,="9663626598",="9663626598",="+919663626598",="30",Male,Mangalore,="7026736320",,,Instagram,L,paid,PAID ENTRY,="350",,="0",,paid,="order_ThJP9y4lfczz5E",="pay_ThJPKfldQJO5VN",4,="phase4",balipu-x-aloysius,Balipu x Aloysius,true,false,,,="0851fc7e-e900-45a8-84fd-1e7edd2df71c",2026-09-28T03:41:14.307Z,2026-09-28T03:42:14.744Z
467,BRC-470,="470",Nithin ,nithinsalian222nithu@gmail.com,="9480689181",="9480689181",="+919480689181",="36",Male,Bajpe ,="9880487330",,,Friend / Family,S,paid,PAID ENTRY,="350",,="0",,paid,="order_ThJTACzzIZc8kI",="pay_ThJTQi792nJTEQ",4,="phase4",balipu-x-aloysius,Balipu x Aloysius,true,false,,,="a19b7e93-04d7-43ca-9828-b037e4e2a064",2026-09-28T03:45:01.728Z,2026-09-28T03:47:30.080Z
468,BRC-471,="471",Shreya Shetty ,shreyashetty295@gmail.com,="7829689156",="7829689156",="+917829689156",="18",Female,Mangaluru ,="7026015413",,,Friend / Family,XS,paid,PAID ENTRY,="350",,="0",,paid,="order_ThJaXQBvnO3NpE",="pay_ThJahTJIgu1v5Y",4,="phase4",balipu-x-aloysius,Balipu x Aloysius,true,false,,,="d70d6cb2-cc88-4f88-b0b2-3f365cc03b63",2026-09-28T03:52:00.595Z,2026-09-28T03:52:53.187Z
469,BRC-472,="472",Praneeth Ganesh ,pranganheros9985@gmail.com,="8105270476",="8105270476",="+918105270476",="22",Male,Mangaluru,="9449390476",,,WhatsApp,L,paid,PAID ENTRY,="350",,="0",,paid,="order_ThJdsrQByq3wGk",="pay_ThJe0YSxalBSHD",4,="phase4",balipu-x-aloysius,Balipu x Aloysius,true,false,,,="7aeb54be-b509-463f-9543-31f2dc65fdb6",2026-09-28T03:55:10.643Z,2026-09-28T03:56:23.114Z
470,BRC-473,="473",Shivanand Kulakarni,shivanandvk16@gmail.com,="9482559047",="9482559047",="+919482559047",="40",Male,Surathkal,="9480728347",,,Other,L,paid,PAID ENTRY,="350",,="0",,paid,="order_ThKPCPkD59XK2O",="pay_ThKPWyeHZ2zOUB",4,="phase4",balipu-x-aloysius,Balipu x Aloysius,true,false,,,="bcb680af-bb7d-4793-91ef-8936285b0f17",2026-09-28T04:39:58.166Z,2026-09-28T15:29:26.568Z
471,BRC-474,="474",Lisa menezes,lisakarinamenezes@gmail.com,="7204202965",="7204202965",="+917204202965",="16",Female,Mangalore ,="9921628225",,,College,M,paid,PAID ENTRY,="350",,="0",,paid,="order_ThKH2sZJlJcpiK",="pay_ThKajo2znzW6zt",4,="phase4",balipu-x-aloysius,Balipu x Aloysius,true,false,,,="48492e55-3bf1-4c48-8e17-69f06e16c99b",2026-09-28T04:32:15.038Z,2026-09-28T04:51:58.558Z
472,BRC-475,="475",Pramith R Rao,pramithrrao5@gmail.com,="9035145622",="9035145622",="+919035145622",="17",Male,Mangaluru ,="9964553258",,,Friend / Family,M,paid,PAID ENTRY,="350",,="0",,paid,="order_ThKi0V6siWipMi",="pay_ThKiCssUNVA0V2",4,="phase4",balipu-x-aloysius,Balipu x Aloysius,true,false,,,="49c712e8-2058-4a92-960e-4e1b78c96623",2026-09-28T04:57:46.455Z,2026-09-28T05:01:14.154Z
473,BRC-476,="476",Pradhyoth R Rao,rao.raghavendra1971@gmail.com,="09964553258",="09964553258",="+919964553258",="15",Male,ಮಂಗಳೂರು ,="9035145622",,,Friend / Family,M,paid,PAID ENTRY,="350",,="0",,paid,="order_ThKlrK3UAmywiS",="pay_ThKlvS5ZA0hvQz",4,="phase4",balipu-x-aloysius,Balipu x Aloysius,true,false,,,="8074e3de-9c00-41f4-a5c6-d3026c4cd257",2026-09-28T05:01:25.245Z,2026-09-28T05:06:51.624Z
474,BRC-477,="477",Rithuparna ,rithuparnaks@gmail.com,="70198 21295",="7019821295",="+917019821295",="21",Female,Mangalore ,="8310438364",,,Instagram,L,paid,PAID ENTRY,="350",,="0",,paid,="order_ThLHu9sL2deBOy",="pay_ThLI7hGfId3DXV",4,="phase4",balipu-x-aloysius,Balipu x Aloysius,true,false,,,="78eda0e7-b7e2-4b07-91a1-e87f64654b50",2026-09-28T05:31:45.467Z,2026-09-28T05:32:30.985Z
475,BRC-478,="478",DIVAGARAN BALUSAMY,alphasagittariii@gmail.com,="8973583785",="8973583785",="+918973583785",="27",Male,Mangalore,="8973583785",,,WhatsApp,M,paid,PAID ENTRY,="315",="350",="35",10JSBALIPU,paid,="order_ThLXHULQeiPPw9",="pay_ThLYF1eWu9xlqU",4,="phase4",balipu-x-aloysius,Balipu x Aloysius,true,false,,,="57b8d4c6-816b-44a6-b59e-04e7364ca434",2026-09-28T05:46:18.840Z,2026-09-28T05:47:59.472Z
476,BRC-479,="479", B Mangala Kamath,bmanjunathkamath@gmail.com,="9980269041",="9980269041",="+919980269041",="44",Female,Mangaluru,="9833138180",,,Instagram,L,paid,PAID ENTRY,="350",,="0",,paid,="order_ThLhWG6HAN1Ogs",="pay_ThLhguoJK7Hea0",4,="phase4",balipu-x-aloysius,Balipu x Aloysius,true,false,,,="c87d4863-f03d-44c5-be9f-2409ba23cf35",2026-09-28T05:56:00.365Z,2026-09-28T05:56:59.484Z
477,BRC-480,="480",Gautham Poojary ,gautamkiki4@gmail.com,="9741275946",="9741275946",="+919741275946",="25",Male,Karkala,="9880502857",,,Instagram,M,paid,PAID ENTRY,="350",,="0",,paid,="order_ThLjwkIF3igWdd",="pay_ThLk0OZsqDoOt6",4,="phase4",balipu-x-aloysius,Balipu x Aloysius,true,false,,,="d814b540-7e40-4fb4-9864-e5bcb7a85661",2026-09-28T05:58:18.230Z,2026-09-28T05:58:58.396Z
478,BRC-481,="481",BALAKRISHNA,amdbalu@gmail.com,="9844060081",="9844060081",="+919844060081",="52",Male,Mangaluru,="7795439343",,,Friend / Family,L,paid,PAID ENTRY,="350",,="0",,paid,="order_ThLvPXcVTlYsNM",="pay_ThLw0BkI0RsRWp",4,="phase4",balipu-x-aloysius,Balipu x Aloysius,true,false,,,="e1797276-4580-4919-aaf8-cac5ead27b2b",2026-09-28T06:09:09.413Z,2026-09-28T06:10:11.497Z
479,BRC-482,="482",Raveendra Urva,amdbalu@gmail.com,="7795439343",="7795439343",="+917795439343",="52",Male,Mangaluru,="9844060081",,,Friend / Family,XXL,paid,PAID ENTRY,="350",,="0",,paid,="order_ThLzqRM0oW0QU3",="pay_ThM0E0apGHDhAb",4,="phase4",balipu-x-aloysius,Balipu x Aloysius,true,false,,,="27421981-684d-4fe4-a973-1ef2df437c6d",2026-09-28T06:13:21.260Z,2026-09-28T06:14:05.485Z
480,BRC-483,="483",Preetham Pai D,preethampaid@gmail.com,="8971611311",="8971611311",="+918971611311",="27",Male,Mangalore,="9845733070",,,WhatsApp,XL,paid,PAID ENTRY,="245",="350",="105",VEER30,paid,="order_ThM30kdWK4Z6CI",="pay_ThM4RMLuuXohLv",4,="phase4",balipu-x-aloysius,Balipu x Aloysius,true,false,,,="e4d33aea-7a07-4bd5-ad58-0ced07c2b866",2026-09-28T06:16:21.104Z,2026-09-28T06:18:19.234Z
481,BRC-484,="484",M Sanjana Kamath,msanjanakamath@gmail.com,="9535550756",="9535550756",="+919535550756",="29",Female,Mangalore,="9845733070",,,WhatsApp,L,paid,PAID ENTRY,="245",="350",="105",VEER30,paid,="order_ThMEXIiFF78SPd",="pay_ThMEgqf1H9dF4x",4,="phase4",balipu-x-aloysius,Balipu x Aloysius,true,false,,,="3cfa9e7f-3017-4dfa-9f86-f9ebb5d98b65",2026-09-28T06:27:15.728Z,2026-09-28T15:29:29.623Z
482,BRC-485,="485",Martin Singh ,martinrajasingh07@gmail.com,="08898617075",="08898617075",="+918898617075",="33",Male,Mangalore ,="8973583785",,,WhatsApp,L,paid,PAID ENTRY,="315",="350",="35",10JSBALIPU,paid,="order_ThMHJXgLBOPQAo",="pay_ThMI8Sjc6mClWQ",4,="phase4",balipu-x-aloysius,Balipu x Aloysius,true,false,,,="aeeafda5-e0df-42b6-88de-5a18b9c762a7",2026-09-28T06:29:53.526Z,2026-09-28T06:31:29.487Z
483,BRC-486,="486",Rishika Kumari,rishi205002@gmail.com,="7979868270",="7979868270",="+917979868270",="24",Female,Mangaluru,="9956294003",,,Friend / Family,L,paid,PAID ENTRY,="175",="350",="175",ALOYSIUS,paid,="order_ThMKWNEsRMEUfm",="pay_ThMKkJbSJxWLhk",4,="phase4",balipu-x-aloysius,Balipu x Aloysius,true,false,,,="2f23ab58-271c-49a5-8d67-3985e8e13cc8",2026-09-28T06:32:55.684Z,2026-09-28T06:33:46.405Z
484,BRC-487,="487",Tilak Shetty,thilakshetty30@gmail.com,="9611615762",="9611615762",="+919611615762",="28",Male,Mangaluru,="9740553372",,,WhatsApp,XL,paid,PAID ENTRY,="350",,="0",,paid,="order_ThMQ9hQ6soLRuN",="pay_ThMQJypiQqQwVD",4,="phase4",balipu-x-aloysius,Balipu x Aloysius,true,false,,,="65c50349-bb27-436d-9e34-376a025f0f4a",2026-09-28T06:38:15.707Z,2026-09-28T06:39:01.662Z
485,BRC-488,="488",Akshitha Shetty ,akshithashetty971@gmail.com,="9108878971",="9108878971",="+919108878971",="24",Female,Mangalore ,="7899386068",,,Instagram,S,paid,PAID ENTRY,="350",,="0",,paid,="order_ThMVBlrusQZVFJ",="pay_ThMVFxpmmUzve4",4,="phase4",balipu-x-aloysius,Balipu x Aloysius,true,false,,,="e3531bc7-b1a9-45c0-8fa8-18ba37ce2447",2026-09-28T06:43:01.608Z,2026-09-28T15:35:39.141Z
486,BRC-489,="489",Raj Kumar K,steavejobs07raj@gmail.com,="9790655362",="9790655362",="+919790655362",="25",Male,Mangaluru,="8015763700",,,WhatsApp,XL,paid,PAID ENTRY,="245",="350",="105",VEER30,paid,="order_ThMVnRXi6moMF0",="pay_ThMYNeZsLMbJav",4,="phase4",balipu-x-aloysius,Balipu x Aloysius,true,false,,,="69d6ba1b-3c1b-46d0-9fbb-e5d33c3c78a5",2026-09-28T06:43:36.116Z,2026-09-28T15:33:27.156Z
487,BRC-490,="490",Shawn Pacheco,shawn.pacheco.goa@gmail.com,="7057387884",="7057387884",="+917057387884",="23",Male,Mangalore ,="7057387884",,,Instagram,M,paid,PAID ENTRY,="175",="350",="175",ALOYSIUS,paid,="order_ThMfIwOGjxO7g6",="pay_ThMfa1QyIhZKNq",4,="phase4",balipu-x-aloysius,Balipu x Aloysius,true,false,,,="dd35ca7b-5d3a-4c59-8067-14c623545d00",2026-09-28T06:52:36.176Z,2026-09-28T06:53:28.057Z
488,BRC-491,="491",Shravan S g,shravansg347@gmail.com,="8073519673",="8073519673",="+918073519673",="18",Male,Manglore ,="8073519673",,,Friend / Family,M,paid,PAID ENTRY,="350",,="0",,paid,="order_ThMnwo7Xf1GIlL",="pay_ThMo4hLYn6jIQK",4,="phase4",balipu-x-aloysius,Balipu x Aloysius,true,false,,,="d12e75ca-adfe-4fa9-95b0-08161320693b",2026-09-28T07:00:47.102Z,2026-09-28T07:01:33.124Z
489,BRC-492,="492",Sudarshan ,sudarshanshi473@gmail.com,="7022435142",="7022435142",="+917022435142",="29",Male,Mangalore ,="9740141596",,,Other,L,paid,PAID ENTRY,="280",="350",="70",30BALIPU,paid,="order_ThMwvvipNLD4cg",="pay_ThMx4H27qSI1X3",4,="phase4",balipu-x-aloysius,Balipu x Aloysius,true,false,,,="c63a193f-7c0f-4f97-b81e-18f0017624ca",2026-09-28T07:09:17.502Z,2026-09-28T15:35:12.162Z
490,BRC-493,="493",Pavan Kumar ,pavankumarbantwal413@gmail.com,="9008935606",="9008935606",="+919008935606",="28",Male,BC road ,="9741131480",,,WhatsApp,M,paid,PAID ENTRY,="280",="350",="70",30BALIPU,paid,="order_ThN8mgC0hWwGvN",="pay_ThN8sWN9dAX9O0",4,="phase4",balipu-x-aloysius,Balipu x Aloysius,true,false,,,="6a327bd7-813e-4baf-a936-dd8e47480996",2026-09-28T07:20:30.629Z,2026-09-28T07:21:59.522Z
491,BRC-494,="494",Deepansh Shetty,deepanshshetty@gmail.com,="9886710896",="9886710896",="+919886710896",="13",Male,Puttur,="9900794746",,,WhatsApp,M,paid,PAID ENTRY,="350",,="0",,paid,="order_ThNH3wi1Ho5K5I",="pay_ThNITYFznffUjh",4,="phase4",balipu-x-aloysius,Balipu x Aloysius,true,false,,,="87ad7a85-dc7c-4239-8cee-47c586829908",2026-09-28T07:28:20.850Z,2026-09-28T07:30:07.107Z
492,BRC-495,="495",Gujran Swathi,swathim6531@gmail.com,="07337865822",="07337865822",="+917337865822",="29",Female,Manglore ,="9964280253",,,Friend / Family,XL,paid,PAID ENTRY,="280",="350",="70",30BALIPU,paid,="order_ThMs8xFgle76Vt",="pay_ThMsFPOB9qjaNG",4,="phase4",balipu-x-aloysius,Balipu x Aloysius,true,false,,,="60bdcf62-40ec-4646-a84b-61d864b04d1a",2026-09-28T07:04:45.436Z,2026-09-28T07:42:25.314Z
493,BRC-496,="496",Deekshith ,poojary9k@gamil.com,="9945556957",="9945556957",="+919945556957",="28",Male,Kavalkatte,="9008935606",,,WhatsApp,L,paid,PAID ENTRY,="280",="350",="70",30BALIPU,paid,="order_ThNX1jrtu8qSf3",="pay_ThNX72XI8brtn2",4,="phase4",balipu-x-aloysius,Balipu x Aloysius,true,false,,,="5ac527eb-a906-454f-a53b-c85bdb84d33d",2026-09-28T07:43:27.631Z,2026-09-28T07:46:33.735Z
494,BRC-497,="497",Prathik Ramesh,prathik_ramesh@staloysius.edu.in,="9916289431",="9916289431",="+919916289431",="25",Male,Mangaluru,="9741754104",,,WhatsApp,L,paid,PAID ENTRY,="350",,="0",,paid,="order_ThNbsvAA6U2PXh",="pay_ThNd1P1hUt4Mej",4,="phase4",balipu-x-aloysius,Balipu x Aloysius,true,false,,,="e96ab8f7-68af-4bcf-b058-21c7d60fd667",2026-09-28T07:48:03.554Z,2026-09-28T07:49:29.547Z
495,BRC-498,="498",Afthab Sheikh ,afthabsheikh50@gmail.com,="74837 86517",="7483786517",="+917483786517",="27",Male,Mangalore,="74837 86517",,,WhatsApp,XL,paid,PAID ENTRY,="350",,="0",,paid,="order_ThNfXzvdw8QiHZ",="pay_ThNffJgPdL70tp",4,="phase4",balipu-x-aloysius,Balipu x Aloysius,true,false,,,="2dba2acd-41df-4357-a098-25cda606442e",2026-09-28T07:51:31.585Z,2026-09-28T07:52:22.519Z
496,BRC-499,="499",Medhansh Nayak ,axinbeast1411@gmail.com,="9741916677",="9741916677",="+919741916677",="19",Male,Mangaluru ,="9741916677",,,Friend / Family,M,paid,PAID ENTRY,="350",,="0",,paid,="order_ThNhKXMdtgBAhe",="pay_ThNhOB9TrFucuW",4,="phase4",balipu-x-aloysius,Balipu x Aloysius,true,false,,,="af7c0044-6e29-4726-bc24-85719e69095b",2026-09-28T07:53:12.854Z,2026-09-28T07:55:23.551Z
497,BRC-500,="500",Shreyas ,kotianshreyas78@gmail.com,="9353004811",="9353004811",="+919353004811",="16",Male,Mangalore,="9535827056",,,Instagram,L,paid,PAID ENTRY,="315",="350",="35",10JSBALIPU,paid,="order_ThNkWR0OWBA3F1",="pay_ThNkbtulvC3r5F",4,="phase4",balipu-x-aloysius,Balipu x Aloysius,true,false,,,="7acb43e8-bdf5-44ce-b76e-3e46ab189a0d",2026-09-28T07:56:14.158Z,2026-09-28T07:57:17.557Z
498,BRC-501,="501",Santhosh birwaz,santhosh9743573027@gmail.com,="9743573027",="9743573027",="+919743573027",="36",Male,Manglore bajpe,="8105438343",,,Instagram,XL,paid,PAID ENTRY,="350",,="0",,paid,="order_ThNng7JwBoUEcp",="pay_ThNnqXccf1XK47",4,="phase4",balipu-x-aloysius,Balipu x Aloysius,true,false,,,="4eb2b395-0326-456a-8067-fe4f3aee2e56",2026-09-28T07:59:13.425Z,2026-09-28T08:02:15.244Z
499,BRC-502,="502",GURU PRASAD PRASAD,ramakanthi007@gmail.com,="09141272017",="09141272017",="+919141272017",="50",Male,Mangalore,="9731777444",,,WhatsApp,XL,paid,PAID ENTRY,="350",,="0",,paid,="order_ThNxXKZAUhMcW8",="pay_ThNxfgKM4rIQDz",4,="phase4",balipu-x-aloysius,Balipu x Aloysius,true,false,,,="e58699b2-06be-452d-b841-9c10467c9c6f",2026-09-28T08:08:33.381Z,2026-09-28T08:09:29.580Z
500,BRC-503,="503",Naveen Kumar,kmrnvn37@gmail.com,="9740609312",="9740609312",="+919740609312",="32",Male,Panambur,="8884735091",,,WhatsApp,L,paid,PAID ENTRY,="350",,="0",,paid,="order_ThO5Z67sX1BPwG",="pay_ThO5fZVJzWqGSr",4,="phase4",balipu-x-aloysius,Balipu x Aloysius,true,false,,,="5b09e889-7aae-44ba-9403-ae024a19ba4b",2026-09-28T08:16:09.405Z,2026-09-28T08:16:52.114Z
501,BRC-504,="504",Vijith Shetty,vijithshetty341@gmail.com,="8780360729",="8780360729",="+918780360729",="28",Male,Mangalore,="7600091099",,,Friend / Family,XL,paid,PAID ENTRY,="350",,="0",,paid,="order_ThODUDpXBHRiIb",="pay_ThODYh32ecm1VO",4,="phase4",balipu-x-aloysius,Balipu x Aloysius,true,false,,,="53ca762b-b4fb-4a01-8160-cf15341218e8",2026-09-28T08:23:39.336Z,2026-09-28T08:24:15.986Z
502,BRC-505,="505",Muhammed Suhail,mohammedsuhail645@gmail.com,="8050842608",="8050842608",="+918050842608",="30",Male,Mangalore,="9741636355",,,WhatsApp,M,paid,PAID ENTRY,="350",,="0",,paid,="order_ThODD02LDNGLO0",="pay_ThODyYdPSeJeP0",4,="phase4",balipu-x-aloysius,Balipu x Aloysius,true,false,,,="1622391e-faae-48b5-a17e-fcb9196a5481",2026-09-28T08:23:23.562Z,2026-09-28T08:24:35.566Z
503,BRC-506,="506",DELRIN DMELLO,delrindmello@gmail.com,="8217560628",="8217560628",="+918217560628",="28",Female,MANGALURU,="8217560628",,,Friend / Family,L,paid,PAID ENTRY,="350",,="0",,paid,="order_ThODnMKNQNNnNh",="pay_ThODqtCE7Sd0dx",4,="phase4",balipu-x-aloysius,Balipu x Aloysius,true,false,,,="900a325f-f04f-4d63-a5e3-1caf68856e40",2026-09-28T08:23:56.867Z,2026-09-28T08:24:41.566Z
504,BRC-507,="507",Sereena Sonny,sereenasonny@gmail.com,="7817977739",="7817977739",="+917817977739",="24",Female,Mangaluru,="7979868270",,,Friend / Family,XL,paid,PAID ENTRY,="175",="350",="175",ALOYSIUS,paid,="order_ThOFxC4R5x3aHX",="pay_ThOG5qBBbfn4bg",4,="phase4",balipu-x-aloysius,Balipu x Aloysius,true,false,,,="2eccf433-f883-4db0-a728-3a45417dd9c3",2026-09-28T08:25:59.479Z,2026-09-28T08:26:52.719Z
505,BRC-508,="508",Divina Shanthi Coelho,shanthidr30@gmail.com,="08951041050",="08951041050",="+918951041050",="27",Female,Mangalore,="7899110230",,,Friend / Family,XL,paid,PAID ENTRY,="350",,="0",,paid,="order_ThP3B30ti8ZtI8",="pay_ThP3NcTXoLmfsp",4,="phase4",balipu-x-aloysius,Balipu x Aloysius,true,false,,,="9bedb585-832a-43c8-a455-fb3a385b20e0",2026-09-28T09:12:35.382Z,2026-09-28T09:14:46.688Z
506,BRC-509,="509",Ayush N Rao,ayushrao1703@gmail.com,="7022433658",="7022433658",="+917022433658",="23",Male,Mangaluru,="9880895368",,,Friend / Family,M,paid,PAID ENTRY,="245",="350",="105",VEER30,paid,="order_ThPFI47tTGRGf6",="pay_ThPFRINLeB1om5",4,="phase4",balipu-x-aloysius,Balipu x Aloysius,true,false,,,="015afbe2-bfed-4f20-ab36-509494fa7dba",2026-09-28T09:24:03.414Z,2026-09-28T09:25:25.045Z
507,BRC-510,="510",Deekshitha Coelho,cdeekshitha@gmail.com,="7899110230",="7899110230",="+917899110230",="32",Female,Mangaluru,="9964213046",,,Friend / Family,L,paid,PAID ENTRY,="350",,="0",,paid,="order_ThQIGe60LseXTc",="pay_ThQIOMaXcrLGwL",4,="phase4",balipu-x-aloysius,Balipu x Aloysius,true,false,,,="8dff6d60-7f32-461f-8ce5-c7bf68b71499",2026-09-28T10:25:34.125Z,2026-09-28T15:29:11.448Z
508,BRC-511,="511",Rinson Dsouza ,dsouzarinson@gmail.com,="9008897405",="9008897405",="+919008897405",="20",Male,Manglore ,=" 63646 29746",,,College,M,paid,PAID ENTRY,="350",,="0",,paid,="order_ThQlhYK5WSFanj",="pay_ThQlmDyOkpRQDE",4,="phase4",balipu-x-aloysius,Balipu x Aloysius,true,false,,,="50b90df6-6c79-4255-981a-db26a269c9c8",2026-09-28T10:53:25.997Z,2026-09-28T15:29:15.960Z
509,BRC-512,="512",Daksh S Shet,dakshsshet@gmail.com,="8073250139",="8073250139",="+918073250139",="18",Male,Mangalore ,="7353756161",,,Friend / Family,L,paid,PAID ENTRY,="315",="350",="35",10JSBALIPU,paid,="order_ThQvZ8TSgC920x",="pay_ThQvcddmuuQwkz",4,="phase4",balipu-x-aloysius,Balipu x Aloysius,true,false,,,="e158b7b0-a244-4899-b9a2-c45824cfa243",2026-09-28T11:02:46.297Z,2026-09-28T11:03:51.751Z
510,BRC-513,="513",Shashanka B C,shashankabattodi24@gmail.com,="8861283213",="8861283213",="+918861283213",="27",Male,Mangaluru ,="9482743363",,,Friend / Family,M,paid,PAID ENTRY,="350",,="0",,paid,="order_ThR3Ti5B3VuwbY",="pay_ThR3drfAW3osWi",4,="phase4",balipu-x-aloysius,Balipu x Aloysius,true,false,,,="f7a4849b-7f4b-446b-9f1b-8678abc4c85d",2026-09-28T11:10:15.708Z,2026-09-28T11:11:15.319Z
511,BRC-514,="514",Divya D ,divya9gowda@gmail.com,="8197072294",="8197072294",="+918197072294",="36",Female,Vamanjoor,="8197072295",,,College,M,paid,PAID ENTRY,="350",,="0",,paid,="order_ThR7V9FQD09nJk",="pay_ThR7f368j8JEDo",4,="phase4",balipu-x-aloysius,Balipu x Aloysius,true,false,,,="d312af0a-2604-4c87-b6a6-71e9e448d04a",2026-09-28T11:14:04.228Z,2026-09-28T11:15:28.154Z
512,BRC-515,="515",Arush. A. Puthtan,reshmaputhran28@gmail.com,="8050418198",="8050418198",="+918050418198",="13",Male,Manglore,="9535220198",,,Instagram,S,paid,PAID ENTRY,="350",,="0",,paid,="order_ThRb2G2nC6DNJD",="pay_ThRbBbo4t8wjqh",4,="phase4",balipu-x-aloysius,Balipu x Aloysius,true,false,,,="18dfbc22-6b4c-49e3-b3d8-0575ba32d902",2026-09-28T11:42:01.764Z,2026-09-28T11:43:48.221Z
513,BRC-516,="516",Eshan Pinto ,prakash.pinto1984@gmail.com,="09844014146",="09844014146",="+919844014146",="11",Male,Mangalore,="9164588644",,,Friend / Family,XS,paid,PAID ENTRY,="350",,="0",,paid,="order_ThRdyDAoMokah5",="pay_ThRe3962s4B9vT",4,="phase4",balipu-x-aloysius,Balipu x Aloysius,true,false,,,="c66f60f8-fd5d-43b0-8ce9-2d8ef7ec70a3",2026-09-28T11:44:48.457Z,2026-09-28T11:48:32.142Z
514,BRC-517,="517",Ethan Pinto,prakash.pinto1984@gmail.com,="09844014146",="09844014146",="+919844014146",="14",Male,Mangalore,="9164588644",,,Friend / Family,S,paid,PAID ENTRY,="350",,="0",,paid,="order_ThRkIgcPEUHDko",="pay_ThRkNheNmoj9B3",4,="phase4",balipu-x-aloysius,Balipu x Aloysius,true,false,,,="a34c0484-8f73-4fed-aa7b-9b1a6bd72111",2026-09-28T11:50:48.016Z,2026-09-28T11:51:32.744Z
515,BRC-518,="518",Rajesh Kulal,nishithamin000@gmail.com,="9739382439",="9739382439",="+919739382439",="44",Male,Mangalore,="9739382439",,,WhatsApp,L,paid,PAID ENTRY,="350",,="0",,paid,="order_ThRl2LE5FJ3NPI",="pay_ThRl9Xk2KvKSYD",4,="phase4",balipu-x-aloysius,Balipu x Aloysius,true,false,,,="c62b1de5-d019-40f3-91b2-eec1f5c4a8b4",2026-09-28T11:51:29.842Z,2026-09-28T11:52:58.814Z
516,BRC-519,="519",Shivaram Konchady,sowmyatrishask@gmail.com,="9845564294",="9845564294",="+919845564294",="62",Male,Mangaluru ,="9620333252",,,WhatsApp,M,paid,PAID ENTRY,="350",,="0",,paid,="order_ThSQe1mio12uth",="pay_ThSQs7RS0Wl39v",4,="phase4",balipu-x-aloysius,Balipu x Aloysius,true,false,,,="b6c63636-6b03-4c9b-a91d-5888453d8ee4",2026-09-28T12:30:53.193Z,2026-09-28T15:29:33.086Z
517,BRC-520,="520",Guruprasad ,suvarnashruthi45@gmail.com,="8792342214",="8792342214",="+918792342214",="46",Male,Mangalore ,="9845145389",,,Instagram,M,paid,PAID ENTRY,="350",,="0",,paid,="order_ThSj2wZQqEcBPu",="pay_ThSj8At0ug1vpz",4,="phase4",balipu-x-aloysius,Balipu x Aloysius,true,false,,,="07632f0c-0bd3-46ac-9d47-91f26e6e9b0c",2026-09-28T12:48:18.410Z,2026-09-28T12:50:05.991Z
518,BRC-521,="521",mishty,suvarnashruthi45@gmail.com,="8792342214",="8792342214",="+918792342214",="12",Female,Mangalore ,="9845145389",,,Instagram,S,paid,PAID ENTRY,="350",,="0",,paid,="order_ThSmeH6fYTgqBR",="pay_ThSmiMcrBlnI6B",4,="phase4",balipu-x-aloysius,Balipu x Aloysius,true,false,,,="9192d0d3-59ff-4985-a3e6-4a723fd1449a",2026-09-28T12:51:43.017Z,2026-09-28T12:52:53.480Z
519,BRC-522,="522",Mayra shetty,suvarnashruthi45@gmail.com,="9845145389",="9845145389",="+919845145389",="9",Female,Mangalore ,="9148821934",,,Instagram,XS,paid,PAID ENTRY,="350",,="0",,paid,="order_ThSrHuOb8EG0Yh",="pay_ThSrOJW8IRoQ2a",4,="phase4",balipu-x-aloysius,Balipu x Aloysius,true,false,,,="8508f63d-2a3e-4b50-af85-3ab2165b8388",2026-09-28T12:56:06.524Z,2026-09-28T15:29:20.077Z
520,BRC-523,="523",Nathan Patrick Suares,nathansuares45@gmail.com,="9108947157",="9108947157",="+919108947157",="20",Male,Mangaluru,="9008897405",,,Friend / Family,L,paid,PAID ENTRY,="350",,="0",,paid,="order_ThT04qBsJjtAGM",="pay_ThT0MEKfnxVJYS",4,="phase4",balipu-x-aloysius,Balipu x Aloysius,true,false,,,="305bd8f0-b40a-4c41-b237-3ac338f08497",2026-09-28T13:04:25.754Z,2026-09-28T13:05:19.069Z
521,BRC-524,="524",MARK ARYAN NORONHA ,REENA514@GMAIL.COM,="8050979404",="8050979404",="+918050979404",="16",Male,Mangaluru,="9845063822",,,Friend / Family,L,paid,PAID ENTRY,="350",,="0",,paid,="order_ThT7YR02drJLZi",="pay_ThT7hcfyjqFdST",4,="phase4",balipu-x-aloysius,Balipu x Aloysius,true,false,,,="9874b518-4f6c-45fe-b16c-edee8676bbc6",2026-09-28T13:11:30.467Z,2026-09-28T13:12:29.384Z
522,BRC-525,="525",Srikar Sai,srikarsai27511@gmail.com,="9632299897",="9632299897",="+919632299897",="15",Male,Mangalore ,="9449024837",,,Instagram,L,paid,PAID ENTRY,="245",="350",="105",VEER30,paid,="order_ThT7kirpiXWmTv",="pay_ThT7sv47rU4MWY",4,="phase4",balipu-x-aloysius,Balipu x Aloysius,true,false,,,="47f91fe0-aed1-45e5-b991-3c29ea0819b2",2026-09-28T13:11:41.723Z,2026-09-28T13:12:46.613Z
523,BRC-526,="526",Ashley Dsouza ,personalashley77@gmail.com,="9448636062",="9448636062",="+919448636062",="27",Female,Manglore ,="+91 72042 66240",,,Instagram,L,paid,PAID ENTRY,="350",,="0",,paid,="order_ThTjS42AHXPBK3",="pay_ThTjYaLmAQnxP2",4,="phase4",balipu-x-aloysius,Balipu x Aloysius,true,false,,,="28b3c134-9805-41ff-980b-f4802ed643e3",2026-09-28T13:47:23.039Z,2026-09-28T13:48:23.388Z
524,BRC-527,="527",RASHITHA.N.S,rashithasujatha249@gmail.com,="7356106091",="7356106091",="+917356106091",="17",Female,Mangaluru,="8138950693",,,Friend / Family,M,paid,PAID ENTRY,="350",,="0",,paid,="order_ThT8rsnJbUsjJr",="MANUAL_ADMIN_CONFIRM",4,="phase4",balipu-x-aloysius,Balipu x Aloysius,true,false,,,="941f77a2-26bc-40a7-8aee-d48044ee08b5",2026-09-28T13:12:45.097Z,2026-09-28T13:48:29.137Z
525,BRC-528,="528",Manith Muthanna,manithmuthanna67@gmail.com,="9980577471",="9980577471",="+919980577471",="13",Male,Mangalore ,="9980577471",,,Friend / Family,M,paid,PAID ENTRY,="245",="350",="105",VEER30,paid,="order_ThTmP5WbRAWuWg",="pay_ThTmaNgRmGRtAQ",4,="phase4",balipu-x-aloysius,Balipu x Aloysius,true,false,,,="7d14cc75-8ae3-4398-9de0-bb1c1fc2ba16",2026-09-28T13:50:10.713Z,2026-09-28T13:52:02.163Z
526,BRC-529,="529",Lathika k,lathika138@gmail.com,="7204266240",="7204266240",="+917204266240",="28",Female,Mangaluru,="9606159875",,,Instagram,M,paid,PAID ENTRY,="350",,="0",,paid,="order_ThTqWNpS02vpvH",="pay_ThTqaf2EyZ67hG",4,="phase4",balipu-x-aloysius,Balipu x Aloysius,true,false,,,="f461e361-9286-4b40-b3c1-64103e0a3361",2026-09-28T13:54:04.600Z,2026-09-28T13:54:48.963Z
527,BRC-530,="530",Asha,ashalathappoojary@gmail.com,="8431108338",="8431108338",="+918431108338",="27",Female,Manglore ,="+917411133991",,,Instagram,M,paid,PAID ENTRY,="315",="350",="35",10JSBALIPU,paid,="order_ThTvmgeaWuXvcW",="pay_ThTvrQBszjfJic",4,="phase4",balipu-x-aloysius,Balipu x Aloysius,true,false,,,="3c231d6b-b937-4283-b040-0943bb8b9649",2026-09-28T13:59:03.537Z,2026-09-28T14:00:19.003Z
528,BRC-531,="531",VIKAS S R ,vikassrsr8@gmail.com,="9019814700",="9019814700",="+919019814700",="22",Male,Mulki,="9686750879",,,WhatsApp,XL,paid,PAID ENTRY,="350",,="0",,paid,="order_ThTwBC9y6CWhdi",="pay_ThTwI69Mv61slw",4,="phase4",balipu-x-aloysius,Balipu x Aloysius,true,false,,,="4ca2ca41-5d12-47f2-a5b2-5ee4c97e312a",2026-09-28T13:59:25.989Z,2026-09-28T14:00:51.198Z
529,BRC-532,="532",Manish H Poojary,manishhpoojary987@gmail.com,="9901215311",="9901215311",="+919901215311",="18",Male,Moodbidri,="9008062444",,,Instagram,M,paid,PAID ENTRY,="350",,="0",,paid,="order_ThU0UPWasDc36a",="pay_ThU0fDGjXndqbM",4,="phase4",balipu-x-aloysius,Balipu x Aloysius,true,false,,,="20b43302-ff47-402e-b2eb-adfac7fc1c86",2026-09-28T14:03:30.799Z,2026-09-28T14:04:31.428Z
530,BRC-533,="533",A R Rakshit,rakshit.r9@gmail.com,="8660528206",="8660528206",="+918660528206",="30",Male,Mangalore,="9480373275",,,Friend / Family,L,paid,PAID ENTRY,="315",="350",="35",10JSBALIPU,paid,="order_ThU0xfUXFMOgkv",="pay_ThU13cOdySCWW4",4,="phase4",balipu-x-aloysius,Balipu x Aloysius,true,false,,,="0f293e59-663b-4997-85d3-ddef50e93ebb",2026-09-28T14:03:57.596Z,2026-09-28T14:04:51.552Z
531,BRC-534,="534",M Rakshan Rai ,rairakshan124@gmail.com,="7259983429",="7259983429",="+917259983429",="18",Male,Mangalore ,="9845855429",,,Instagram,S,paid,PAID ENTRY,="350",,="0",,paid,="order_ThU1vLhh5ZfGr1",="pay_ThU1ykpgBOuxTD",4,="phase4",balipu-x-aloysius,Balipu x Aloysius,true,false,,,="e59f0dde-037c-43c5-9c53-b83c7d6f2af2",2026-09-28T14:04:52.276Z,2026-09-28T14:06:08.872Z
532,BRC-535,="535",Navisha lobo,navishalobo22@gmail.com,="7338422308",="7338422308",="+917338422308",="22",Female,Mangaluru,="9353251558",,,WhatsApp,L,paid,PAID ENTRY,="350",,="0",,paid,="order_ThUEl4IMWOL7K2",="pay_ThUEpk84tRnkns",4,="phase4",balipu-x-aloysius,Balipu x Aloysius,true,false,,,="cfb8b67c-7f2b-4db4-be63-3bbafec773ba",2026-09-28T14:17:01.256Z,2026-09-28T14:17:49.755Z
533,BRC-536,="536",Yashas Naik,contactyashasnaik@gmail.com,="7676040052",="7676040052",="+917676040052",="18",Male,Mangalore,=" 97317 23471",,,Friend / Family,M,paid,PAID ENTRY,="350",,="0",,paid,="order_ThUErBsDXs2FWN",="pay_ThUEyWKxyNhXhw",4,="phase4",balipu-x-aloysius,Balipu x Aloysius,true,false,,,="784ed830-1204-44f6-9ced-5660c0462dc1",2026-09-28T14:17:06.870Z,2026-09-28T14:17:51.176Z
534,BRC-537,="537",Vaishnavi SV,vaishnavispace10@gmail.com,="8105934662",="8105934662",="+918105934662",="19",Female,Manglore ,="9353381496",,,Friend / Family,S,paid,PAID ENTRY,="350",,="0",,paid,="order_ThUG17bYjklTN7",="pay_ThUG6vkL4tx9qk",4,="phase4",balipu-x-aloysius,Balipu x Aloysius,true,false,,,="0d4ba00e-2545-47c2-ac15-9f612278c567",2026-09-28T14:18:12.767Z,2026-09-28T14:19:24.451Z
535,BRC-538,="538",Anisha lobo,navishalobo22@gmail.com,="7338422308",="7338422308",="+917338422308",="15",Female,Mangaluru,="9353251558",,,WhatsApp,XL,paid,PAID ENTRY,="350",,="0",,paid,="order_ThUHby70ln0Yyc",="pay_ThUHfWqbwO18K8",4,="phase4",balipu-x-aloysius,Balipu x Aloysius,true,false,,,="5d48b60b-f99c-4188-845b-72a4e81fbcb2",2026-09-28T14:19:43.326Z,2026-09-28T14:22:30.113Z
536,BRC-539,="539",Reemal Lobo,reemallobo18@gmail.com,="9741788417",="9741788417",="+919741788417",="24",Female,Mangaluru,="+91 91084 83882",,,Friend / Family,M,paid,PAID ENTRY,="350",,="0",,paid,="order_ThUSh2ou8AajF1",="pay_ThUSmhkd2VuuRj",4,="phase4",balipu-x-aloysius,Balipu x Aloysius,true,false,,,="92629d8e-3c0e-4a7f-aa06-3353857b879c",2026-09-28T14:30:12.771Z,2026-09-28T14:31:38.976Z
537,BRC-540,="540",Yathiraj Naik,y9141288313@gmail.com,="9731723471",="9731723471",="+919731723471",="28",Male,Mangalore ,="9980917998",,,Friend / Family,XL,paid,PAID ENTRY,="350",,="0",,paid,="order_ThUScT3TUkfayc",="pay_ThUaKT0PlB5iwt",4,="phase4",balipu-x-aloysius,Balipu x Aloysius,true,false,,,="7006eb49-6e0b-4d6f-a483-861d7376d9eb",2026-09-28T14:30:08.579Z,2026-09-28T14:38:33.407Z
538,BRC-541,="541",Sparsha Shetty,sparshajshetty827@gmail.com,="7411397827",="7411397827",="+917411397827",="17",Female,Mangalore ,="8971661727",,,College,L,paid,PAID ENTRY,="350",,="0",,paid,="order_ThUtJQYpEcXA4J",="pay_ThUtYmrIs3ZnGW",4,="phase4",balipu-x-aloysius,Balipu x Aloysius,true,false,,,="dc781a02-3707-440a-8963-5f18a8c5dce5",2026-09-28T14:55:24.750Z,2026-09-28T14:58:12.305Z
539,BRC-542,="542",Vivek Chougule,vivek.chougule3@gmail.com,="7829462552",="7829462552",="+917829462552",="38",Male,Mangaluru ,="8904411040",,,WhatsApp,L,paid,PAID ENTRY,="350",,="0",,paid,="order_Tgd8Em3Xhg7Gyr",="MANUAL_ADMIN_CONFIRM",4,="phase4",balipu-x-aloysius,Balipu x Aloysius,true,false,,,="36a6352f-ae18-4bdf-a413-2802b1aeba9a",2026-09-26T10:20:05.302Z,2026-09-28T15:05:01.360Z
540,BRC-543,="543",Nidhi Salian,1nidhii.salian@gmail.com,="9591613780",="9591613780",="+919591613780",="17",Female,Mangalore ,="9591613780",,,Instagram,L,paid,PAID ENTRY,="350",,="0",,paid,="order_ThV7Owp0QFgzg4",="pay_ThV7wWdWYxr8ce",4,="phase4",balipu-x-aloysius,Balipu x Aloysius,true,false,,,="e76cd810-f6f3-4aac-bdf1-e62ce80cf475",2026-09-28T15:08:45.001Z,2026-09-28T15:09:53.179Z
541,BRC-544,="544",Ahalya mv,sukanyahn12@gmail.com,="9481592892",="9481592892",="+919481592892",="13",Female,Mangalore ,="89045 58569 ",,,Instagram,S,paid,PAID ENTRY,="350",,="0",,paid,="order_ThV8bPtfUlbkDf",="pay_ThV8jUKE0BWQ4g",4,="phase4",balipu-x-aloysius,Balipu x Aloysius,true,false,,,="d93d8cbf-51dc-4001-a0d9-95bbb81586a6",2026-09-28T15:09:53.226Z,2026-09-28T15:10:58.961Z
542,BRC-545,="545",Gabriel Antonius Vassou,gabrielvassou@gmail.com,="9003190214",="9003190214",="+919003190214",="18",Male,Mangalore ,="9003190214",,,Instagram,M,paid,PAID ENTRY,="350",,="0",,paid,="order_ThVBQzOBQWimig",="pay_ThVBbI8t1ozPtF",4,="phase4",balipu-x-aloysius,Balipu x Aloysius,true,false,,,="3b6f821c-0ef8-4bc9-adbb-e8583f8eac59",2026-09-28T15:12:34.074Z,2026-09-28T15:13:24.442Z
543,BRC-546,="546",Ashel Jewel  Fernandes ,pearlrfernandes@gmail.com,="9008825845",="9008825845",="+919008825845",="13",Female,Manga’s ,="9008825845",,,Instagram,M,paid,PAID ENTRY,="350",,="0",,paid,="order_ThVEqwdGfuxZXM",="pay_ThVEwBpCLegbXc",4,="phase4",balipu-x-aloysius,Balipu x Aloysius,true,false,,,="ac4ae8d4-5aaf-4df8-a922-4019f983247b",2026-09-28T15:15:48.255Z,2026-09-28T15:16:38.432Z
544,BRC-547,="547",Pranam Puthran ,Shobhaputhran22@gmail.com,="9731303724",="9731303724",="+919731303724",="19",Male,Mangalore ,=" 73493 94104",,,College,XL,paid,PAID ENTRY,="350",,="0",,paid,="order_ThVFkTulBc6zOl",="pay_ThVFrYjnMALjzk",4,="phase4",balipu-x-aloysius,Balipu x Aloysius,true,false,,,="6490fe57-94a3-430d-b1c4-cd26db70a069",2026-09-28T15:16:39.133Z,2026-09-28T15:17:44.077Z
545,BRC-548,="548",Divaspathi Rao k,raodivaspathik@gmail.com,="08762129391",="08762129391",="+918762129391",="28",Male,Mangaluru,="9449388213",,,Instagram,L,paid,PAID ENTRY,="350",,="0",,paid,="order_ThVINJ0zIazYIV",="pay_ThVITKByrhudQr",4,="phase4",balipu-x-aloysius,Balipu x Aloysius,true,false,,,="b07ecc54-7d50-4368-8e3a-e90db9ed037d",2026-09-28T15:19:08.304Z,2026-09-28T15:19:59.639Z
546,BRC-549,="549",Nidhi M Bhaktha ,manjunathbhaktha@gmail.com,="9686714058",="9686714058",="+919686714058",="14",Female,Mangalore,="9686714058",,,Instagram,S,paid,PAID ENTRY,="350",,="0",,paid,="order_ThVK5Ls4w5vJlT",="pay_ThVKFIhKmAIQpm",4,="phase4",balipu-x-aloysius,Balipu x Aloysius,true,false,,,="3abedf10-928c-41ae-9264-0e82b89b97e0",2026-09-28T15:20:45.457Z,2026-09-28T15:21:54.434Z
547,BRC-550,="550",Girish jogi,girishjogipc1@gmail.com,="+91 94485 48585",="919448548585",="+919448548585",="46",Male,Mangaluru,="9632587625",,,Instagram,XL,paid,PAID ENTRY,="350",,="0",,paid,="order_ThVLYgqjWRJMvZ",="pay_ThVLhZdLb3gqX5",4,="phase4",balipu-x-aloysius,Balipu x Aloysius,true,false,,,="197bdbce-77b9-4a01-8ac9-fac81c617fff",2026-09-28T15:22:09.131Z,2026-09-28T15:23:05.434Z
548,BRC-551,="551",Reshma ,manjunathbhaktha@gmail.com,="09686714058",="09686714058",="+919686714058",="44",Female,Mangalore,="9686714058",,,Instagram,XXL,paid,PAID ENTRY,="350",,="0",,paid,="order_ThVPaNC3DBv0We",="pay_ThVPgaNzJFkOuy",4,="phase4",balipu-x-aloysius,Balipu x Aloysius,true,false,,,="3002d956-63a0-4348-9428-65260538cb99",2026-09-28T15:25:57.875Z,2026-09-28T15:27:07.581Z
549,BRC-552,="552",Manjunath Bhaktha,manjunathbhaktha@gmail.com,="9686714058",="9686714058",="+919686714058",="48",Male,Mangalore,="9686714058",,,Instagram,M,paid,PAID ENTRY,="350",,="0",,paid,="order_ThVRzXAalaPQar",="pay_ThVS8cuwugjfWG",4,="phase4",balipu-x-aloysius,Balipu x Aloysius,true,false,,,="e5852d67-bdad-4219-95b9-2193c9d300ae",2026-09-28T15:28:14.523Z,2026-09-28T15:29:12.815Z
550,BRC-553,="553",Tanish ,tanishdeepak4@gmail.com,="9902948378",="9902948378",="+919902948378",="17",Male,mangalore ,="9591613780",,,Instagram,M,paid,PAID ENTRY,="350",,="0",,paid,="order_ThVoI9UrvnjvOp",="pay_ThVp7zoGWjArv3",4,="phase4",balipu-x-aloysius,Balipu x Aloysius,true,false,,,="7446087a-eab8-479a-ab02-d1f9b15bbf58",2026-09-28T15:49:21.195Z,2026-09-28T15:51:34.841Z
551,BRC-554,="554",Cyril Prajwal D ,cyrilprajwald@gmail.com,="8971782357",="8971782357",="+918971782357",="21",Male,Mangalore ,="9538191994",,,Friend / Family,S,paid,PAID ENTRY,="350",,="0",,paid,="order_ThW7HNHaPCbdYu",="pay_ThW7VIy5xHRNpl",4,="phase4",balipu-x-aloysius,Balipu x Aloysius,true,false,,,="ad747b60-a93a-49e3-98d1-1d1160df29ab",2026-09-28T16:07:19.678Z,2026-09-28T16:08:18.805Z
552,BRC-555,="555",Shanvitha V,swarajshanvitha@gmail.com,="9448216442",="9448216442",="+919448216442",="18",Female,Mangaluru,="+919449467973",,,Instagram,M,paid,PAID ENTRY,="350",,="0",,paid,="order_ThW5qinsY9SSly",="pay_ThW5yghuuEnVZe",4,="phase4",balipu-x-aloysius,Balipu x Aloysius,true,false,,,="e7aaea28-e2a7-4418-a2d9-29fb724c2ab0",2026-09-28T16:05:58.463Z,2026-09-28T16:09:40.712Z
553,BRC-556,="556",Jeeval V K ,jeevall.v06@gmail.com,="8618043504",="8618043504",="+918618043504",="17",Female,Mangaluru ,="9740690355",,,Instagram,L,paid,PAID ENTRY,="350",,="0",,paid,="order_ThW8hva5bkyWJh",="pay_ThW8yhZQ3k6PoJ",4,="phase4",balipu-x-aloysius,Balipu x Aloysius,true,false,,,="83db52d3-137b-4a12-8ff0-e42bdb0fbf9f",2026-09-28T16:08:40.804Z,2026-09-28T16:09:42.538Z
554,BRC-557,="557",Rakshan ,trsimatr@gmail.com,="7892460012 ",="7892460012",="+917892460012",="16",Male,Surathkal,="8762800749",,,Friend / Family,S,paid,PAID ENTRY,="350",,="0",,paid,="order_ThWEAoCjRRYzme",="pay_ThWEHZ4n1dov9m",4,="phase4",balipu-x-aloysius,Balipu x Aloysius,true,false,,,="0a346550-f5c3-40d9-a318-ccc692058c35",2026-09-28T16:13:51.273Z,2026-09-28T16:14:44.457Z
555,BRC-558,="558",Fathima Huda,aamyhuda@gmail.com,="8861268329",="8861268329",="+918861268329",="22",Female,mangalore ,="8137063399",,,Instagram,M,paid,PAID ENTRY,="350",,="0",,paid,="order_ThWF7ggOi2AO70",="pay_ThWFCyfUzMdLGT",4,="phase4",balipu-x-aloysius,Balipu x Aloysius,true,false,,,="661b94de-32fb-4f5b-aa91-8bb68487d1c1",2026-09-28T16:14:45.215Z,2026-09-28T16:15:34.846Z
556,BRC-559,="559",Rolain lobo ,rolainlobo1896@gmail.com,="9108483882",="9108483882",="+919108483882",="29",Male,Mangalore ,="9902883550",,,Friend / Family,XXL,paid,PAID ENTRY,="350",,="0",,paid,="order_ThWPnspN1NYVrX",="pay_ThWPqnLnBbfpeB",4,="phase4",balipu-x-aloysius,Balipu x Aloysius,true,false,,,="89a92229-e21e-4f61-b0ce-deec8210aab1",2026-09-28T16:24:51.875Z,2026-09-28T16:26:08.144Z
557,BRC-560,="560",Dinesh,dineshpoojary134@gmail.com,="7406423608",="7406423608",="+917406423608",="28",Male,Mangalore ,="9448850618",,,Friend / Family,S,paid,PAID ENTRY,="350",,="0",,paid,="order_ThWQnwbpnJtHaO",="pay_ThWQu6DjMjGYVz",4,="phase4",balipu-x-aloysius,Balipu x Aloysius,true,false,,,="bd4c4071-1ca0-48c6-bb70-4d159b4edf62",2026-09-28T16:25:48.721Z,2026-09-28T16:26:49.329Z
558,BRC-561,="561",Vishwas Devadiga,vishudevadiga2008@gmail.com,="9606067747",="9606067747",="+919606067747",="18",Male,Udupi,="9606067747",,,Friend / Family,L,paid,PAID ENTRY,="350",,="0",,paid,="order_ThWVlkzRE5VykY",="pay_ThWVs1kK4gpJhV",4,="phase4",balipu-x-aloysius,Balipu x Aloysius,true,false,,,="39824a07-583f-4d7a-9a93-db3b86961dca",2026-09-28T16:30:30.726Z,2026-09-28T16:31:13.131Z
559,BRC-562,="562",Maanya,aithal@gmail.com,="9986043617",="9986043617",="+919986043617",="14",Female,Mangaluru,="9986801349",,,Other,XS,paid,PAID ENTRY,="350",,="0",,paid,="order_ThWcDd9sv3xTrB",="pay_ThWcbosHZE3w6y",4,="phase4",balipu-x-aloysius,Balipu x Aloysius,true,false,,,="c1111cad-3064-4846-997d-618d94fb5699",2026-09-28T16:36:37.074Z,2026-09-28T16:37:54.442Z
560,BRC-563,="563",Prajwal prasad,prajuvidya100@gmail.com,="8618543233",="8618543233",="+918618543233",="29",Male,Manglore ,="9663724219",,,Friend / Family,M,paid,PAID ENTRY,="350",,="0",,paid,="order_ThWcfhyTOBOchK",="pay_ThWclGGSmL3OQQ",4,="phase4",balipu-x-aloysius,Balipu x Aloysius,true,false,,,="20fc6a24-5843-4aa2-8186-493d8e3872b9",2026-09-28T16:37:02.781Z,2026-09-28T16:45:10.247Z
561,BRC-564,="564",Aisha dulfiza,dtnutrilife@gmail.com,="8951223023",="8951223023",="+918951223023",="22",Female,Mangalore ,="8951223023",,,Instagram,L,paid,PAID ENTRY,="315",="350",="35",10JSBALIPU,paid,="order_ThWbxmY9cCTLiw",="pay_ThWc2zZdlWM10D",4,="phase4",balipu-x-aloysius,Balipu x Aloysius,true,false,,,="78e9b38e-8aa4-4f42-a9ed-b83becdc4844",2026-09-28T16:36:22.543Z,2026-09-28T16:39:40.218Z
562,BRC-565,="565",Mayank Aithal,aithal@gmail.com,="9986043617",="9986043617",="+919986043617",="11",Male,Mangaluru,="9986801349",,,Other,XS,paid,PAID ENTRY,="350",,="0",,paid,="order_ThWez6BsuhsFgq",="pay_ThWfBGdFB9Pr6v",4,="phase4",balipu-x-aloysius,Balipu x Aloysius,true,false,,,="4819a3b9-fc90-40c1-b9e6-e589c9118f2d",2026-09-28T16:39:14.141Z,2026-09-28T16:39:58.720Z
563,BRC-566,="566",Zulaika Husna ,hiba272242@gmail.com,="8137063399",="8137063399",="+918137063399",="13",Female,Manjeshwar,="9448312779",,,Friend / Family,M,paid,PAID ENTRY,="315",="350",="35",10JSBALIPU,paid,="order_ThWhfwS0dQuhtS",="pay_ThWhoqQ3WiVGFd",4,="phase4",balipu-x-aloysius,Balipu x Aloysius,true,false,,,="8c392745-0c1c-4c20-94a8-31941401748c",2026-09-28T16:41:47.031Z,2026-09-28T16:42:46.213Z
564,BRC-567,="567",THEJASWINI V SHETTY,shettythejaswini1@gmail.com,="9481381934",="9481381934",="+919481381934",="23",Female,Puttur,="9481381934",,,WhatsApp,M,paid,PAID ENTRY,="350",,="0",,paid,="order_ThWj8qkVxFX8bw",="pay_ThWjkHUl4Ym18C",4,="phase4",balipu-x-aloysius,Balipu x Aloysius,true,false,,,="f8a7bf4b-b411-4f57-94fe-3ae39cf86c6a",2026-09-28T16:43:10.279Z,2026-09-28T16:44:16.925Z
565,BRC-568,="568",Fathima Noora,fathimanoor786a@gmail.com,="9747862466",="9747862466",="+919747862466",="19",Female,Mangalore ,="8951223023",,,Instagram,L,paid,PAID ENTRY,="315",="350",="35",10JSBALIPU,paid,="order_ThWkTawKJvlvgR",="pay_ThWkYLTvr5AFoK",4,="phase4",balipu-x-aloysius,Balipu x Aloysius,true,false,,,="336552e1-220a-45ef-81bf-3c09e16e0f12",2026-09-28T16:44:26.083Z,2026-09-28T16:44:58.849Z
566,BRC-569,="569",Shrahi,shrahi.sh.2011@gmail.com,="8971064883",="8971064883",="+918971064883",="15",Female,Mangaluru,="+918971064883",,,Instagram,L,paid,PAID ENTRY,="350",,="0",,paid,="order_ThWlmwmf1s92dM",="pay_ThWm8hF2MJ4Db7",4,="phase4",balipu-x-aloysius,Balipu x Aloysius,true,false,,,="9b615eee-7b14-49e2-8052-7f9aa2d6f32c",2026-09-28T16:45:40.612Z,2026-09-28T16:48:01.388Z
567,BRC-570,="570",Jeeya Prashanth Kumar ,jeeyaj333@gmail.com,="8792569009",="8792569009",="+918792569009",="19",Female,Mangaluru ,="8792569009",,,Instagram,M,paid,PAID ENTRY,="350",,="0",,paid,="order_ThWpXKXempoITj",="pay_ThWpbdedit0Dbf",4,="phase4",balipu-x-aloysius,Balipu x Aloysius,true,false,,,="cdb15011-4e42-49cf-a16f-a3bdbbab1b85",2026-09-28T16:49:13.506Z,2026-09-28T16:50:18.650Z
568,BRC-571,="571",Ashley pinto,ashleypinto207@gmail.com,="9380151502",="9380151502",="+919380151502",="28",Male,Mangaluru,="+91 98443 66528",,,Instagram,M,paid,PAID ENTRY,="350",,="0",,paid,="order_ThWurMqyD8LKko",="pay_ThWv2jyyuRaEQf",4,="phase4",balipu-x-aloysius,Balipu x Aloysius,false,false,,,="37adce32-a087-4136-a412-94c25995d2c4",2026-09-28T16:54:15.864Z,2026-09-28T16:55:05.589Z
569,BRC-572,="572",Shreyan D Kotian,shreyan2011003@gmail.com,="9449228552",="9449228552",="+919449228552",="19",Male,Mangaluru,="9449228552",,,Instagram,L,paid,PAID ENTRY,="350",,="0",,paid,="order_ThX62MEPMv9LFR",="pay_ThX66UDsUT9fZV",4,="phase4",balipu-x-aloysius,Balipu x Aloysius,true,false,,,="f3781da6-b7ce-43f4-b3eb-a491e29108a2",2026-09-28T17:04:50.736Z,2026-09-28T17:06:08.475Z
570,BRC-573,="573",Navya Naveen Karkera,jayakarkera198@gmail.com,="9164167165",="9164167165",="+919164167165",="25",Female,Mangalore,="9035021304",,,WhatsApp,XXL,paid,PAID ENTRY,="350",,="0",,paid,="order_ThXIPo86bFRMn5",="pay_ThXITDuciLLzdV",4,="phase4",balipu-x-aloysius,Balipu x Aloysius,true,false,,,="6b3a4d54-2331-4d3a-a5d4-a09527b9d2db",2026-09-28T17:16:33.822Z,2026-09-28T17:17:18.377Z
571,BRC-574,="574",Sujith Sunik,superguywins2@gmail.com,="91138 18998",="9113818998",="+919113818998",="15",Male,Mangaluri,="7204867405",,,Instagram,XL,paid,PAID ENTRY,="350",,="0",,paid,="order_ThXOAU9rZ2wfbs",="pay_ThXOedUDid0Cxh",4,="phase4",balipu-x-aloysius,Balipu x Aloysius,true,false,,,="6400469b-9023-45b8-8009-c363fdaa6fd4",2026-09-28T17:22:00.598Z,2026-09-28T17:23:06.896Z
572,BRC-575,="575",Manoj shetty,manojshetty40@gmail.com,="9611692335",="9611692335",="+919611692335",="33",Male,Mangalore,="9743535757",,,Instagram,M,paid,PAID ENTRY,="350",,="0",,paid,="order_ThXaC9M6gsTDg3",="pay_ThXaGjooCXiJFi",4,="phase4",balipu-x-aloysius,Balipu x Aloysius,true,false,,,="95a5c484-2f4e-4302-bed6-c171c6a97066",2026-09-28T17:33:23.714Z,2026-09-28T17:34:06.701Z
573,BRC-576,="576",Yashas Raj H Acharya,yashasrajhacharya2805@gmail.com,="9740939593",="9740939593",="+919740939593",="16",Male,Mangaluru,="9845974218",,,Friend / Family,M,paid,PAID ENTRY,="315",="350",="35",10JSBALIPU,paid,="order_ThXbTLOneTqPPW",="pay_ThXbw9fWIvqr3G",4,="phase4",balipu-x-aloysius,Balipu x Aloysius,true,false,,,="55deaebc-4a41-49b3-a826-bd01d340c3a2",2026-09-28T17:34:36.267Z,2026-09-28T17:35:48.882Z
574,BRC-577,="577",Abhishek ,abhishekabhi52004@gmail.com,="8792089119",="8792089119",="+918792089119",="22",Male,Mangaluru ,="9902362758",,,Friend / Family,M,paid,PAID ENTRY,="350",,="0",,paid,="order_ThXf3lmktakqvf",="pay_ThXfMEskd6VYoa",4,="phase4",balipu-x-aloysius,Balipu x Aloysius,false,false,,,="29b1dc3c-c0f0-435d-bc39-7018ff8cc696",2026-09-28T17:38:00.039Z,2026-09-28T17:38:55.066Z
575,BRC-578,="578",Shresht Ravikiran ,Vaishnaviamin62@gmail.com,="8971446288",="8971446288",="+918971446288",="16",Male,Mangalore ,="8317332114",,,Instagram,M,paid,PAID ENTRY,="350",,="0",,paid,="order_ThXsutGFshH8z5",="pay_ThXsym5UoM3SO1",4,="phase4",balipu-x-aloysius,Balipu x Aloysius,true,false,,,="5e85fac9-0a2c-46f8-9652-3748470fdaa0",2026-09-28T17:51:07.110Z,2026-09-28T17:51:54.914Z
576,BRC-579,="579",Karan ,karunakaragowda29@gmail.com,="8277176618",="8277176618",="+918277176618",="28",Male,Mangalore ,="+919449732593",,,Instagram,M,paid,PAID ENTRY,="350",,="0",,paid,="order_ThXwpNRmIEMVwo",="pay_ThXwx3yK96Wkhl",4,="phase4",balipu-x-aloysius,Balipu x Aloysius,true,false,,,="994aeb10-997d-4531-9252-72e1032108ab",2026-09-28T17:54:49.257Z,2026-09-28T17:55:30.587Z
577,BRC-580,="580",Biprojit Roy,royhrick2107@gmail.com,="8403018788",="8403018788",="+918403018788",="25",Male,Mangaluru,="97110 11259",,,Instagram,L,paid,PAID ENTRY,="350",,="0",,paid,="order_ThYiNRsKakE5Uf",="pay_ThYic7r285sIlA",4,="phase4",balipu-x-aloysius,Balipu x Aloysius,false,false,,,="22f56de7-cb88-49a6-835b-cdeddc1dc72d",2026-09-28T18:39:50.084Z,2026-09-28T18:40:34.147Z
578,BRC-581,="581",Pvm Kashyap,kashyapp1994@gmail.com,="7981664234",="7981664234",="+917981664234",="32",Male,Mangaluru,="9967855026",,,Instagram,XL,paid,PAID ENTRY,="350",,="0",,paid,="order_ThZ4QaW73mKIxK",="pay_ThZ4UNBiVuAB6s",4,="phase4",balipu-x-aloysius,Balipu x Aloysius,true,false,,,="ecf7bfbe-c78f-4368-a5bd-53e87fb3cf0c",2026-09-28T19:00:42.574Z,2026-09-28T19:01:38.948Z
579,BRC-582,="582",Jisha Dheeraj,jishusuresh@gmail.com,="7019318947",="7019318947",="+917019318947",="15",Female,Mangaluru,="7019318947",,,Instagram,S,paid,PAID ENTRY,="350",,="0",,paid,="order_ThfiwLE4P7TZYR",="pay_ThfizU8jVKGRHr",4,="phase4",balipu-x-aloysius,Balipu x Aloysius,true,false,,,="37f0228b-5d48-4d31-b24d-9040d8fb5e23",2026-09-29T01:31:13.352Z,2026-09-29T01:32:45.986Z
580,BRC-583,="583",Sudeeshna shetty,sudeeshnah@gmail.com,="7676490328",="7676490328",="+917676490328",="16",Female,Mangluru,="8296593330",,,Friend / Family,M,paid,PAID ENTRY,="350",,="0",,paid,="order_ThgAMDiJY2DUj1",="pay_ThgAZXMiK4nx1j",4,="phase4",balipu-x-aloysius,Balipu x Aloysius,true,false,,,="4822c6fe-52d5-474c-9a0b-9a613bf74bd7",2026-09-29T01:57:10.667Z,2026-09-29T02:00:38.987Z
581,BRC-584,="584",B Hrithik Baliga,hrithikshenoy2008@gmail.com,="9035147473",="9035147473",="+919035147473",="18",Male,Mangaluru,="8105823966",,,Instagram,M,paid,PAID ENTRY,="350",,="0",,paid,="order_ThgFXps1ttJ9ZC",="pay_ThgFg0FBxrPAEh",4,="phase4",balipu-x-aloysius,Balipu x Aloysius,true,false,,,="cb5551ac-9946-4e33-b994-3314f65861d3",2026-09-29T02:02:05.311Z,2026-09-29T02:02:56.504Z
582,BRC-585,="585",Ghutaif ahmed ,ghutaifahmed2006@gmail.com,="72047 10148 ",="7204710148",="+917204710148",="19",Male,Mangalore ,="9886986862",,,Friend / Family,XL,paid,PAID ENTRY,="245",="350",="105",VEER30,paid,="order_ThhGehPDnz0f4u",="pay_ThhGqTUETdcVft",4,="phase4",balipu-x-aloysius,Balipu x Aloysius,true,false,,,="77d7adac-a2e8-4de4-a460-7cbc0aab4def",2026-09-29T03:01:50.013Z,2026-09-29T03:04:30.525Z
583,BRC-586,="586",Santhosh Kumar ,santhoshkumar.1706@gmail.com,="9880964966",="9880964966",="+919880964966",="35",Male,Mangalore ,="8660703562",,,WhatsApp,L,paid,PAID ENTRY,="350",,="0",,paid,="order_ThhLtdkVovBmyq",="pay_ThhM1cNahVlRpY",4,="phase4",balipu-x-aloysius,Balipu x Aloysius,true,false,,,="2b17ca83-cd41-431e-9d36-38eade35ff15",2026-09-29T03:06:47.697Z,2026-09-29T03:07:28.429Z
584,BRC-587,="587",Sourabh ,sourabh2313@gmail.com,="9448048122",="9448048122",="+919448048122",="28",Male,Mangaluru,="9731570747",,,Instagram,L,paid,PAID ENTRY,="350",,="0",,paid,="order_ThhcP2heGaTG5i",="pay_ThhcU8ViIEoNPP",4,="phase4",balipu-x-aloysius,Balipu x Aloysius,true,false,,,="b7596428-bb3b-4f52-bad7-c5cd3982babe",2026-09-29T03:22:25.273Z,2026-09-29T03:23:19.037Z
585,BRC-588,="588",Bhuvan V K,harinivkulal@gmail.com,="9686927154",="9686927154",="+919686927154",="16",Male,Mangaluru,="8553974764",,,Instagram,L,paid,PAID ENTRY,="350",,="0",,paid,="order_Thhf4YkTjjG9cC",="pay_ThhfAjqMqk41no",4,="phase4",balipu-x-aloysius,Balipu x Aloysius,true,false,,,="d935b90f-779d-457c-a916-72b131e8375d",2026-09-29T03:24:56.910Z,2026-09-29T03:26:14.644Z
586,BRC-589,="589",Prajna Shenoy B,prajnashenoyb@gmail.com,="8660070900",="8660070900",="+918660070900",="45",Female,Mangalore ,="7026438371",,,WhatsApp,XXL,paid,PAID ENTRY,="350",,="0",,paid,="order_ThhgTRVOa5IyOQ",="pay_ThhgZrRJUCAPkk",4,="phase4",balipu-x-aloysius,Balipu x Aloysius,true,false,,,="1675610b-df7e-4e8e-9142-d5fafec77f15",2026-09-29T03:26:16.506Z,2026-09-29T03:27:33.830Z
587,BRC-590,="590",Nireeksha D,nireekshad486@gmail.com,="8867054569",="8867054569",="+918867054569",="23",Female,Mangaluru,="+918867054569",,,Instagram,M,paid,PAID ENTRY,="350",,="0",,paid,="order_ThhuqD3dc963VG",="pay_ThhuvnnAfTGinQ",4,="phase4",balipu-x-aloysius,Balipu x Aloysius,true,false,,,="2e98fde1-9043-4df3-9b0d-5d811eea8240",2026-09-29T03:39:52.614Z,2026-09-29T03:41:04.589Z
588,BRC-591,="591",Rachith Shetty,rachithshetty89@gmail.com,="9036168135",="9036168135",="+919036168135",="27",Male,Mangalore,="7019789341",,,WhatsApp,XL,paid,PAID ENTRY,="350",,="0",,paid,="order_ThiEp2HTk0wf8t",="pay_ThiEwLetA3OQmv",4,="phase4",balipu-x-aloysius,Balipu x Aloysius,true,false,,,="29907f78-3f44-4a98-9247-357919ca0184",2026-09-29T03:58:47.496Z,2026-09-29T03:59:52.753Z
589,BRC-592,="592",Ashwath Arala ,arala540@gmail.com,="7760021175",="7760021175",="+917760021175",="30",Male,Bantwala ,="9741884157",,,Previous Balipu Event,L,paid,PAID ENTRY,="350",,="0",,paid,="order_ThiG0INtoNbWlm",="pay_ThiGBwzA6p0FnU",4,="phase4",balipu-x-aloysius,Balipu x Aloysius,true,false,,,="f14d99a8-650d-4640-bb03-9b1a80b3c832",2026-09-29T03:59:54.611Z,2026-09-29T04:02:06.858Z
590,BRC-593,="593",Pramod Kulal,pavankulal034@gmail.com,="08105976184",="08105976184",="+918105976184",="33",Male,MANGALORE,="8105976184",,,WhatsApp,L,paid,PAID ENTRY,="350",,="0",,paid,="order_ThiJyd4MCrZzvV",="pay_ThiK8giVF5c7op",4,="phase4",balipu-x-aloysius,Balipu x Aloysius,true,false,,,="5d14488c-b1ef-4b18-bab3-2ea4e729d201",2026-09-29T04:03:40.285Z,2026-09-29T04:05:56.125Z
591,BRC-594,="594",Praveen salyan Kirodi,pavisalyan@gmail.com,="9964088596",="9964088596",="+919964088596",="35",Male,Mangaluru,="+91 73497 09481",,,Friend / Family,M,paid,PAID ENTRY,="350",,="0",,paid,="order_Thij8t2dEsbb89",="pay_ThijG2UlWzbxBb",4,="phase4",balipu-x-aloysius,Balipu x Aloysius,true,false,,,="7d8f2df8-975b-49de-963a-803712cb8a0e",2026-09-29T04:27:29.687Z,2026-09-29T04:28:57.181Z
592,BRC-595,="595",Sahan Shetty,sahanshetty03@gmail.com,="8073625932",="8073625932",="+918073625932",="34",Male,Mangalore ,="7975908997",,,Friend / Family,XL,paid,PAID ENTRY,="350",,="0",,paid,="order_Thikli2nVoy4Qi",="pay_ThikqtPOOHNerM",4,="phase4",balipu-x-aloysius,Balipu x Aloysius,true,false,,,="1a3195a3-3a23-428a-bfa2-ba1781624c72",2026-09-29T04:29:02.057Z,2026-09-29T04:30:06.672Z
593,BRC-596,="596",Preetham Kotian,kotianpreetham6@gmail.com,="8431278432",="8431278432",="+918431278432",="28",Male,Udupi,="9448547221",,,Instagram,M,paid,PAID ENTRY,="350",,="0",,paid,="order_ThinkjeXRq3U1k",="pay_ThinpLLOXQSRue",4,="phase4",balipu-x-aloysius,Balipu x Aloysius,true,false,,,="6a2a82c4-c088-42b0-85fd-ed87a3415e09",2026-09-29T04:31:51.563Z,2026-09-29T04:32:29.616Z
594,BRC-597,="597",Tanya kaushik,tanyakaushik299@gmail.com,="9901763780",="9901763780",="+919901763780",="21",Female,Mangaluru,="8884290656",,,Instagram,S,paid,PAID ENTRY,="350",,="0",,paid,="order_Thimjq9qYcMiEE",="pay_ThimnzANk2i8cV",4,="phase4",balipu-x-aloysius,Balipu x Aloysius,true,false,,,="0838dc38-7142-4e9f-ab3b-4a3b52abfbdf",2026-09-29T04:30:53.944Z,2026-09-29T04:35:03.598Z
595,BRC-598,="598",NIKHIL MASCARENHAS,nickjermas123@gmail.com,="99648 80625",="9964880625",="+919964880625",="32",Male,Mangalore,="9945769252",,,Instagram,XXL,paid,PAID ENTRY,="350",,="0",,paid,="order_ThirnJPe7AixSt",="pay_This1pWk5JDq6y",4,="phase4",balipu-x-aloysius,Balipu x Aloysius,true,false,,,="ff3e3296-4ae0-45da-b05a-d7fd0cd6d10f",2026-09-29T04:35:41.125Z,2026-09-29T04:38:31.591Z
596,BRC-599,="599",Shruthi chandrakanth,shruthichandrakanth@gmail.com,="+919591130391",="919591130391",="+919591130391",="33",Female,Moodabidri ,="7349494497",,,Instagram,M,paid,PAID ENTRY,="350",,="0",,paid,="order_ThizJF1Mzrta9w",="pay_ThizT2BHd0FxJz",4,="phase4",balipu-x-aloysius,Balipu x Aloysius,true,false,,,="f12b55ec-4203-41cf-b516-655b19ee11b5",2026-09-29T04:42:47.992Z,2026-09-29T04:43:54.991Z
597,BRC-600,="600",Kavya,kavyaprabhu.manipal@gmail.com,="974 0379260",="9740379260",="+919740379260",="31",Female,manipal,="9663394650",,,Instagram,S,paid,PAID ENTRY,="350",,="0",,paid,="order_Thj0jRas1uc91G",="pay_Thj0olvP4rgN9s",4,="phase4",balipu-x-aloysius,Balipu x Aloysius,false,false,,,="1daa4459-ed3e-4735-9ff0-921fe44d459d",2026-09-29T04:44:08.784Z,2026-09-29T04:44:45.457Z
598,BRC-601,="601",Ravish MS,msraveesh@gmail.com,="9480043231",="9480043231",="+919480043231",="39",Male,Mangaluru,="9844643231",,,WhatsApp,XXL,paid,PAID ENTRY,="350",,="0",,paid,="order_ThjQDSNzw1hs46",="pay_ThjQKJL7CvvWD3",4,="phase4",balipu-x-aloysius,Balipu x Aloysius,true,false,,,="b916657a-5a82-4386-a330-d82cbd4268ad",2026-09-29T05:08:16.300Z,2026-09-29T05:09:19.806Z
599,BRC-602,="602",Vineeth Kumar,vineethk2999@gmail.com,="7411642999",="7411642999",="+917411642999",="20",Male,Mangalore ,="7795184673",,,Instagram,L,paid,PAID ENTRY,="315",="350",="35",10JSBALIPU,paid,="order_ThjoLcyGgWRNek",="pay_ThjojE9fo5ih3a",4,="phase4",balipu-x-aloysius,Balipu x Aloysius,true,false,,,="3c2b3aa8-a793-45d7-ad55-f3e76d3b516b",2026-09-29T05:31:06.993Z,2026-09-29T05:33:22.865Z
600,BRC-603,="603",Anvi Rao ,anishanvi7@gmail.com,="9945917008",="9945917008",="+919945917008",="13",Female,Mangalore,="9945917008",,,Instagram,S,paid,PAID ENTRY,="350",,="0",,paid,="order_Thjt1xkYmUCyZp",="pay_ThjtA8toIYl7wv",4,="phase4",balipu-x-aloysius,Balipu x Aloysius,true,false,,,="0d4bcdc3-b03a-402c-9ea7-819213caba6a",2026-09-29T05:35:32.960Z,2026-09-29T05:36:28.034Z
601,BRC-604,="604",Richelle D sa ,richelldsa7@gmail.com,="7204309722",="7204309722",="+917204309722",="21",Female,Bcroad ,="9480238300",,,Friend / Family,M,paid,PAID ENTRY,="350",,="0",,paid,="order_ThjtiU6adWgQgM",="pay_ThjtmDIGzOnEFx",4,="phase4",balipu-x-aloysius,Balipu x Aloysius,true,false,,,="d07114c0-50f2-41bb-996d-81cb89a4298e",2026-09-29T05:36:11.918Z,2026-09-29T05:36:51.347Z
602,BRC-605,="605",Sweezle C Lobo,sweezlelobo2@gmail.com,="9535657507",="9535657507",="+919535657507",="21",Female,Mangalore ,="9844614757",,,Instagram,S,paid,PAID ENTRY,="350",,="0",,paid,="order_Thju0sM97HviD6",="pay_ThjuLUfYW6C0YH",4,="phase4",balipu-x-aloysius,Balipu x Aloysius,true,false,,,="8339e55c-9d05-4d98-bd6c-4009cf4d5500",2026-09-29T05:36:28.770Z,2026-09-29T05:38:45.025Z
603,BRC-606,="606",Taniya Elza Soncy,taniyasoncy@gmail.com,="6238194251",="6238194251",="+916238194251",="21",Female,Derlakatte,="6238195251",,,Friend / Family,XL,paid,PAID ENTRY,="350",,="0",,paid,="order_ThjxLRBGBbLhUe",="pay_ThjxOhkRwOOrzu",4,="phase4",balipu-x-aloysius,Balipu x Aloysius,true,false,,,="d259fe62-b137-4745-ac4e-4078cdbc4413",2026-09-29T05:39:38.084Z,2026-09-29T05:40:23.377Z
604,BRC-607,="607",Arun Kumar Sunimoni,chintu.ak145@gmail.com,="9381689730",="9381689730",="+919381689730",="25",Male,Surathkal ,="9381689730",,,WhatsApp,M,paid,PAID ENTRY,="350",,="0",,paid,="order_Thjy9nki9RJDGc",="pay_ThjyQcdVZBKTVj",4,="phase4",balipu-x-aloysius,Balipu x Aloysius,true,false,,,="61acfbd2-de0e-446d-8ff9-a5cec3e60b8a",2026-09-29T05:40:24.148Z,2026-09-29T05:41:36.169Z
605,BRC-608,="608",JOSHVIN PEREIRA,joshvinpereira77@gmail.com,="7892658545",="7892658545",="+917892658545",="20",Male,Mangalore ,="9008897405",,,College,L,paid,PAID ENTRY,="280",="350",="70",30BALIPU,paid,="order_ThkBvTPUMBSoZJ",="pay_ThkCMmwKAFTmfl",4,="phase4",balipu-x-aloysius,Balipu x Aloysius,true,false,,,="1204ee7d-10e1-4e5f-92fb-b1288eb62fa9",2026-09-29T05:53:26.235Z,2026-09-29T05:55:02.550Z
606,BRC-609,="609",Chiraag Prabhu,chiragprabhu7@gmail.com,="7760110292",="7760110292",="+917760110292",="19",Male,Mangaluru,="9916060292",,,Instagram,M,paid,PAID ENTRY,="245",="350",="105",VEER30,paid,="order_ThkkMJC88L5BQV",="pay_ThkkUgBxtDDZ6O",4,="phase4",balipu-x-aloysius,Balipu x Aloysius,true,false,,,="2c1f6a10-60e3-44e9-94e6-7f1ad32c7fb8",2026-09-29T06:26:02.016Z,2026-09-29T06:27:54.697Z
607,BRC-610,="610",JEETHAN NEIL BRAGGS,jeethanbraggs@gmail.com,="9743476215",="9743476215",="+919743476215",="37",Male,MANGALURU,="9481389111",,,Friend / Family,L,paid,PAID ENTRY,="350",,="0",,paid,="order_ThkwZ6uBHy064k",="pay_Thkwgogn69GfHc",4,="phase4",balipu-x-aloysius,Balipu x Aloysius,true,false,,,="724cac28-c107-4de1-b3da-d0770b42a37b",2026-09-29T06:37:35.360Z,2026-09-29T06:38:34.339Z
608,BRC-611,="611",samrudh T karkera,sounithtkarkera22@gmail.com,="08867149498",="08867149498",="+918867149498",="14",Male,Mangalore,="9845714506",,,Friend / Family,S,paid,PAID ENTRY,="350",,="0",,paid,="order_ThlIHioOigfk1r",="pay_ThlILg3zmLnHGt",4,="phase4",balipu-x-aloysius,Balipu x Aloysius,true,false,,,="2b3e0182-31c4-40a4-8eae-00d1a1a700aa",2026-09-29T06:58:09.019Z,2026-09-29T06:59:17.984Z
609,BRC-612,="612",Adel Julia Dsilva,disilvaadel09@gmail.com,="9880757658",="9880757658",="+919880757658",="33",Female,Mangaluru,="9481389111",,,Friend / Family,M,paid,PAID ENTRY,="350",,="0",,paid,="order_Thl1NQWozsk8rR",="MANUAL_ADMIN_CONFIRM",4,="phase4",balipu-x-aloysius,Balipu x Aloysius,true,false,,,="f35646fa-988b-4c5c-842c-d721d4eb3527",2026-09-29T06:42:08.646Z,2026-09-29T07:07:26.945Z
610,BRC-613,="613",Ghanshyam prasad ,ghanshyamprasad200@gmail.com,="8967085652",="8967085652",="+918967085652",="26",Male,Mangaluru,="8967085652",,,Instagram,M,paid,PAID ENTRY,="245",="350",="105",VEER30,paid,="order_ThlTqtFuXfihMp",="pay_ThlTzmY8rBpU1g",4,="phase4",balipu-x-aloysius,Balipu x Aloysius,true,false,,,="f75a6ae9-b2f0-473e-a04c-4216eb61f0d0",2026-09-29T07:09:06.042Z,2026-09-29T07:12:43.524Z
611,BRC-614,="614",Asako Demesa Ch Sangma,asakodemesa@gmail.com,="9790484674",="9790484674",="+919790484674",="30",Male,Mangaluru,="+91 94997 16245",,,Instagram,M,paid,PAID ENTRY,="350",,="0",,paid,="order_ThlknM2uNRs9V6",="pay_ThllNF2WGDuwsJ",4,="phase4",balipu-x-aloysius,Balipu x Aloysius,true,false,,,="b9969c7c-7fbd-48af-8ff4-ebb1d5435824",2026-09-29T07:25:08.408Z,2026-09-29T07:26:13.940Z
612,BRC-615,="615",Hiral Kumar,hiralkumar205@gmail.com,="9180558233",="9180558233",="+919180558233",="20",Prefer not to say,Mangalore ,="9008897045",,,College,L,paid,PAID ENTRY,="280",="350",="70",30BALIPU,paid,="order_Thllx5kKv0A4Li",="pay_ThlmH56a8djjdQ",4,="phase4",balipu-x-aloysius,Balipu x Aloysius,true,false,,,="64eb3968-f41b-48dd-9dff-b1966ccb3271",2026-09-29T07:26:14.125Z,2026-09-29T07:27:19.968Z
613,BRC-616,="616",Sathwik Kamath,sathwikkamath312005@gmail.com,="9591178734",="9591178734",="+919591178734",="21",Male,Mangalore,="9591178734",,,WhatsApp,M,paid,PAID ENTRY,="4",="350",="346",SATH,paid,="order_ThllRYDpnpBIgX",="pay_Thln7QvwGTvcyx",4,="phase4",balipu-x-aloysius,Balipu x Aloysius,true,false,,,="860203fd-dabb-4e86-b590-32216e72fad4",2026-09-29T07:25:45.232Z,2026-09-29T07:27:48.584Z
614,BRC-617,="617",Shaun Fernandes,shaun2006fds@gmail.com,="08861997680",="08861997680",="+918861997680",="20",Male,Mangalore,="8073407009",,,Instagram,XXL,paid,PAID ENTRY,="280",="350",="70",30BALIPU,paid,="order_ThlpbCNUlgFENu",="pay_Thlq1uGzpOnW4h",4,="phase4",balipu-x-aloysius,Balipu x Aloysius,true,false,,,="e696387f-a7d6-4b8c-84e0-4b53a341fa3c",2026-09-29T07:29:41.269Z,2026-09-29T07:31:16.413Z
615,BRC-618,="618",Divakar kulal,divakarkulal87@gmail.com,="9481765900",="9481765900",="+919481765900",="39",Male,Mangaluru,="8951888899",,,WhatsApp,L,paid,PAID ENTRY,="245",="350",="105",VEER30,paid,="order_Thlx1LM1fBvC28",="pay_Thlx9RMgNaUE6L",4,="phase4",balipu-x-aloysius,Balipu x Aloysius,true,false,,,="1e482f3d-03e1-4e73-ad36-06efe9626823",2026-09-29T07:36:42.824Z,2026-09-29T07:37:46.598Z
616,BRC-619,="619",HANFA MEHEQ ,meheqhanfa@gmail.com,="7996880555",="7996880555",="+917996880555",="22",Female,Mangaluru,="7349097415",,,Instagram,M,paid,PAID ENTRY,="350",,="0",,paid,="order_ThlyrReMFcaojC",="pay_Thm6n1D8ELRA2n",4,="phase4",balipu-x-aloysius,Balipu x Aloysius,true,false,,,="dc930727-a58e-4033-82b1-d224a6a1650e",2026-09-29T07:38:27.356Z,2026-09-29T07:46:56.059Z
617,BRC-620,="620",Rahul A,rahulkotian22@gmail.com,="9611516242",="9611516242",="+919611516242",="27",Male,Mangalulu,="9164943475",,,Friend / Family,M,paid,PAID ENTRY,="350",,="0",,paid,="order_ThmEWKhf4ckEtH",="pay_ThmEb64RJSfhYQ",4,="phase4",balipu-x-aloysius,Balipu x Aloysius,true,false,,,="ea65759e-1657-480f-a8e4-b097f4688a77",2026-09-29T07:53:16.817Z,2026-09-29T07:54:51.350Z
618,BRC-621,="621",Harsha Shet ,harshashet99@gmail.com,="9686829100",="9686829100",="+919686829100",="28",Male,Moodabidri ,="9591130391",,,Instagram,S,paid,PAID ENTRY,="350",,="0",,paid,="order_ThmHa5uu3dlvFb",="pay_ThmHpve97OBHSB",4,="phase4",balipu-x-aloysius,Balipu x Aloysius,true,false,,,="2da3bbc9-7fbb-4962-a459-a43ba0d3af89",2026-09-29T07:56:10.667Z,2026-09-29T07:56:58.199Z
619,BRC-622,="622",Rhea ,rheakotian24@gmail.con,="8660425759",="8660425759",="+918660425759",="21",Female,Mangalore,="9591521927",,,Instagram,S,paid,PAID ENTRY,="350",,="0",,paid,="order_ThmIN5FQdGOXDX",="pay_ThmIRLB9hvfyXR",4,="phase4",balipu-x-aloysius,Balipu x Aloysius,true,false,,,="36f6c28b-2fc9-4265-aeef-b29dff355718",2026-09-29T07:56:55.544Z,2026-09-29T07:57:51.206Z
620,BRC-623,="623",Mohammed owais peerzade ,mogp200322@gmail.com,="9900852031",="9900852031",="+919900852031",="21",Male,Mangaluru,="8073483371",,,Other,L,paid,PAID ENTRY,="350",,="0",,paid,="order_ThmUeYSztRlkUX",="pay_ThmUrv2QfsI5eK",4,="phase4",balipu-x-aloysius,Balipu x Aloysius,true,false,,,="119013cb-7a36-458f-bdf5-cbabed70f95d",2026-09-29T08:08:33.170Z,2026-09-29T08:09:13.221Z
621,BRC-624,="624",Mohammadsuhaan Barchiwale,mdsuhaanmb12@gmail.com,="8073483371",="8073483371",="+918073483371",="21",Male,Mangaluru,="9900852031",,,Instagram,XL,paid,PAID ENTRY,="350",,="0",,paid,="order_ThmUXU9B40aCZa",="pay_ThmUeCni6Pzfzc",4,="phase4",balipu-x-aloysius,Balipu x Aloysius,true,false,,,="2cf92eca-9abf-4986-a407-32f21e8e178c",2026-09-29T08:08:26.682Z,2026-09-29T08:09:23.317Z
622,BRC-625,="625",Saanvi Hegde,saanvihege7@gmail.com,="6364002588",="6364002588",="+916364002588",="16",Female,Mangaluru,="9980436784",,,Friend / Family,M,paid,PAID ENTRY,="350",,="0",,paid,="order_Thmh2Sb0whCfL3",="pay_ThmhPbF2rkz4Wm",4,="phase4",balipu-x-aloysius,Balipu x Aloysius,true,false,,,="0b13f8d2-1be3-4662-90cc-af86507d2b67",2026-09-29T08:20:16.668Z,2026-09-29T08:21:17.584Z
623,BRC-626,="626",Nishmitha,nishmitha7349@gmail.com,="7349190827",="7349190827",="+917349190827",="26",Female,Mangalore,="8660528206",,,Friend / Family,L,paid,PAID ENTRY,="350",,="0",,paid,="order_Thmkzb9VdbFdQa",="pay_Thml80NUHd9NKf",4,="phase4",balipu-x-aloysius,Balipu x Aloysius,true,false,,,="98a610ef-29f5-4b5d-9117-77ee6b557bbd",2026-09-29T08:24:01.252Z,2026-09-29T08:25:49.418Z
624,BRC-627,="627",Dr.Vishwas S,smgvish@gmail.com,="8971316854",="8971316854",="+918971316854",="24",Male,Belthangdy,="9620490522",,,Instagram,M,paid,PAID ENTRY,="315",="350",="35",10JSBALIPU,paid,="order_ThmyPwZ5wNmrqS",="pay_ThmycYZbIOqp5r",4,="phase4",balipu-x-aloysius,Balipu x Aloysius,true,false,,,="cab6d59e-2120-4811-a496-0f25fd43b1de",2026-09-29T08:36:43.787Z,2026-09-29T08:37:41.010Z
625,BRC-628,="628",Suma MR ,sumamrshivamogga@gmail.com,="9620490522",="9620490522",="+919620490522",="44",Female,Belthangdy,="8971316854",,,Friend / Family,M,paid,PAID ENTRY,="315",="350",="35",10JSBALIPU,paid,="order_Thn7ZvIbKseC09",="pay_Thn7eEMDQssztO",4,="phase4",balipu-x-aloysius,Balipu x Aloysius,true,false,,,="a93277c8-5d14-4555-85e9-f07a45f9d19c",2026-09-29T08:45:24.120Z,2026-09-29T08:46:12.970Z
626,BRC-629,="629",Shruthi Bontadka,shruthichandrakanth@gmail.com,="7349494497",="7349494497",="+917349494497",="40",Male,Moodbidre ,="9591130391",,,Instagram,M,paid,PAID ENTRY,="315",="350",="35",10JSBALIPU,paid,="order_ThnHdSekVZgKwH",="pay_ThnHjMEnwtyNre",4,="phase4",balipu-x-aloysius,Balipu x Aloysius,true,false,,,="c048c28d-1604-47f6-92c4-a24b78fb804e",2026-09-29T08:54:55.369Z,2026-09-29T08:57:25.723Z
627,BRC-630,="630",Gunjan S Marla,gunjanmarla007@gmail.com,="8310326258",="8310326258",="+918310326258",="19",Female,Mangalore,="8971769955",,,Instagram,S,paid,PAID ENTRY,="350",,="0",,paid,="order_ThnUPhl79OHI6s",="pay_ThnUXuu0zFTLVN",4,="phase4",balipu-x-aloysius,Balipu x Aloysius,true,false,,,="5e02c299-e79f-4cde-9218-09d92457c501",2026-09-29T09:07:01.184Z,2026-09-29T09:07:56.260Z
628,BRC-631,="631",Shamith Kumar D,dshamith@gmail.com,="9686140748",="9686140748",="+919686140748",="36",Male,Mangaluru,="8792020748",,,Previous Balipu Event,XL,paid,PAID ENTRY,="315",="350",="35",10JSBALIPU,paid,="order_ThndlrRo91B8yE",="pay_ThneA4GEfKafLF",4,="phase4",balipu-x-aloysius,Balipu x Aloysius,true,false,,,="223f3483-e51b-4972-9e05-199c855b0a49",2026-09-29T09:15:52.666Z,2026-09-29T09:16:50.258Z
629,BRC-632,="632",Prakruti,prakrutisuvarna@gmail.com,="8548813360",="8548813360",="+918548813360",="25",Female,Mangaluru,="9740944293",,,Friend / Family,XL,paid,PAID ENTRY,="350",,="0",,paid,="order_Tho3Em44Fgspu4",="pay_Tho3KieZvaVYX5",4,="phase4",balipu-x-aloysius,Balipu x Aloysius,true,false,,,="b9163d82-2a7c-42df-bc37-27248793cafb",2026-09-29T09:39:59.164Z,2026-09-29T09:42:45.032Z
630,BRC-633,="633",VIONA,dsouzavionaa@gmail.com,="9071156463",="9071156463",="+919071156463",="16",Female,Mangalore ,="90196 55728",,,Instagram,S,paid,PAID ENTRY,="245",="350",="105",VEER30,paid,="order_ThoCaOfbfCowM8",="pay_ThoCl9iT1zwUQw",4,="phase4",balipu-x-aloysius,Balipu x Aloysius,true,false,,,="a99d5f9e-98b4-4eb0-86fc-ed507ea83256",2026-09-29T09:48:50.194Z,2026-09-29T09:49:49.379Z
631,BRC-634,="634",Dhananjaya rai,dhanurai009@gmail.com,="7338529489",="7338529489",="+917338529489",="31",Male,Mangalore,="8660418326",,,Friend / Family,M,paid,PAID ENTRY,="350",,="0",,paid,="order_ThlCVxGMN4Boku",="MANUAL_ADMIN_CONFIRM",4,="phase4",balipu-x-aloysius,Balipu x Aloysius,true,false,,,="be519695-cd09-4f4e-9d51-ae7ea3c9599a",2026-09-29T06:52:41.258Z,2026-09-29T10:01:08.282Z
632,BRC-635,="635",ETHAN D'SILVA,melrickethan@gmail.com,="8296078110",="8296078110",="+918296078110",="19",Male,Mangaluru,="8296078110",,,College,L,paid,PAID ENTRY,="315",="350",="35",10JSBALIPU,paid,="order_ThoZNnTNBB9Ed5",="pay_ThoZUpAzJZ3eEQ",4,="phase4",balipu-x-aloysius,Balipu x Aloysius,true,false,,,="175fb53f-5a2e-4499-8a62-cb00cc143e42",2026-09-29T10:10:25.048Z,2026-09-29T10:11:14.744Z
633,BRC-636,="636",Chelsie Enora Dsouza,allan.galileo@gmail.com,="09980185637",="09980185637",="+919980185637",="15",Female,Mangalore ,="8904779651",,,Instagram,M,paid,PAID ENTRY,="350",,="0",,paid,="order_Thobn4LZ3PjAix",="pay_ThobtU4tO6wpiC",4,="phase4",balipu-x-aloysius,Balipu x Aloysius,true,false,,,="77e2ef45-e7bf-4ce3-8981-2a4880628a95",2026-09-29T10:12:41.804Z,2026-09-29T10:13:22.257Z
634,BRC-637,="637",Sannidhi. S. Shet,sudhirarathi@gmail.com,="9844743911",="9844743911",="+919844743911",="14",Female,Mangalore,="9845789043",,,Instagram,S,paid,PAID ENTRY,="350",,="0",,paid,="order_ThgxbJhD3fWWXu",="MANUAL_ADMIN_CONFIRM",4,="phase4",balipu-x-aloysius,Balipu x Aloysius,true,false,,,="4593b0d6-ca52-4563-a9d8-04270c0fbe44",2026-09-29T02:43:47.707Z,2026-09-29T10:13:24.800Z
635,BRC-638,="638",Sthuthi shetty,shettysthuthi17@gmail.com,="90196 55728",="9019655728",="+919019655728",="16",Female,Mangalore ,="90196 55728",,,Instagram,S,paid,PAID ENTRY,="350",,="0",,paid,="order_Thoaze2GWmL8JZ",="pay_ThobV5Gd6B7GM9",4,="phase4",balipu-x-aloysius,Balipu x Aloysius,true,false,,,="fa236804-6797-411a-9423-aa7381c945cf",2026-09-29T10:11:56.518Z,2026-09-29T10:13:33.854Z
636,BRC-639,="639",Spatica Cielo Coelho,allan.galileo@gmail.com,="9743136123",="9743136123",="+919743136123",="13",Female,mangalore,="8904779651",,,Instagram,M,paid,PAID ENTRY,="350",,="0",,paid,="order_ThoinMuU0YbMOs",="pay_ThoirxyePl1mfp",4,="phase4",balipu-x-aloysius,Balipu x Aloysius,true,false,,,="b96fe430-2f8a-46d0-9ace-1e3131336ec4",2026-09-29T10:19:19.664Z,2026-09-29T10:19:57.774Z
637,BRC-640,="640",Dianne Coelho ,diannecoelho17@gmail.com,="09844045632",="09844045632",="+919844045632",="14",Female,Mangalore,="9844045632",,,Other,XS,paid,PAID ENTRY,="350",,="0",,paid,="order_TholILoa3rQVXE",="pay_TholNUZRGRDK2D",4,="phase4",balipu-x-aloysius,Balipu x Aloysius,true,false,,,="e6d6e7b6-243d-4a69-a29d-56d8809751d9",2026-09-29T10:21:41.644Z,2026-09-29T10:22:37.549Z
638,BRC-641,="641",Srinivas Churya A,srinivas_churya@rediffmail.com,="09880078125",="09880078125",="+919880078125",="49",Male,Mangaluru,="7892760362",,,Instagram,XL,paid,PAID ENTRY,="350",,="0",,paid,="order_Thp6KDKCVeokNf",="pay_Thp6PsEDachN1f",4,="phase4",balipu-x-aloysius,Balipu x Aloysius,true,false,,,="2f6761dc-3453-4187-a810-3dfc3326dedb",2026-09-29T10:41:36.165Z,2026-09-29T10:43:33.419Z
639,BRC-642,="642",Delma Dsouza,delmadsouza545@gmail.com,="9482243576",="9482243576",="+919482243576",="34",Female,Mangalore ,="8050794315",,,Friend / Family,M,paid,PAID ENTRY,="350",,="0",,paid,="order_ThpAOoU9VVCOco",="pay_ThpAWQ7hXbbB0O",4,="phase4",balipu-x-aloysius,Balipu x Aloysius,true,false,,,="ae4ec9b7-910a-420a-9495-62b704e1a42a",2026-09-29T10:45:27.587Z,2026-09-29T10:46:30.087Z
640,BRC-643,="643",Dhanvi c rai,harshitha1765@gmail.com,="7899296206",="7899296206",="+917899296206",="15",Prefer not to say,Ullal,="+917760502068",,,Instagram,S,paid,PAID ENTRY,="350",,="0",,paid,="order_Th5DlKGiffwBo6",="MANUAL_ADMIN_CONFIRM",4,="phase4",balipu-x-aloysius,Balipu x Aloysius,true,false,,,="695e3923-e565-4792-8344-613c2283cac7",2026-09-27T13:48:44.329Z,2026-09-29T10:48:00.080Z
641,BRC-644,="644",Prashanth E. Mendon,prashanthmendon84@gmail.com,="9686682946",="9686682946",="+919686682946",="42",Male,Mangalore,="8310430168",,,Friend / Family,L,paid,PAID ENTRY,="350",,="0",,paid,="order_ThpDm4KSkYoe0l",="pay_ThpDr7U5qMKEZM",4,="phase4",balipu-x-aloysius,Balipu x Aloysius,true,false,,,="b6ee07ac-a607-4538-bb58-76f3dc491060",2026-09-29T10:48:39.302Z,2026-09-29T10:49:38.208Z
642,BRC-645,="645",Mohammad ansar,ansarmohammad111222@gmail.com,="9663646598",="9663646598",="+919663646598",="35",Male,Surathkal,="9743285622",,,Instagram,M,paid,PAID ENTRY,="350",,="0",,paid,="order_ThpbOIVXROMtZ4",="pay_ThpbYqp9nwoVOi",4,="phase4",balipu-x-aloysius,Balipu x Aloysius,true,false,,,="b6191c27-ab3e-4f1e-a5e7-0869de366899",2026-09-29T11:11:00.707Z,2026-09-29T11:13:02.715Z
643,BRC-646,="646",Vishwanath Kotian,vishwanathpusk@gmail.com,="9449468270",="9449468270",="+919449468270",="56",Male,Surathkal ,="9448623003",,,Previous Balipu Event,XL,paid,PAID ENTRY,="315",="350",="35",10JSBALIPU,paid,="order_ThphnHFd1VXHsh",="pay_ThphzpqAtxKkLL",4,="phase4",balipu-x-aloysius,Balipu x Aloysius,true,false,,,="e6f1b6b1-b13a-4eca-b131-f88e24efdba3",2026-09-29T11:17:04.393Z,2026-09-29T11:18:43.466Z
644,BRC-647,="647",Vishal ,vishalpoojary2007@gmail.com,="8618655737",="8618655737",="+918618655737",="18",Male,Mangalore ,="7411642999",,,Instagram,S,paid,PAID ENTRY,="245",="350",="105",VEER30,paid,="order_ThpniX1BGVv1VS",="pay_ThpnryQJpKsu20",4,="phase4",balipu-x-aloysius,Balipu x Aloysius,true,false,,,="43233356-4fcd-4e4f-b7db-02c0649ff856",2026-09-29T11:22:40.851Z,2026-09-29T11:23:30.638Z
645,BRC-648,="648",Thejas J Rai ,thejasjrai08@gmail.com,="7349055177",="7349055177",="+917349055177",="18",Male,Mangaluru ,="9448869696",,,Instagram,M,paid,PAID ENTRY,="245",="350",="105",VEER30,paid,="order_Thprc9eFRyadri",="pay_ThprwbhQbw2f3j",4,="phase4",balipu-x-aloysius,Balipu x Aloysius,true,false,,,="43e1cfc6-a4b7-420c-8cd0-e203a1097052",2026-09-29T11:26:22.249Z,2026-09-29T11:27:40.136Z
646,BRC-649,="649",Princia Shalom Pinto,princiapinto08@gmail.com,="9380219455",="9380219455",="+919380219455",="18",Female,Mangalore ,="9448180938",,,Instagram,XS,paid,PAID ENTRY,="315",="350",="35",10JSBALIPU,paid,="order_ThposGCeXaiaJu",="pay_ThppKEB4yuuGTU",4,="phase4",balipu-x-aloysius,Balipu x Aloysius,true,false,,,="40ef38b2-d196-4b8c-9fc5-59a791329d22",2026-09-29T11:23:46.558Z,2026-09-29T11:28:06.360Z
647,BRC-650,="650",Avya.K.N ,avyakn123@gmail.com,="8762520697",="8762520697",="+918762520697",="20",Female,Puttur,="8762520697",,,Instagram,XS,paid,PAID ENTRY,="245",="350",="105",VEER30,paid,="order_Thq3VrWH99uN3U",="pay_Thq3ZUH9zF4HCb",4,="phase4",balipu-x-aloysius,Balipu x Aloysius,true,false,,,="269b1bc7-29e6-4462-a4a6-5c28c8202c50",2026-09-29T11:37:38.050Z,2026-09-29T11:40:13.918Z
648,BRC-651,="651",Anjali rajesh,avyakn123@gmail.com,="9611812671",="9611812671",="+919611812671",="19",Female,Manglore ,="8762520697",,,Instagram,XS,paid,PAID ENTRY,="245",="350",="105",VEER30,paid,="order_Thq93yyKRX3b0A",="pay_Thq9AOGLxJByJy",4,="phase4",balipu-x-aloysius,Balipu x Aloysius,true,false,,,="8fc64104-b6e9-40c4-96ae-d2f78885e781",2026-09-29T11:42:53.314Z,2026-09-29T11:43:47.453Z
649,BRC-652,="652",B Vipul pai,vipulpaipai3@gmail.com,="6364003899",="6364003899",="+916364003899",="19",Male,Mangalore ,="8317325069",,,Friend / Family,S,paid,PAID ENTRY,="350",,="0",,paid,="order_Thq9IosG4XXSdI",="pay_Thq9Np0WdbEH3Z",4,="phase4",balipu-x-aloysius,Balipu x Aloysius,true,false,,,="8ca21bd3-8307-4b77-8ec7-efd88feeddd8",2026-09-29T11:43:06.896Z,2026-09-29T11:44:11.340Z
650,BRC-653,="653",Aneesh Achar,aneesh.achar4@gmail.com,="9611417360",="9611417360",="+919611417360",="38",Male,Udupi,="8951395585",,,Instagram,XL,paid,PAID ENTRY,="315",="350",="35",10JSBALIPU,paid,="order_ThqHqRBNOnm8Ra",="pay_ThqHw6Mm1PAhrH",4,="phase4",balipu-x-aloysius,Balipu x Aloysius,true,false,,,="bacd1e6b-e8cd-422b-874c-3d92e1986e2d",2026-09-29T11:51:12.095Z,2026-09-29T11:55:39.983Z
651,BRC-654,="654",Mahalakshmi Shenoy Bantwal,shenoydevlaxmi@gmail.com,="9449404099",="9449404099",="+919449404099",="16",Female,Mangaluru,="9449305507",,,Instagram,M,paid,PAID ENTRY,="350",,="0",,paid,="order_ThqMc3qzuocTDd",="pay_ThqRAMBMWi2vGc",4,="phase4",balipu-x-aloysius,Balipu x Aloysius,true,false,,,="8219d8cb-b71b-47a8-980c-1e469fca7a36",2026-09-29T11:55:42.929Z,2026-09-29T12:00:41.234Z
652,BRC-655,="655",Sanjith Shetty,sanjith.e97@gmail.com,="9892991889",="9892991889",="+919892991889",="33",Male,Bantwal,="7338050258",,,WhatsApp,M,paid,PAID ENTRY,="350",,="0",,paid,="order_ThqRAZsYobArnF",="pay_ThqRG7ZQWNykjO",4,="phase4",balipu-x-aloysius,Balipu x Aloysius,true,false,,,="72aaed1d-1f82-4f8f-9ab2-b09848cfa3fd",2026-09-29T12:00:01.747Z,2026-09-29T12:00:54.244Z
653,BRC-656,="656",Girish Shenoy Bantwal,shenoymedha@gmail.com,="9449305507",="9449305507",="+919449305507",="14",Male,Mangalore ,="9449404099",,,Instagram,S,paid,PAID ENTRY,="350",,="0",,paid,="order_ThqU8K2CjuHyfk",="pay_ThqUEettU1Vr8r",4,="phase4",balipu-x-aloysius,Balipu x Aloysius,true,false,,,="a20b271b-0997-4803-85a1-0fc5f037673d",2026-09-29T12:02:50.089Z,2026-09-29T12:03:51.530Z
654,BRC-657,="657",Janice Sequeira ,janicesequeira347@gmail.com,="8296551624",="8296551624",="+918296551624",="13",Female,Mangalore ,="8296551624",,,Instagram,XXL,paid,PAID ENTRY,="350",,="0",,paid,="order_ThqVR2Bzn9AssK",="pay_ThqVjXrGYz5EeS",4,="phase4",balipu-x-aloysius,Balipu x Aloysius,true,false,,,="5aaecedc-76f1-4b21-845a-3789f4d4c1b1",2026-09-29T12:04:04.028Z,2026-09-29T12:06:23.228Z
655,BRC-658,="658",Samskrithi ,samskrithihegde19@gmail.com,="6360823726",="6360823726",="+916360823726",="16",Female,Mangaluru,="9448252252",,,Friend / Family,M,paid,PAID ENTRY,="350",,="0",,paid,="order_ThrFQ9tHpYZOqo",="pay_ThrGJZrm4uARK7",4,="phase4",balipu-x-aloysius,Balipu x Aloysius,true,false,,,="f3deb3dc-21d7-49ea-9773-aee3af559d10",2026-09-29T12:47:36.039Z,2026-09-29T12:50:43.262Z
656,BRC-659,="659",Supritha Hebbar,appujerry21@gmail.com,="8431193581",="8431193581",="+918431193581",="27",Female,Mangalore ,="9980885942",,,Instagram,M,paid,PAID ENTRY,="350",,="0",,paid,="order_ThrPOeToTPqHqC",="pay_ThrPWF5xfyOmEA",4,="phase4",balipu-x-aloysius,Balipu x Aloysius,true,false,,,="9490185e-4718-4fba-ba65-d06345877433",2026-09-29T12:57:02.661Z,2026-09-29T12:58:07.260Z
657,BRC-660,="660",Yathi Raj,yathirajng@gmail.com,="9632529538",="9632529538",="+919632529538",="36",Male,Vittal,="9740357608",,,WhatsApp,L,paid,PAID ENTRY,="350",,="0",,paid,="order_ThrPiQAhBHHPGO",="pay_ThrQ1YXsLZN0HY",4,="phase4",balipu-x-aloysius,Balipu x Aloysius,true,false,,,="b45ee245-bd05-4d97-8f1d-a3d6f61eafa4",2026-09-29T12:57:20.773Z,2026-09-29T12:58:51.648Z
658,BRC-661,="661",Abhishek,abhishekkarkera1994@gmail.com,="08147592699",="08147592699",="+918147592699",="32",Male,Mangalore,="9036743240",,,Instagram,XL,paid,PAID ENTRY,="350",,="0",,paid,="order_ThrakmPkor0fiG",="pay_ThraqoOmk2UBXG",4,="phase4",balipu-x-aloysius,Balipu x Aloysius,true,false,,,="9cd233d8-9396-418b-bb0a-8908fd73eb38",2026-09-29T13:07:47.732Z,2026-09-29T13:08:58.018Z
659,BRC-662,="662",Rithul,bhavyasaliank613@gmail.com,="9972558075",="9972558075",="+919972558075",="14",Male,Mangluru ,="9972558075",,,Other,M,paid,PAID ENTRY,="350",,="0",,paid,="order_ThrlCXsRKsg7Q4",="pay_ThrlZFc7Tuj35j",4,="phase4",balipu-x-aloysius,Balipu x Aloysius,true,false,,,="7e5fd6e4-c408-4151-aefb-8ee9c780eead",2026-09-29T13:17:41.185Z,2026-09-29T13:18:54.812Z
660,BRC-663,="663",Shashikanth,shashi.eig@gmail.com,="9448170419",="9448170419",="+919448170419",="49",Male,Mangalore,="9448170419",,,WhatsApp,L,paid,PAID ENTRY,="315",="350",="35",10JSBALIPU,paid,="order_ThrxerccA4mngc",="pay_ThryGVoNuE7Koh",4,="phase4",balipu-x-aloysius,Balipu x Aloysius,true,false,,,="4b5f8aef-dd5b-4323-bbab-dc5771482917",2026-09-29T13:29:28.718Z,2026-09-29T13:30:37.946Z
661,BRC-664,="664",Kanthi,kanthirhsaliyan@gmail.com,="7338476788",="7338476788",="+917338476788",="26",Female,Mangalore ,="7338476788",,,Friend / Family,S,paid,PAID ENTRY,="350",,="0",,paid,="order_Ths0ggh1oqhNTj",="pay_Ths17HTaHoWJou",4,="phase4",balipu-x-aloysius,Balipu x Aloysius,true,false,,,="1ab060f0-9446-4217-b783-bb6bef2bab0b",2026-09-29T13:32:20.788Z,2026-09-29T13:34:02.040Z
662,BRC-665,="665",Rishi biswas,rishibiswas1804@gmail.com,="861-846-2568",="8618462568",="+918618462568",="18",Male,Mangalore ,="9743218016",,,Friend / Family,L,paid,PAID ENTRY,="350",,="0",,paid,="order_Ths0UqGyIIaa5P",="pay_Ths1SfsTYfzFjH",4,="phase4",balipu-x-aloysius,Balipu x Aloysius,true,false,,,="2d86a7a1-9ecf-4619-84f4-8b4ea58ebca2",2026-09-29T13:32:09.935Z,2026-09-29T13:34:21.996Z
663,BRC-666,="666",Anusha s bangera,anushabangera@5555gmail.com,="7338508076",="7338508076",="+917338508076",="29",Female,Manglore,="9379693436",,,Friend / Family,M,paid,PAID ENTRY,="350",,="0",,paid,="order_Ths1HvqUECUJrx",="pay_Ths1Qo5wrb8vJu",4,="phase4",balipu-x-aloysius,Balipu x Aloysius,true,false,,,="bb408ef8-4053-4dea-8ea4-b5c7140d02f7",2026-09-29T13:32:54.910Z,2026-09-29T13:35:58.510Z
664,BRC-667,="667",Keerthi,keerthisalyan@gmail.com,="9113938032",="9113938032",="+919113938032",="22",Female,Mangaluru,="7338476788",,,Instagram,S,paid,PAID ENTRY,="350",,="0",,paid,="order_Ths4gmfqHVmFyI",="pay_Ths4jynN8loMlm",4,="phase4",balipu-x-aloysius,Balipu x Aloysius,true,false,,,="4431d1c5-2485-43c1-9594-22ba1a7b38c3",2026-09-29T13:36:08.078Z,2026-09-29T13:36:57.996Z
665,BRC-668,="668",Dhanya,dhanyac324@gmail.com,="8105171839",="8105171839",="+918105171839",="25",Female,Mangalore,="9611820471",,,Friend / Family,XS,paid,PAID ENTRY,="350",,="0",,paid,="order_Ths4pHQcdNAOOH",="pay_Ths4wmxfg2YkvM",4,="phase4",balipu-x-aloysius,Balipu x Aloysius,true,false,,,="75a9c1e4-ae04-4187-a39f-d0aa8e4b4458",2026-09-29T13:36:15.862Z,2026-09-29T13:37:07.291Z
666,BRC-669,="669",LAZANE PAWAN DSOUZA,lazanedsouza8@gmail.com,="09686387805",="09686387805",="+919686387805",="29",Male,Mangalore,="8431079922",,,Friend / Family,L,paid,PAID ENTRY,="280",="350",="70",30BALIPU,paid,="order_Ths7iaiP17AeEh",="pay_Ths7n2j3IaPvHE",4,="phase4",balipu-x-aloysius,Balipu x Aloysius,true,false,,,="c1d8e927-c692-481f-92e7-13be3f5a033e",2026-09-29T13:39:00.133Z,2026-09-29T13:39:57.825Z
667,BRC-670,="670",Shreya Rastogi,rastogishreya016@gmail.com,="8299508999",="8299508999",="+918299508999",="24",Female,Mangaluru,="7979868270",,,Friend / Family,M,paid,PAID ENTRY,="175",="350",="175",ALOYSIUS,paid,="order_ThsMGny2iSbh0h",="pay_ThsMSZEXEeODR2",4,="phase4",balipu-x-aloysius,Balipu x Aloysius,true,false,,,="a8ff3072-1542-4387-b66f-37f4d40c89f2",2026-09-29T13:52:46.682Z,2026-09-29T13:53:34.621Z
668,BRC-671,="671",prathiksha suvarna,prathikshasuvarna16@gmail.com,="6362648609",="6362648609",="+916362648609",="28",Female,Mangaluru,="7090130556",,,Friend / Family,M,paid,PAID ENTRY,="350",,="0",,paid,="order_ThsMHnWf93HCVv",="pay_ThsMP38EQW8qoh",4,="phase4",balipu-x-aloysius,Balipu x Aloysius,true,false,,,="9ed5ea75-cf4c-4fe0-abf5-12b523f2d347",2026-09-29T13:52:47.591Z,2026-09-29T13:53:46.740Z
669,BRC-672,="672",SANJEEV GOWDA,sanjeevagowda3@gmail.com,="9741640073",="9741640073",="+919741640073",="37",Male,Panambur ,="9008636495",,,WhatsApp,L,paid,PAID ENTRY,="350",,="0",,paid,="order_ThsO8o0sW6K32r",="pay_ThsSyS8CaXb43R",4,="phase4",balipu-x-aloysius,Balipu x Aloysius,true,false,,,="af4b5068-4b90-4d27-ad80-566d4fbc2b52",2026-09-29T13:54:32.953Z,2026-09-29T14:00:53.538Z
670,BRC-673,="673",Samarth Rao,shashi.eig@gmail.com,="7349230392",="7349230392",="+917349230392",="15",Male,Mangalore,="9448170419",,,WhatsApp,M,paid,PAID ENTRY,="315",="350",="35",10JSBALIPU,paid,="order_ThsUlWJ37Rq0A5",="pay_ThsVIXNAFPjMbD",4,="phase4",balipu-x-aloysius,Balipu x Aloysius,true,false,,,="4c8a72b8-5d51-4c5f-adfb-2b6b4a3dba3d",2026-09-29T14:00:49.224Z,2026-09-29T14:01:51.168Z
671,BRC-674,="674",Siddharth Sanjay,siddharthsanjay.pro@gmail.com,="7975801997",="7975801997",="+917975801997",="21",Male,Mangaluru,="9481921183",,,Friend / Family,XL,paid,PAID ENTRY,="315",="350",="35",10JSBALIPU,paid,="order_ThsXH2NVEpWCAC",="pay_ThsXL3s0cAQQ0a",4,="phase4",balipu-x-aloysius,Balipu x Aloysius,true,false,,,="543be264-f736-45c6-ba17-e4596c33ba2c",2026-09-29T14:03:11.703Z,2026-09-29T14:04:49.531Z
672,BRC-675,="675",Asiya Heshana,asiyaheshana01@gmail.com,="8296772590",="8296772590",="+918296772590",="23",Female,Mangalurur,="9108725291",,,Instagram,M,paid,PAID ENTRY,="350",,="0",,paid,="order_ThszMdcrZ6hnbs",="pay_ThszPrqifjhyYt",4,="phase4",balipu-x-aloysius,Balipu x Aloysius,true,false,,,="711d1908-a3ca-4cc1-bed8-82580ae63c98",2026-09-29T14:29:47.235Z,2026-09-29T14:32:20.252Z
673,BRC-676,="676",Aditya Pandey,pandeyvatsa921@gmail.com,="09935381043",="09935381043",="+919935381043",="24",Male,Mangalore,="8808345881",,,Friend / Family,S,paid,PAID ENTRY,="175",="350",="175",ALOYSIUS,paid,="order_ThtFy6CJlwgvoX",="pay_ThtGCg7JSBemBp",4,="phase4",balipu-x-aloysius,Balipu x Aloysius,true,false,,,="9dfd9dc2-8def-4d55-b6c8-8a71149b6a6b",2026-09-29T14:45:30.356Z,2026-09-29T14:46:20.913Z
674,BRC-677,="677",Mohammad Amaan Ali ,aminavaris123@gmail.com,="9481223450",="9481223450",="+919481223450",="13",Male,Mangalore ,="9481223450",,,Friend / Family,M,paid,PAID ENTRY,="350",,="0",,paid,="order_ThtGj5S1CVdsjz",="pay_ThtGpETVvICkJK",4,="phase4",balipu-x-aloysius,Balipu x Aloysius,false,false,,,="df260ed6-abe8-446b-adee-0c0ddb1e47b5",2026-09-29T14:46:13.404Z,2026-09-29T14:46:55.196Z
675,BRC-678,="678",Abhinav Srivastav,abhinav.srivastav.7071@gmail.com,="8840927112",="8840927112",="+918840927112",="23",Male,Mangalore,="9935381043",,,Friend / Family,M,paid,PAID ENTRY,="175",="350",="175",ALOYSIUS,paid,="order_ThtJogkf38OmGs",="pay_ThtJtNKq9goBaa",4,="phase4",balipu-x-aloysius,Balipu x Aloysius,true,false,,,="84cb5d15-43ba-4cb9-a42e-8dfa552ba951",2026-09-29T14:49:08.938Z,2026-09-29T14:49:52.582Z
676,BRC-679,="679",Vignesh V Kamath,vigneshkamath356@gmail.com,="08073171356",="08073171356",="+918073171356",="28",Male,Mangaluru,="9972951914",,,Instagram,XXL,paid,PAID ENTRY,="350",,="0",,paid,="order_ThtOUrrXJNPP4V",="pay_ThtOYyzH5qTTcB",4,="phase4",balipu-x-aloysius,Balipu x Aloysius,false,false,,,="a6809ddb-3e08-4510-93be-fb7e0fbb0d92",2026-09-29T14:53:34.780Z,2026-09-29T14:54:08.332Z
677,BRC-680,="680",Prasad Shetty,prasadshetty1392@gmail.com,="8217492843",="8217492843",="+918217492843",="33",Male,Mangalore ,="8217492843",,,Friend / Family,L,paid,PAID ENTRY,="350",,="0",,paid,="order_ThtiW9FoGzyZkx",="pay_ThtibxJ9AapTMs",4,="phase4",balipu-x-aloysius,Balipu x Aloysius,true,false,,,="c3231b4a-59bd-44fd-a004-72decd0d8706",2026-09-29T15:12:31.960Z,2026-09-29T15:13:29.611Z
678,BRC-681,="681",Bhavyashree ,bhavyavp2008@gmail.com,="9632949424",="9632949424",="+919632949424",="18",Female,Manglore ,="9880082241",,,College,S,paid,PAID ENTRY,="350",,="0",,paid,="order_Thty11LbkQx5MX",="pay_Thty6paj29zNsO",4,="phase4",balipu-x-aloysius,Balipu x Aloysius,true,false,,,="4f8948af-d77f-4cc1-ae51-10a516badf70",2026-09-29T15:27:12.245Z,2026-09-29T15:27:49.568Z
679,BRC-682,="682",Shlok Dsa,stanypachanady@gmail.com,="9448216800",="9448216800",="+919448216800",="11",Male,Mangalore ,="9448216800",,,Instagram,XS,paid,PAID ENTRY,="245",="350",="105",VEER30,paid,="order_ThtyZKoRLXwqmd",="pay_Thtyh2v8EpmuCB",4,="phase4",balipu-x-aloysius,Balipu x Aloysius,true,false,,,="99d5762b-35eb-4b62-8011-5d28333eb4b3",2026-09-29T15:27:43.715Z,2026-09-29T15:28:36.133Z
680,BRC-683,="683",YASHVANTH RAI,dryashwanthrai@gmail.com,="9986297656",="9986297656",="+919986297656",="48",Male,Mangalore ,="9986297615",,,Instagram,L,paid,PAID ENTRY,="350",,="0",,paid,="order_ThtxlPdDrgzU4p",="pay_ThtxpLEDTeBswA",4,="phase4",balipu-x-aloysius,Balipu x Aloysius,true,false,,,="26a6d83a-82fb-4191-9933-0efcd7cdaa38",2026-09-29T15:26:57.943Z,2026-09-29T15:28:42.180Z
681,BRC-684,="684",Neha Krishna Kotian,nehaakkotian10@gmail.com,="8088182969",="8088182969",="+918088182969",="18",Female,Mangalore ,="8618475497",,,College,S,paid,PAID ENTRY,="350",,="0",,paid,="order_Thu1iwLh6cU4sx",="pay_Thu1mzi5UycbTV",4,="phase4",balipu-x-aloysius,Balipu x Aloysius,true,false,,,="82a6c8e5-4b74-4a60-931a-c6429f822334",2026-09-29T15:30:42.984Z,2026-09-29T15:31:31.777Z
682,BRC-685,="685",ADITRI RAI,aditrirai10@gmail.com,="9886313588",="9886313588",="+919886313588",="15",Female,Mangalore ,="9986297656",,,Friend / Family,S,paid,PAID ENTRY,="350",,="0",,paid,="order_Thu3EVoUGYZ19X",="pay_Thu3Hs78UD3IXv",4,="phase4",balipu-x-aloysius,Balipu x Aloysius,true,false,,,="0354c862-03f8-4571-afb2-498e2ed66f8b",2026-09-29T15:32:08.604Z,2026-09-29T15:33:09.124Z
683,BRC-686,="686",Dhruthi shetty,dhruthisshetty@gmail.com,="9611062585",="9611062585",="+919611062585",="15",Female,Mangalore,="+919071156463",,,Friend / Family,M,paid,PAID ENTRY,="350",,="0",,paid,="order_ThsJUEFs6eeajt",="MANUAL_ADMIN_CONFIRM",4,="phase4",balipu-x-aloysius,Balipu x Aloysius,true,false,,,="1301ee00-65d6-444e-bd4e-250ad1717029",2026-09-29T13:50:08.586Z,2026-09-29T15:35:44.360Z
684,BRC-687,="687",Anchith J,anchith1818@gmail.com,="97422 58118",="9742258118",="+919742258118",="20",Male,Mangalore,="9742596205",,,College,L,paid,PAID ENTRY,="245",="350",="105",VEER30,paid,="order_ThuQCo1ElzXWGq",="pay_ThuQGwWPGyri4L",4,="phase4",balipu-x-aloysius,Balipu x Aloysius,true,false,,,="4b4293b0-829f-43c9-815f-b93ade2b38c0",2026-09-29T15:53:53.451Z,2026-09-29T15:55:33.482Z
685,BRC-688,="688",Shishir K M,shishirkm563@gmail.com,="7975563271",="7975563271",="+917975563271",="20",Male,Manglore ,="9448394744",,,College,M,paid,PAID ENTRY,="245",="350",="105",VEER30,paid,="order_ThuRS5iNB5whUQ",="pay_ThuRY6MjON7ORl",4,="phase4",balipu-x-aloysius,Balipu x Aloysius,true,false,,,="7a454126-f452-493d-b5b1-4d4c47517a46",2026-09-29T15:55:04.252Z,2026-09-29T15:56:17.303Z
686,BRC-689,="689",KIRAN N,kiroo006@icloud.com,="8951979645",="8951979645",="+918951979645",="34",Male,Kalladka,="9743314802",,,Friend / Family,S,paid,PAID ENTRY,="350",,="0",,paid,="order_ThubiBiEg8OB9J",="pay_ThuciLn6tkG7fE",4,="phase4",balipu-x-aloysius,Balipu x Aloysius,true,false,,,="dd549539-af0f-4457-88eb-a47f70e8a793",2026-09-29T16:04:47.005Z,2026-09-29T16:06:22.884Z
687,BRC-690,="690",Keerthan Shetty A ,ram6537ram@gmail.com,="8296225791",="8296225791",="+918296225791",="21",Male,Mangaluru ,="9632569021",,,Friend / Family,M,paid,PAID ENTRY,="350",,="0",,paid,="order_Thug5xCs1mYYIE",="pay_ThugAr6jggWDba",4,="phase4",balipu-x-aloysius,Balipu x Aloysius,true,false,,,="78b6d3e5-6f11-474e-a5d4-dd9051c88518",2026-09-29T16:08:55.977Z,2026-09-29T16:09:37.284Z
688,BRC-691,="691",Sathvik Prabhu,sathvikprabhu9@gmail.com,="9379606815",="9379606815",="+919379606815",="21",Male,Mangalore,="09449530080",,,WhatsApp,M,paid,PAID ENTRY,="280",="350",="70",30BALIPU,paid,="order_Thuov7hqj9vliH",="pay_ThuozyywUu3EEK",4,="phase4",balipu-x-aloysius,Balipu x Aloysius,true,false,,,="8690192b-c0ef-4bf1-9a6d-1873ec5cca95",2026-09-29T16:17:17.260Z,2026-09-29T16:17:49.574Z
689,BRC-692,="692",Manvith Y Shetty,manvithyshetty9@gmail.com,="7795661674",="7795661674",="+917795661674",="21",Male,Mangaluru,="7795661674",,,WhatsApp,M,paid,PAID ENTRY,="280",="350",="70",30BALIPU,paid,="order_ThupUPJypA8l6o",="pay_ThupjwoQ0ezpXU",4,="phase4",balipu-x-aloysius,Balipu x Aloysius,true,false,,,="e6176287-b87e-489e-91d2-816f2cdc7139",2026-09-29T16:17:49.593Z,2026-09-29T16:18:45.409Z
690,BRC-693,="693",Nischith K,nischithkishore4@gmail.com,="9482543541",="9482543541",="+919482543541",="20",Male,Mangaluru ,="9845218776",,,Instagram,S,paid,PAID ENTRY,="280",="350",="70",30BALIPU,paid,="order_ThurHjj7JKsYK1",="pay_ThurKVyUerPHiU",4,="phase4",balipu-x-aloysius,Balipu x Aloysius,true,false,,,="9c6c2ae7-6f86-4d99-8b21-8b27ea7ada1d",2026-09-29T16:19:31.575Z,2026-09-29T16:21:13.561Z
691,BRC-694,="694",Dr Sudheendra Rao A N,ansudheendra@gmail.com,="09449817050",="09449817050",="+919449817050",="44",Male,Mangaluru,="09449817050",,,Instagram,L,paid,PAID ENTRY,="350",,="0",,paid,="order_Thurwy6Gvem1Ft",="pay_Thus5Djvg9dwhO",4,="phase4",balipu-x-aloysius,Balipu x Aloysius,true,false,,,="cf163a6a-d542-4844-b6d0-7f380467c4b4",2026-09-29T16:20:09.362Z,2026-09-29T16:20:52.504Z
692,BRC-695,="695",Amritha Baliga,amritha.nbaliga@gmail.com,="7892311276",="7892311276",="+917892311276",="17",Female,Mangaluru ,="9591314199",,,Instagram,L,paid,PAID ENTRY,="350",,="0",,paid,="order_ThutSQDjh3FY1l",="pay_ThuuAEZDFcoa0G",4,="phase4",balipu-x-aloysius,Balipu x Aloysius,true,false,,,="4aa6c342-473f-4324-8c6d-e7fa7849ec9c",2026-09-29T16:21:34.965Z,2026-09-29T16:22:49.215Z
693,BRC-696,="696",Guru Adithya ,nischithkishore4@gmail.com,="9482543541",="9482543541",="+919482543541",="22",Male,Mangaluru ,="9845218776",,,Friend / Family,XXL,paid,PAID ENTRY,="280",="350",="70",30BALIPU,paid,="order_ThuvDONHvkq4Vl",="pay_ThuvHDhI5FaEaH",4,="phase4",balipu-x-aloysius,Balipu x Aloysius,true,false,,,="c3d918db-e844-4f4d-8acd-36670b652028",2026-09-29T16:23:14.792Z,2026-09-29T16:23:43.564Z
694,BRC-697,="697",Siddanth,lohithranjini@gmail.com,="8951721088",="8951721088",="+918951721088",="14",Male,Mangalore,="+918951721088",,,Instagram,M,paid,PAID ENTRY,="245",="350",="105",VEER30,paid,="order_Thutr2H8yyKRmS",="pay_Thuu1UalkEyzSe",4,="phase4",balipu-x-aloysius,Balipu x Aloysius,true,false,,,="9eb0a2f8-5c9f-4497-81fd-528ef86a8353",2026-09-29T16:21:57.516Z,2026-09-29T16:23:59.353Z
695,BRC-698,="698",Aayden Keith karakda,aaydenkk21@gmail.com,="9591895622",="9591895622",="+919591895622",="16",Male,Mangaluru,="9945251428",,,Friend / Family,L,paid,PAID ENTRY,="350",,="0",,paid,="order_ThuvG5ZP2IEdSE",="pay_ThuweJ2EwKRiGb",4,="phase4",balipu-x-aloysius,Balipu x Aloysius,true,false,,,="7c5f2ed5-6e17-4737-a1ad-e6e2e1fcbfb1",2026-09-29T16:23:17.261Z,2026-09-29T16:26:14.304Z
696,BRC-699,="699",Manvith y k ,ykmqnu0@gmail.com,="9964932952",="9964932952",="+919964932952",="18",Male,Mangalore ,="7349331911",,,Friend / Family,XL,paid,PAID ENTRY,="350",,="0",,paid,="order_ThuxxSPJnchp3N",="pay_ThuzSHiREaqNYu",4,="phase4",balipu-x-aloysius,Balipu x Aloysius,true,false,,,="bd0e1bd5-9b32-4370-ba37-575340c17e39",2026-09-29T16:25:50.594Z,2026-09-29T16:28:23.493Z
697,BRC-700,="700",Prajwal,prajwalpajju220@gmail.com,="9901272167",="9901272167",="+919901272167",="27",Male,Mangaluru,="8105979065",,,Instagram,L,paid,PAID ENTRY,="350",,="0",,paid,="order_ThuzyjU3IVNyvm",="pay_Thv06nwh5fgzJH",4,="phase4",balipu-x-aloysius,Balipu x Aloysius,true,false,,,="d6679e90-4a01-4d7b-bd30-1ef7ae8b92fe",2026-09-29T16:27:45.363Z,2026-09-29T16:28:34.848Z
698,BRC-701,="701",Thomas Romareo Dsouza ,thomasinbusinesss@gmail.com,="9902258809",="9902258809",="+919902258809",="25",Male,Udupi ,="9901639180",,,Instagram,XL,paid,PAID ENTRY,="350",,="0",,paid,="order_Thv2017zBYPw5R",="pay_Thv24fRMDDefQ9",4,="phase4",balipu-x-aloysius,Balipu x Aloysius,true,false,,,="a2ddb5e6-968c-428e-a8e7-65e78559706f",2026-09-29T16:29:40.145Z,2026-09-29T16:30:21.937Z