seq,category,ticketId,bibNumber,name,email,phone,phoneDigitsOnly,whatsappPhone,age,gender,city,emergencyContact,idProofType,idProofNumber,source,jerseySize,entryType,entryLabel,feeRupees,originalFeeRupees,discountRupees,couponCode,paymentStatus,orderId,paymentId,pricingPhase,pricingTierId,eventId,eventName,emailSent,attended,attendedAt,linkedDocId,registrationId,createdAt,updatedAt
1,A: CONFIRMED / NO EMAIL,BRC-679,="679",Vignesh V Kamath,vigneshkamath356@gmail.com,="08073171356",="08073171356",="+918073171356",="28",Male,Mangaluru,="9972951914",,,Instagram,XXL,paid,PAID ENTRY,="350",,="0",,paid,="order_ThtOUrrXJNPP4V",="pay_ThtOYyzH5qTTcB",4,="phase4",balipu-x-aloysius,Balipu x Aloysius,false,false,,,="a6809ddb-3e08-4510-93be-fb7e0fbb0d92",2026-09-29T14:53:34.780Z,2026-09-29T14:54:08.332Z
2,A: CONFIRMED / NO EMAIL,BRC-677,="677",Mohammad Amaan Ali ,aminavaris123@gmail.com,="9481223450",="9481223450",="+919481223450",="13",Male,Mangalore ,="9481223450",,,Friend / Family,M,paid,PAID ENTRY,="350",,="0",,paid,="order_ThtGj5S1CVdsjz",="pay_ThtGpETVvICkJK",4,="phase4",balipu-x-aloysius,Balipu x Aloysius,false,false,,,="df260ed6-abe8-446b-adee-0c0ddb1e47b5",2026-09-29T14:46:13.404Z,2026-09-29T14:46:55.196Z
3,A: CONFIRMED / NO EMAIL,BRC-600,="600",Kavya,kavyaprabhu.manipal@gmail.com,="974 0379260",="9740379260",="+919740379260",="31",Female,manipal,="9663394650",,,Instagram,S,paid,PAID ENTRY,="350",,="0",,paid,="order_Thj0jRas1uc91G",="pay_Thj0olvP4rgN9s",4,="phase4",balipu-x-aloysius,Balipu x Aloysius,false,false,,,="1daa4459-ed3e-4735-9ff0-921fe44d459d",2026-09-29T04:44:08.784Z,2026-09-29T04:44:45.457Z
4,A: CONFIRMED / NO EMAIL,BRC-580,="580",Biprojit Roy,royhrick2107@gmail.com,="8403018788",="8403018788",="+918403018788",="25",Male,Mangaluru,="97110 11259",,,Instagram,L,paid,PAID ENTRY,="350",,="0",,paid,="order_ThYiNRsKakE5Uf",="pay_ThYic7r285sIlA",4,="phase4",balipu-x-aloysius,Balipu x Aloysius,false,false,,,="22f56de7-cb88-49a6-835b-cdeddc1dc72d",2026-09-28T18:39:50.084Z,2026-09-28T18:40:34.147Z
5,A: CONFIRMED / NO EMAIL,BRC-577,="577",Abhishek ,abhishekabhi52004@gmail.com,="8792089119",="8792089119",="+918792089119",="22",Male,Mangaluru ,="9902362758",,,Friend / Family,M,paid,PAID ENTRY,="350",,="0",,paid,="order_ThXf3lmktakqvf",="pay_ThXfMEskd6VYoa",4,="phase4",balipu-x-aloysius,Balipu x Aloysius,false,false,,,="29b1dc3c-c0f0-435d-bc39-7018ff8cc696",2026-09-28T17:38:00.039Z,2026-09-28T17:38:55.066Z
6,A: CONFIRMED / NO EMAIL,BRC-571,="571",Ashley pinto,ashleypinto207@gmail.com,="9380151502",="9380151502",="+919380151502",="28",Male,Mangaluru,="+91 98443 66528",,,Instagram,M,paid,PAID ENTRY,="350",,="0",,paid,="order_ThWurMqyD8LKko",="pay_ThWv2jyyuRaEQf",4,="phase4",balipu-x-aloysius,Balipu x Aloysius,false,false,,,="37adce32-a087-4136-a412-94c25995d2c4",2026-09-28T16:54:15.864Z,2026-09-28T16:55:05.589Z
7,B: PAYMENT PENDING,,,Manvith y k ,ykmanu0@gmail.com,="9964932952",="9964932952",="+919964932952",="18",Male,Mangalore ,="7349331911",,,Friend / Family,XL,paid,PAID ENTRY,="350",,="0",,pending,="order_ThuvNkRjMzzN6o",,4,="phase4",balipu-x-aloysius,Balipu x Aloysius,false,false,,,="a43960c9-50ca-4e42-b982-734edebdfbe9",2026-09-29T16:23:24.277Z,2026-09-29T16:23:24.277Z
8,B: PAYMENT PENDING,,,Aadesh Vaishak karunachandra,aadeshvk401@gmail.com,="9611521445",="9611521445",="+919611521445",="15",Male,Mangalore ,="9108512011",,,Instagram,XXL,paid,PAID ENTRY,="350",,="0",,pending,="order_Thuu2d0r7Dr2WB",,4,="phase4",balipu-x-aloysius,Balipu x Aloysius,false,false,,,="9d9ac328-c535-400e-bcfb-0b89d84c93fd",2026-09-29T16:22:08.131Z,2026-09-29T16:22:08.131Z
9,B: PAYMENT PENDING,,,Prajwal ,prajwal.p1@cars24.com,="9901272167",="9901272167",="+919901272167",="27",Male,Manglore ,="8197431773",,,WhatsApp,L,paid,PAID ENTRY,="350",,="0",,pending,="order_ThusgyC1rqiyVc",,4,="phase4",balipu-x-aloysius,Balipu x Aloysius,false,false,,,="ed132757-f909-4495-8e4f-e055e756ff74",2026-09-29T16:20:51.500Z,2026-09-29T16:20:51.500Z
10,B: PAYMENT PENDING,,,Manvith y k ,ykmanu0@gmail.com,="9964932952",="9964932952",="+919964932952",="18",Male,Mangalore ,="7349331911",,,Friend / Family,XL,paid,PAID ENTRY,="350",,="0",,pending,="order_ThururRNNgOYc8",,4,="phase4",balipu-x-aloysius,Balipu x Aloysius,false,false,,,="62213ee7-870e-41ac-a54f-3a77d03e8c53",2026-09-29T16:20:07.431Z,2026-09-29T16:20:07.431Z
11,B: PAYMENT PENDING,,,Manvith y Karkera ,ykmanu0@gmail.com,="9964932952",="9964932952",="+919964932952",="18",Male,Mangalore ,="7349331911",,,Friend / Family,XL,paid,PAID ENTRY,="350",,="0",,pending,="order_ThuqJSfpyoZ448",,4,="phase4",balipu-x-aloysius,Balipu x Aloysius,false,false,,,="de5dcef4-bfff-4647-bda6-8b9a6536a2af",2026-09-29T16:18:36.352Z,2026-09-29T16:18:36.352Z
12,B: PAYMENT PENDING,,,Priyanshu ,pranshujogi1@gmail.com,="8978471486",="8978471486",="+918978471486",="16",Male,Manglore ,="8168226449",,,Instagram,M,paid,PAID ENTRY,="245",="350",="105",VEER30,pending,="order_ThumqC8DRyDgce",,4,="phase4",balipu-x-aloysius,Balipu x Aloysius,false,false,,,="d84d4dad-8253-4a58-becf-b1a26edbaa84",2026-09-29T16:15:19.141Z,2026-09-29T16:15:19.141Z
13,B: PAYMENT PENDING,,,SangeethaRaj ,raaj_esha@yahoo.com,="8880648316",="8880648316",="+918880648316",="36",Female,Surthkal ,="9880345995",,,Instagram,M,paid,PAID ENTRY,="350",,="0",,pending,="order_ThuYmB2PchMayx",,4,="phase4",balipu-x-aloysius,Balipu x Aloysius,false,false,,,="8ea10757-fdca-4efd-a4a9-3dd6ce8570b4",2026-09-29T16:02:00.262Z,2026-09-29T16:02:00.262Z
14,B: PAYMENT PENDING,,,RANJITH KUMAR K ,ranjithkumark139@gmail.com,="7349365825",="7349365825",="+917349365825",="23",Male,Mangalore ,="7349365825",,,Instagram,M,paid,PAID ENTRY,="350",,="0",,pending,="order_ThuXQzBu65sWht",,4,="phase4",balipu-x-aloysius,Balipu x Aloysius,false,false,,,="ff6487d1-324c-4cd8-953f-648ce51f5426",2026-09-29T16:00:44.043Z,2026-09-29T16:00:44.043Z
15,B: PAYMENT PENDING,,,Keerthi K,keerthikundapur1@gmail.com,="9448869456",="9448869456",="+919448869456",="58",Female,Mangalore ,="9845929687",,,Instagram,M,paid,PAID ENTRY,="350",,="0",,pending,="order_ThuWqQDa5FIZaW",,4,="phase4",balipu-x-aloysius,Balipu x Aloysius,false,false,,,="de29fbb2-4999-4411-bbd5-2c1e64f618fc",2026-09-29T16:00:10.547Z,2026-09-29T16:00:10.547Z
16,B: PAYMENT PENDING,,,Alva Shwetha Shivaprasad,flutekrishna.janardhana@gmail.com,="09483113722",="09483113722",="+919483113722",="24",Female,manglore,="7204096209",,,Instagram,M,paid,PAID ENTRY,="350",,="0",,pending,="order_ThuSiV1Ata4Y21",,4,="phase4",balipu-x-aloysius,Balipu x Aloysius,false,false,,,="606376d2-ca39-421c-b03f-fa09e88b91c0",2026-09-29T15:56:16.095Z,2026-09-29T15:56:16.095Z
17,B: PAYMENT PENDING,,,POOJA RAI,yashpoojarai@gmail.com,="9986297615",="9986297615",="+919986297615",="42",Female,Mangalore ,="9986297656",,,Friend / Family,M,paid,PAID ENTRY,="350",,="0",,pending,="order_Thu6Ox41rqOKsZ",,4,="phase4",balipu-x-aloysius,Balipu x Aloysius,false,false,,,="c90f8e41-e551-4485-8874-fd924782999f",2026-09-29T15:35:08.567Z,2026-09-29T15:35:08.567Z
18,B: PAYMENT PENDING,,,Manvith y Karkera ,ykmanu0@gmail.com,="9964932952",="9964932952",="+919964932952",="18",Male,Mangalore ,="7349331911",,,Friend / Family,XL,paid,PAID ENTRY,="350",,="0",,pending,="order_Thu4gsiEmbWOf0",,4,="phase4",balipu-x-aloysius,Balipu x Aloysius,false,false,,,="e61d8417-5774-4ee4-98db-d67450d04eca",2026-09-29T15:33:31.393Z,2026-09-29T15:33:31.393Z
19,B: PAYMENT PENDING,,,Amritha Baliga,amritha.nbaliga@gmail.com,="7892311276",="7892311276",="+917892311276",="17",Female,Mangaluru ,="9591314199",,,Instagram,L,paid,PAID ENTRY,="350",,="0",,pending,="order_ThtsMVMZ1TyHUI",,4,="phase4",balipu-x-aloysius,Balipu x Aloysius,false,false,,,="9e40e6de-fb57-494a-a7d6-11cde30661fe",2026-09-29T15:21:51.129Z,2026-09-29T15:21:51.129Z
20,B: PAYMENT PENDING,,,Bhavyashree ,bhavyavp2008@gmail.com,="9632949424",="9632949424",="+919632949424",="18",Female,Mangalore ,="9880082241",,,College,S,paid,PAID ENTRY,="350",,="0",,pending,="order_ThtikxWTFUNj3d",,4,="phase4",balipu-x-aloysius,Balipu x Aloysius,false,false,,,="1e03b519-4e0e-44fa-b949-d0b6827bdb3c",2026-09-29T15:12:45.540Z,2026-09-29T15:12:45.540Z
21,B: PAYMENT PENDING,,,Deon dsouza,dsouzavinol22@gmail.com,="8105483157",="8105483157",="+918105483157",="21",Male,Mangaluru,="9886872300",,,WhatsApp,M,paid,PAID ENTRY,="350",,="0",,pending,="order_ThtZHUXIyYiIwn",,4,="phase4",balipu-x-aloysius,Balipu x Aloysius,false,false,,,="076fd3ce-5126-4da0-b7a3-fed1e5900497",2026-09-29T15:03:47.334Z,2026-09-29T15:03:47.334Z
22,B: PAYMENT PENDING,,,Thanisha Crasta,tinacrasta79@gmail.com,="9448455954",="9448455954",="+919448455954",="16",Female,Mangaluru,="9902199045",,,Instagram,XS,paid,PAID ENTRY,="350",,="0",,pending,="order_ThtVHV8jdBYYTg",,4,="phase4",balipu-x-aloysius,Balipu x Aloysius,false,false,,,="2e383bbc-3423-4a8a-9e9a-27153291ca8e",2026-09-29T15:00:00.136Z,2026-09-29T15:00:00.136Z
23,B: PAYMENT PENDING,,,Rajath gowda,rr2964986@gmail.com,="6363809023",="6363809023",="+916363809023",="19",Male,Uppinangadi ,="+916363809023",,,Instagram,XS,paid,PAID ENTRY,="245",="350",="105",VEER30,pending,="order_ThtUWMmA3s5zy2",,4,="phase4",balipu-x-aloysius,Balipu x Aloysius,false,false,,,="d2f4a0e6-5a75-4f13-b10c-fb52fd326bdc",2026-09-29T14:59:16.956Z,2026-09-29T14:59:16.956Z
24,B: PAYMENT PENDING,,,Mohammed murshid ,murshidsgaming@gmail.com,="8310349973",="8310349973",="+918310349973",="15",Male,Ullal,="8310349973",,,Instagram,XXL,paid,PAID ENTRY,="350",,="0",,pending,="order_ThtLZAvtV7yfRN",,4,="phase4",balipu-x-aloysius,Balipu x Aloysius,false,false,,,="18eb8bbd-0271-495c-9256-56cf14532f88",2026-09-29T14:50:48.332Z,2026-09-29T14:50:48.332Z
25,B: PAYMENT PENDING,,,Mohammad Amaan,aminavaris123@gmail.com,="9481223450",="9481223450",="+919481223450",="13",Male,Mangalore ,="9481223450",,,Friend / Family,M,paid,PAID ENTRY,="350",,="0",,pending,="order_ThtE0z3ej7vo2A",,4,="phase4",balipu-x-aloysius,Balipu x Aloysius,false,false,,,="bd84f7f3-ffbd-434a-85ab-0c584856b601",2026-09-29T14:43:39.408Z,2026-09-29T14:43:39.408Z
26,B: PAYMENT PENDING,,,Mohammad Amaan Ali,aminavaris122@gmail.com,="9481223450",="9481223450",="+919481223450",="13",Male,Mangalore ,="9481223450",,,Friend / Family,M,paid,PAID ENTRY,="350",,="0",,pending,="order_ThtBOxzgmRD6jJ",,4,="phase4",balipu-x-aloysius,Balipu x Aloysius,false,false,,,="62ef3feb-d374-4925-b2e5-e372351f5f43",2026-09-29T14:41:11.023Z,2026-09-29T14:41:11.023Z
27,B: PAYMENT PENDING,,,Abhijith,abhigaradimaneyellur@gmail.com,="7676003405",="7676003405",="+917676003405",="19",Male,Udupi ,="9611497592",,,Instagram,M,paid,PAID ENTRY,="350",,="0",,pending,="order_ThsxKj0BBNIEAi",,4,="phase4",balipu-x-aloysius,Balipu x Aloysius,false,false,,,="19250223-a4e8-4585-9483-4fa8445a4924",2026-09-29T14:27:51.881Z,2026-09-29T14:27:51.881Z
28,B: PAYMENT PENDING,,,Abhijith ,abhigaradimaneyellur@gmail.com,="7676003405",="7676003405",="+917676003405",="19",Male,Udupi ,="9611497592",,,Instagram,M,paid,PAID ENTRY,="350",,="0",,pending,="order_ThsvCpsyaCZYim",,4,="phase4",balipu-x-aloysius,Balipu x Aloysius,false,false,,,="30330e06-01b5-4b77-ad73-3afecb1de244",2026-09-29T14:25:51.055Z,2026-09-29T14:25:51.055Z
29,B: PAYMENT PENDING,,,Anvith ,abhigaradimaneyellur@gmail.com,="7676003405",="7676003405",="+917676003405",="15",Male,Udupi ,="9611497592",,,Instagram,M,paid,PAID ENTRY,="350",,="0",,pending,="order_ThstBPaJfHhEFg",,4,="phase4",balipu-x-aloysius,Balipu x Aloysius,false,false,,,="0e48fa26-6e33-4a63-aca5-fc7d9acbdb0e",2026-09-29T14:23:56.151Z,2026-09-29T14:23:56.151Z
30,B: PAYMENT PENDING,,,Manjunath ,mannjunath0@gmail.com,="9353160828",="9353160828",="+919353160828",="20",Male,Mangalore ,="9353160828",,,Instagram,M,paid,PAID ENTRY,="350",,="0",,pending,="order_Thsj9VvgKDrhke",,4,="phase4",balipu-x-aloysius,Balipu x Aloysius,false,false,,,="26d5d0af-9bb7-416d-878d-17047c1de4e0",2026-09-29T14:14:26.405Z,2026-09-29T14:14:26.405Z
31,B: PAYMENT PENDING,,,Angelinepais Pais,paisangeline@gmail.com,="09739033153",="09739033153",="+919739033153",="17",Female,Mangaluru ,="9481763571",,,College,S,paid,PAID ENTRY,="350",,="0",,pending,="order_ThsVxsRxpmcGXm",,4,="phase4",balipu-x-aloysius,Balipu x Aloysius,false,false,,,="afab40a1-0815-4616-8ce2-a121080b399c",2026-09-29T14:01:57.356Z,2026-09-29T14:01:57.356Z
32,B: PAYMENT PENDING,,,Sanjeev Gowda,sanjeevagowda3@gmail.com,="9741640073",="9741640073",="+919741640073",="37",Male,Panamburu ,="9008636495",,,WhatsApp,L,paid,PAID ENTRY,="350",,="0",,pending,="order_ThsLt9PWneRw3E",,4,="phase4",balipu-x-aloysius,Balipu x Aloysius,false,false,,,="3a574be8-decc-48cf-b3f7-3e2279a5c15e",2026-09-29T13:52:25.011Z,2026-09-29T13:52:25.011Z
33,B: PAYMENT PENDING,,,Dhruthi shetty,dhruthisshetty@gmail.com,="9611062585",="9611062585",="+919611062585",="16",Female,Mangalore ,="9611062585",,,Friend / Family,M,paid,PAID ENTRY,="350",,="0",,pending,="order_ThsFgldorRnRCA",,4,="phase4",balipu-x-aloysius,Balipu x Aloysius,false,false,,,="efd33d55-95d5-4044-92bf-c583e3cd067e",2026-09-29T13:46:32.862Z,2026-09-29T13:46:32.862Z
34,B: PAYMENT PENDING,,,Dhruthi shetty,dhruthisshetty@gmail.com,="9611062585",="9611062585",="+919611062585",="15",Female,Mangalore ,="9611062585",,,Friend / Family,M,paid,PAID ENTRY,="350",,="0",,pending,="order_ThsCeNK5GJMkuT",,4,="phase4",balipu-x-aloysius,Balipu x Aloysius,false,false,,,="952cef9e-cbec-4e49-adff-5217f4aa79fe",2026-09-29T13:43:40.271Z,2026-09-29T13:43:40.271Z
35,B: PAYMENT PENDING,,,Dhruthi shetty,dhruthisshetty@gmail.com,="9611062585",="9611062585",="+919611062585",="15",Female,Mangalore ,="9611062585",,,Friend / Family,M,paid,PAID ENTRY,="350",,="0",,pending,="order_ThsBYb2MYjn5iZ",,4,="phase4",balipu-x-aloysius,Balipu x Aloysius,false,false,,,="ebae6893-9b58-44fe-8eb1-0d7840db051a",2026-09-29T13:42:38.231Z,2026-09-29T13:42:38.231Z
36,B: PAYMENT PENDING,,,Dhruthi ,dhruthisshetty@gmail.com,="9611062585",="9611062585",="+919611062585",="15",Female,Mangalore,="9611062585",,,Friend / Family,M,paid,PAID ENTRY,="350",,="0",,pending,="order_Ths8IiklkQJiWb",,4,="phase4",balipu-x-aloysius,Balipu x Aloysius,false,false,,,="478a5be3-e5e6-4d66-8287-dfd8dbcd2614",2026-09-29T13:39:33.233Z,2026-09-29T13:39:33.233Z
37,B: PAYMENT PENDING,,,Keerthi ,keerthisalyan@gmail.com,="9113938032",="9113938032",="+919113938032",="22",Female,Mangaluru,="7338476788",,,Instagram,S,paid,PAID ENTRY,="350",,="0",,pending,="order_Ths2VUXsuE50tz",,4,="phase4",balipu-x-aloysius,Balipu x Aloysius,false,false,,,="8280472f-e1fe-45e2-83ce-e3b705323a4a",2026-09-29T13:34:04.142Z,2026-09-29T13:34:04.142Z
38,B: PAYMENT PENDING,,,Aarna hegde,aarnahegde@gmail.com,="8050077713",="8050077713",="+918050077713",="16",Female,Mangaluru,="9945033780",,,Instagram,L,paid,PAID ENTRY,="350",,="0",,pending,="order_Ths0zHdPQ92cY3",,4,="phase4",balipu-x-aloysius,Balipu x Aloysius,false,false,,,="00cd22da-3345-450b-bb48-035018aa57ae",2026-09-29T13:32:37.824Z,2026-09-29T13:32:37.824Z
39,B: PAYMENT PENDING,,,Saketh N kisore ,kishor.heaters@gmail.com,="88678 20014",="8867820014",="+918867820014",="10",Male,Manglore,="8867820014",,,Instagram,XS,paid,PAID ENTRY,="245",="350",="105",VEER30,pending,="order_ThrztjcEzcj0Zx",,4,="phase4",balipu-x-aloysius,Balipu x Aloysius,false,false,,,="bdbdc69e-88da-4cc7-8204-0e3e8dda7fe8",2026-09-29T13:31:35.943Z,2026-09-29T13:31:35.943Z
40,B: PAYMENT PENDING,,,Keerthi,keerthisalyan@gmail.com,="9113938032",="9113938032",="+919113938032",="22",Female,Mangaluru,="7338476788",,,Instagram,S,paid,PAID ENTRY,="350",,="0",,pending,="order_ThrySS3g5qfLnP",,4,="phase4",balipu-x-aloysius,Balipu x Aloysius,false,false,,,="f49180b7-f855-4956-99f3-0d69392d2a9d",2026-09-29T13:30:14.147Z,2026-09-29T13:30:14.147Z
41,B: PAYMENT PENDING,,,Rishi biswas,rishibiswas1804@gmail.com,="8618462568",="8618462568",="+918618462568",="18",Male,Mangalore ,="9743218016",,,Friend / Family,L,paid,PAID ENTRY,="350",,="0",,pending,="order_ThrpbXduQlVfOy",,4,="phase4",balipu-x-aloysius,Balipu x Aloysius,false,false,,,="f7e3d8d9-59af-4ce3-8eb1-6d4e977afc7f",2026-09-29T13:21:51.270Z,2026-09-29T13:21:51.270Z
42,B: PAYMENT PENDING,,,SACHI ,nagarajanagaraj263@gmail.com,="6361520817",="6361520817",="+916361520817",="21",Male,Surathkal ,="8088255634",,,College,M,paid,PAID ENTRY,="350",,="0",,pending,="order_ThrlEMPSjj29WN",,4,="phase4",balipu-x-aloysius,Balipu x Aloysius,false,false,,,="df409926-4fbb-468a-9e6e-b20038436701",2026-09-29T13:17:42.833Z,2026-09-29T13:17:42.833Z
43,B: PAYMENT PENDING,,,Rithul,bhavyasaliank613@gmail.com,="9972558075",="9972558075",="+919972558075",="14",Male,Mangluru,="9972558075",,,College,M,paid,PAID ENTRY,="350",,="0",,pending,="order_ThrgsZwxNj4t5p",,4,="phase4",balipu-x-aloysius,Balipu x Aloysius,false,false,,,="fdf1845f-3da3-4005-ab03-6113e79add2b",2026-09-29T13:13:35.681Z,2026-09-29T13:13:35.681Z
44,B: PAYMENT PENDING,,,Manik Kulal,kulalmanik4@gmail.com,="7204097453",="7204097453",="+917204097453",="18",Male,Mangalore ,="9449022121",,,Instagram,XL,paid,PAID ENTRY,="350",,="0",,pending,="order_ThraknEn0WCQJk",,4,="phase4",balipu-x-aloysius,Balipu x Aloysius,false,false,,,="9fdd97aa-3a1d-4134-bf2a-78a06c8677ce",2026-09-29T13:07:47.743Z,2026-09-29T13:07:47.743Z
45,B: PAYMENT PENDING,,,Rithwik Rai,rithwikrai63@gmail.com,="9380841187",="9380841187",="+919380841187",="16",Male,Mangalore,="9380841187",,,Instagram,L,paid,PAID ENTRY,="350",,="0",,pending,="order_Thr1nZcUSY054N",,4,="phase4",balipu-x-aloysius,Balipu x Aloysius,false,false,,,="ea210d9c-71ee-418a-a3ec-b69dc9c15a23",2026-09-29T12:34:42.292Z,2026-09-29T12:34:42.292Z
46,B: PAYMENT PENDING,,,Medha,medhabhat334@gmail.com,="8971241040",="8971241040",="+918971241040",="19",Female,Manglore,="9449130428",,,Friend / Family,XS,paid,PAID ENTRY,="245",="350",="105",VEER30,pending,="order_Thpv6BiQnDEPIT",,4,="phase4",balipu-x-aloysius,Balipu x Aloysius,false,false,,,="f56f1dfb-022a-488f-87a0-9f301f6b7ac6",2026-09-29T11:29:40.121Z,2026-09-29T11:29:40.121Z
47,B: PAYMENT PENDING,,,Anjali rajesh,anjalirajesh12627@gmail.com,="9611812671",="9611812671",="+919611812671",="18",Female,Mangaluru,="9986373124",,,Friend / Family,XS,paid,PAID ENTRY,="245",="350",="105",VEER30,pending,="order_ThprAGHUmMQfs9",,4,="phase4",balipu-x-aloysius,Balipu x Aloysius,false,false,,,="41630c08-fa85-4465-8f40-5ced9898925d",2026-09-29T11:25:56.648Z,2026-09-29T11:25:56.648Z
48,B: PAYMENT PENDING,,,Anjali Rajesh ,anjalirajesh12627@gmail.com,="9611812671",="9611812671",="+919611812671",="18",Female,Mangaluru,="9986373124",,,Friend / Family,XS,paid,PAID ENTRY,="245",="350",="105",VEER30,pending,="order_Thppco8OgoTwCx",,4,="phase4",balipu-x-aloysius,Balipu x Aloysius,false,false,,,="cc4710d8-037d-4dba-9c76-f0577fc00d49",2026-09-29T11:24:29.209Z,2026-09-29T11:24:29.209Z
49,B: PAYMENT PENDING,,,Mohammad Ansar,ansarmohammad111222@gmail.com,="9663646598",="9663646598",="+919663646598",="35",Male,Surathkal,="9743285622",,,Instagram,M,paid,PAID ENTRY,="350",,="0",,pending,="order_ThpWqPpzvp975F",,4,="phase4",balipu-x-aloysius,Balipu x Aloysius,false,false,,,="7eb831fc-9a30-401a-a5e5-2bc7f9373169",2026-09-29T11:06:42.463Z,2026-09-29T11:06:42.463Z
50,B: PAYMENT PENDING,,,Anan Shetty,ananshetty181@gmail.com,="8197603154",="8197603154",="+918197603154",="18",Male,Mangalore,="9741203154",,,College,M,paid,PAID ENTRY,="245",="350",="105",VEER30,pending,="order_ThpUkxKQhxopOy",,4,="phase4",balipu-x-aloysius,Balipu x Aloysius,false,false,,,="a71778ae-c313-4709-b247-2a6859b10da1",2026-09-29T11:04:43.888Z,2026-09-29T11:04:43.888Z
51,B: PAYMENT PENDING,,,Athmi V,athmi28shettty@gmail.com,="8050828971",="8050828971",="+918050828971",="15",Female,Mangalore ,="6364050533",,,Instagram,XL,paid,PAID ENTRY,="245",="350",="105",VEER30,pending,="order_ThpUXlG5wmgSVy",,4,="phase4",balipu-x-aloysius,Balipu x Aloysius,false,false,,,="c7b914a7-51cd-4926-891f-fbdbcbdee2ab",2026-09-29T11:04:31.791Z,2026-09-29T11:04:31.791Z
52,B: PAYMENT PENDING,,,Harshith,zzbroken12@gmail.com,="9353356694",="9353356694",="+919353356694",="24",Male,Mangaluru ,="9633610856",,,College,M,paid,PAID ENTRY,="350",,="0",,pending,="order_Thp2U9CZGZOhp3",,4,="phase4",balipu-x-aloysius,Balipu x Aloysius,false,false,,,="56551ec0-a57c-4553-bb56-bb8a70b866c0",2026-09-29T10:37:58.059Z,2026-09-29T10:37:58.059Z
53,B: PAYMENT PENDING,,,Sthuthi shetty,shettysthuthi17@gamil.com,="9019655728",="9019655728",="+919019655728",="16",Female,Mangalore ,="+919071156463",,,Friend / Family,S,paid,PAID ENTRY,="350",,="0",,pending,="order_Thot1uUxauouDL",,4,="phase4",balipu-x-aloysius,Balipu x Aloysius,false,false,,,="7d3c1595-2613-49e4-aa7f-69078bd27b7d",2026-09-29T10:29:01.008Z,2026-09-29T10:29:01.008Z
54,B: PAYMENT PENDING,,,Adarsh n kulur,adarshpoojary247@gmail.com,="8618956456",="8618956456",="+918618956456",="23",Male,Mangalore ,="8618956456",,,Other,M,paid,PAID ENTRY,="350",,="0",,pending,="order_Thodc1snjUH70P",,4,="phase4",balipu-x-aloysius,Balipu x Aloysius,false,false,,,="95c1ead9-bcc2-44b2-90e0-1198aca73487",2026-09-29T10:14:25.288Z,2026-09-29T10:14:25.288Z
55,B: PAYMENT PENDING,,,Mohammad Amaan Ali ,aminavaris123@gmail.com,="9481223450",="9481223450",="+919481223450",="13",Male,Mangalore ,="9481223450",,,Friend / Family,M,paid,PAID ENTRY,="350",,="0",,pending,="order_ThobHlvsQx4A8j",,4,="phase4",balipu-x-aloysius,Balipu x Aloysius,false,false,,,="2d91ea76-743e-4cb9-9870-4960ccd3a7ea",2026-09-29T10:12:13.119Z,2026-09-29T10:12:13.119Z
56,B: PAYMENT PENDING,,,D.abhi,aabhi959235@gmail.com,="8296932405",="8296932405",="+918296932405",="17",Male,Mangalore,="7022452924",,,College,M,paid,PAID ENTRY,="315",="350",="35",10JSBALIPU,pending,="order_ThoAcF6lXHF1of",,4,="phase4",balipu-x-aloysius,Balipu x Aloysius,false,false,,,="d6cd9f2b-ebb4-4ada-8feb-eb50bdc68827",2026-09-29T09:46:58.257Z,2026-09-29T09:46:58.257Z
57,B: PAYMENT PENDING,,,D.abhi,aabhi959235@gmail.com,="08296932405",="08296932405",="+918296932405",="17",Male,Mangalore,="7022452924",,,College,M,paid,PAID ENTRY,="315",="350",="35",10JSBALIPU,pending,="order_Tho7b6rIwBDWQj",,4,="phase4",balipu-x-aloysius,Balipu x Aloysius,false,false,,,="6e3d794f-c203-4d50-8d27-09cc917f3c2f",2026-09-29T09:44:06.821Z,2026-09-29T09:44:06.821Z
58,B: PAYMENT PENDING,,,Royston Dsouza,dsouzaroyston74@gmail.com,="7204264556",="7204264556",="+917204264556",="16",Male,Mangaluru,="9901390201",,,Instagram,M,paid,PAID ENTRY,="245",="350",="105",VEER30,pending,="order_Thn8RUlPb7kjqY",,4,="phase4",balipu-x-aloysius,Balipu x Aloysius,false,false,,,="cca891e3-79fb-4a77-852c-342e2023a1da",2026-09-29T08:46:13.201Z,2026-09-29T08:46:13.201Z
59,B: PAYMENT PENDING,,,Sthuthi shetty ,shettysthuthi17@gmail.com,="90196 55728",="9019655728",="+919019655728",="15",Female,Mangalore,="90196 55728",,,Friend / Family,S,paid,PAID ENTRY,="350",,="0",,pending,="order_ThmwH4NruYjkH6",,4,="phase4",balipu-x-aloysius,Balipu x Aloysius,false,false,,,="ca75e255-cfc5-4caa-b958-5d3ed42e636a",2026-09-29T08:34:42.052Z,2026-09-29T08:34:42.052Z
60,B: PAYMENT PENDING,,,Pavan,pavanpoojari973@gmail.com,="7411027354",="7411027354",="+917411027354",="23",Male,Moodbidri,="7411027354",,,Instagram,M,paid,PAID ENTRY,="350",,="0",,pending,="order_Thlz8YVXqo3k4P",,4,="phase4",balipu-x-aloysius,Balipu x Aloysius,false,false,,,="bca9c838-3d5d-4177-9316-56eb076aaf67",2026-09-29T07:38:43.031Z,2026-09-29T07:38:43.031Z
61,B: PAYMENT PENDING,,,SHAUN FERNANDES,shaun2006fds@gmail.com,="08861997680",="08861997680",="+918861997680",="20",Male,Mangalore,="8073407009",,,WhatsApp,XXL,paid,PAID ENTRY,="280",="350",="70",30BALIPU,pending,="order_ThlncJAv1C5VFd",,4,="phase4",balipu-x-aloysius,Balipu x Aloysius,false,false,,,="36b423a1-a5dc-4600-a701-9f416d985b70",2026-09-29T07:27:48.687Z,2026-09-29T07:27:48.687Z
62,B: PAYMENT PENDING,,,Sthuthi shetty,shettysthuthi17@gmail.com,="90196 55728",="9019655728",="+919019655728",="15",Female,Mangalore ,="90196 55728",,,Friend / Family,S,paid,PAID ENTRY,="350",,="0",,pending,="order_ThlWEiyf9UsGUI",,4,="phase4",balipu-x-aloysius,Balipu x Aloysius,false,false,,,="7346a80d-bc91-4027-8592-498741b682c6",2026-09-29T07:11:21.486Z,2026-09-29T07:11:21.486Z
63,B: PAYMENT PENDING,,,Sthuthi shetty,shettysthuthi17@gmail.com,="90196 55728",="9019655728",="+919019655728",="15",Female,Mangalore ,="90196 55728",,,Instagram,S,paid,PAID ENTRY,="350",,="0",,pending,="order_ThlUdLLwera8VO",,4,="phase4",balipu-x-aloysius,Balipu x Aloysius,false,false,,,="ef9dee67-5d3c-4ff6-88dd-6a6107aeab6e",2026-09-29T07:09:50.428Z,2026-09-29T07:09:50.428Z
64,B: PAYMENT PENDING,,,Dhananjaya rai,dhanurai009@gmail.com,="7338529489",="7338529489",="+917338529489",="31",Male,Mangalore,="8660418326",,,Friend / Family,M,paid,PAID ENTRY,="350",,="0",,pending,="order_Thl1NjQ59ZLaP9",,4,="phase4",balipu-x-aloysius,Balipu x Aloysius,false,false,,,="3b3e1a16-29db-4950-ac6c-a7f92ee4b3a3",2026-09-29T06:42:09.564Z,2026-09-29T06:42:09.564Z
65,B: PAYMENT PENDING,,,Dhananjaya ,dhanurai009@gmail.com,="7338529489",="7338529489",="+917338529489",="31",Male,Mangalore,="8660418326",,,Friend / Family,M,paid,PAID ENTRY,="350",,="0",,pending,="order_Thk6CR57CSz0ec",,4,="phase4",balipu-x-aloysius,Balipu x Aloysius,false,false,,,="7a2f1579-ac5c-4ff8-861e-e899ae718862",2026-09-29T05:48:00.966Z,2026-09-29T05:48:00.966Z
66,B: PAYMENT PENDING,,,Tushar,tushar77z@outlook.com,="9008090681",="9008090681",="+919008090681",="29",Male,Mangaluru ,="8050591879",,,Instagram,L,paid,PAID ENTRY,="350",,="0",,pending,="order_Thk5MqUuf8t6he",,4,="phase4",balipu-x-aloysius,Balipu x Aloysius,false,false,,,="6c2e5567-5cc6-4715-895f-971dea2ebc02",2026-09-29T05:47:13.693Z,2026-09-29T05:47:13.693Z
67,B: PAYMENT PENDING,,,Shri hari acharya,shrihariacharya166@gmail.com,="8861316144",="8861316144",="+918861316144",="21",Male,Mangaluru,="8147655347",,,Instagram,S,paid,PAID ENTRY,="350",,="0",,pending,="order_Thk0oIIXCMITw5",,4,="phase4",balipu-x-aloysius,Balipu x Aloysius,false,false,,,="cfa3348c-fdb9-4ca7-af40-6a7fd40ee3d8",2026-09-29T05:42:54.839Z,2026-09-29T05:42:54.839Z
68,B: PAYMENT PENDING,,,Karthik P H,karthikkarkera85@gmail.com,="9980564982",="9980564982",="+919980564982",="23",Male,Mangalore,="9900344144",,,Instagram,L,paid,PAID ENTRY,="350",,="0",,pending,="order_ThjtRrETAHJtFU",,4,="phase4",balipu-x-aloysius,Balipu x Aloysius,false,false,,,="f8c1399b-11f4-4754-8f79-0b922c33dab2",2026-09-29T05:35:56.689Z,2026-09-29T05:35:56.689Z
69,B: PAYMENT PENDING,,,Anvi Rao ,anishanvi7@gmail.com,="9945917008",="9945917008",="+919945917008",="13",Female,Mangalore,="9945917008",,,Instagram,S,paid,PAID ENTRY,="350",,="0",,pending,="order_Thjrdd74f5MB0p",,4,="phase4",balipu-x-aloysius,Balipu x Aloysius,false,false,,,="6ba979ff-fc13-4b9c-9c9c-c04dc3878292",2026-09-29T05:34:13.881Z,2026-09-29T05:34:13.881Z
70,B: PAYMENT PENDING,,,Dhananjaya rai,dhanurai009@gmail.com,="7338529489",="7338529489",="+917338529489",="31",Male,Mangalore,="8660418326",,,Friend / Family,M,paid,PAID ENTRY,="350",,="0",,pending,="order_ThjlHcekZ4mrbz",,4,="phase4",balipu-x-aloysius,Balipu x Aloysius,false,false,,,="be895f51-cc6b-4aea-ae60-677df90e97d1",2026-09-29T05:28:12.906Z,2026-09-29T05:28:12.906Z
71,B: PAYMENT PENDING,,,Yash Rathod ,yashrathodop999@gmail.com,="6360300967",="6360300967",="+916360300967",="16",Male,Manglore ,="9480779068",,,Instagram,L,paid,PAID ENTRY,="350",,="0",,pending,="order_ThjXHa03jH81Aw",,4,="phase4",balipu-x-aloysius,Balipu x Aloysius,false,false,,,="98b62ce8-ef81-466e-a57b-5f32f10f7060",2026-09-29T05:14:57.666Z,2026-09-29T05:14:57.666Z
72,B: PAYMENT PENDING,,,Viona Slavia dsouza ,dsouzavionaa@gmail.com,="9071156463",="9071156463",="+919071156463",="15",Female,Mangalore ,="9060156463",,,Instagram,S,paid,PAID ENTRY,="350",,="0",,pending,="order_Thj6xLanxWkvo0",,4,="phase4",balipu-x-aloysius,Balipu x Aloysius,false,false,,,="271fc22f-ec1e-490e-8cdf-c458c2fb2562",2026-09-29T04:50:02.323Z,2026-09-29T04:50:02.323Z
73,B: PAYMENT PENDING,,,Manjunath ,mannjunath0@gmail.com,="9353160828",="9353160828",="+919353160828",="20",Male,Mangalore ,="9353160828",,,Instagram,M,paid,PAID ENTRY,="350",,="0",,pending,="order_ThhoSaSgpbyP1P",,4,="phase4",balipu-x-aloysius,Balipu x Aloysius,false,false,,,="23c4aa6a-00fa-4312-942a-041bc1e0e02d",2026-09-29T03:33:50.124Z,2026-09-29T03:33:50.124Z
74,B: PAYMENT PENDING,,,Monish Naik.k,monishnaik17@gmail.com,="8431809647",="8431809647",="+918431809647",="17",Male,Manglore ,="8431809647",,,Instagram,M,paid,PAID ENTRY,="350",,="0",,pending,="order_ThhemyKmckvopW",,4,="phase4",balipu-x-aloysius,Balipu x Aloysius,false,false,,,="16b909fc-3163-4049-ab5d-7a928969ef8b",2026-09-29T03:24:40.798Z,2026-09-29T03:24:40.798Z
75,B: PAYMENT PENDING,,,Austin Dsouza ,dsouzaausti15@gmail.com,="9865129683",="9865129683",="+919865129683",="17",Male,Mangaluru ,="9611168704",,,Friend / Family,L,paid,PAID ENTRY,="245",="350",="105",VEER30,pending,="order_Thh5bin79D5xfz",,4,="phase4",balipu-x-aloysius,Balipu x Aloysius,false,false,,,="4f15569a-9def-4292-844e-a759886d871e",2026-09-29T02:51:22.486Z,2026-09-29T02:51:22.486Z
76,B: PAYMENT PENDING,,,Rajath gowda,rr2964986@gmail.com,="6363809023",="6363809023",="+916363809023",="19",Male,Uppinangadi ,="6363809023",,,Instagram,S,paid,PAID ENTRY,="245",="350",="105",VEER30,pending,="order_Thh5UNvfP6iqRK",,4,="phase4",balipu-x-aloysius,Balipu x Aloysius,false,false,,,="5386cde5-4477-42eb-89ef-02b229a2e01f",2026-09-29T02:51:15.760Z,2026-09-29T02:51:15.760Z
77,B: PAYMENT PENDING,,,Cva G,themsghadi@gmail.com,="7026455269",="7026455269",="+917026455269",="26",Male,Mangalore ,="9480726869",,,Instagram,M,paid,PAID ENTRY,="350",,="0",,pending,="order_Thh1g8Wehifgde",,4,="phase4",balipu-x-aloysius,Balipu x Aloysius,false,false,,,="358b309c-110f-4663-85a2-862f408ed623",2026-09-29T02:47:39.324Z,2026-09-29T02:47:39.324Z
78,B: PAYMENT PENDING,,,Cva G,themsghadi@gmail.com,="7026455269",="7026455269",="+917026455269",="26",Male,Mangalore ,="9480726869",,,Instagram,M,paid,PAID ENTRY,="350",,="0",,pending,="order_Thh1JAwTMt40Ik",,4,="phase4",balipu-x-aloysius,Balipu x Aloysius,false,false,,,="1c4a981d-8506-431d-bcf3-d104ccb8d70a",2026-09-29T02:47:18.291Z,2026-09-29T02:47:18.291Z
79,B: PAYMENT PENDING,,,Manjunath ,mannjunath0@gmail.com,="9353160828",="9353160828",="+919353160828",="20",Male,Mangalore ,="9353160828",,,Instagram,M,paid,PAID ENTRY,="350",,="0",,pending,="order_ThgtSDU4Bi6GeZ",,4,="phase4",balipu-x-aloysius,Balipu x Aloysius,false,false,,,="d3956136-1bc8-4d4d-8f96-d9e16ba32b29",2026-09-29T02:39:52.176Z,2026-09-29T02:39:52.176Z
80,B: PAYMENT PENDING,,,Pavan B,pb313679@gmail.com,="8197682926",="8197682926",="+918197682926",="20",Male,Puttur ,="9036882926",,,WhatsApp,M,paid,PAID ENTRY,="350",,="0",,pending,="order_ThgJKp2HGjwIhY",,4,="phase4",balipu-x-aloysius,Balipu x Aloysius,false,false,,,="05d3a4ad-46a4-498b-aa1e-0f452093a984",2026-09-29T02:05:40.587Z,2026-09-29T02:05:40.587Z
81,B: PAYMENT PENDING,,,Sudeeshna shetty,sudeeshnah@gmail.com,="7676490328",="7676490328",="+917676490328",="16",Female,Manglore ,="8296593330",,,Friend / Family,M,paid,PAID ENTRY,="350",,="0",,pending,="order_Thg0pf22xUnouT",,4,="phase4",balipu-x-aloysius,Balipu x Aloysius,false,false,,,="fa5be9c9-1bf8-47ff-9a12-cbc85f712726",2026-09-29T01:48:09.643Z,2026-09-29T01:48:09.643Z
82,B: PAYMENT PENDING,,,Mohd Ayaan Muzaif,ayaanmuzaif1029@gmail.com,="08951615087",="08951615087",="+918951615087",="17",Male,Dakshina Kannada,="7411241450",,,Instagram,XL,paid,PAID ENTRY,="350",,="0",,pending,="order_ThfyP7mu78PlkN",,4,="phase4",balipu-x-aloysius,Balipu x Aloysius,false,false,,,="fbff48db-a87b-46ff-923f-796b61b016f8",2026-09-29T01:45:51.731Z,2026-09-29T01:45:51.731Z
83,B: PAYMENT PENDING,,,Zohra aga,zohraaga870@gmail.com,="8147270208",="8147270208",="+918147270208",="17",Female,Mangluru,="8147270208",,,College,L,paid,PAID ENTRY,="350",,="0",,pending,="order_ThfpQL9tXppc1B",,4,="phase4",balipu-x-aloysius,Balipu x Aloysius,false,false,,,="e69c65eb-d355-4a58-a3c0-683378c743dc",2026-09-29T01:37:21.635Z,2026-09-29T01:37:21.635Z
84,B: PAYMENT PENDING,,,Tamanna Dheeraj,jishusuresh@gmail.com,="7019318947",="7019318947",="+917019318947",="15",Female,Mangaluru,="7019318947",,,Instagram,S,paid,PAID ENTRY,="350",,="0",,pending,="order_ThffMNvF4UG2l2",,4,="phase4",balipu-x-aloysius,Balipu x Aloysius,false,false,,,="371e680f-999d-428d-b4e6-96bdf3ab0592",2026-09-29T01:27:50.013Z,2026-09-29T01:27:50.013Z
85,B: PAYMENT PENDING,,,Tamanna Dheeraj,jishusuresh@gmail.com,="7019318947",="7019318947",="+917019318947",="14",Female,Mangalore ,="7019318947",,,Friend / Family,S,paid,PAID ENTRY,="350",,="0",,pending,="order_Thf7mFtX0Ke7Zn",,4,="phase4",balipu-x-aloysius,Balipu x Aloysius,false,false,,,="92696276-1d33-4d21-a162-ddcb73fa8d9c",2026-09-29T00:56:02.504Z,2026-09-29T00:56:02.504Z
86,B: PAYMENT PENDING,,,Dhwani D Shetty,dhwanids13@gmail.com,="9606617385",="9606617385",="+919606617385",="18",Female,Mangalorw,="+919606617385",,,Instagram,L,paid,PAID ENTRY,="350",,="0",,pending,="order_ThZb9JRWNEdvba",,4,="phase4",balipu-x-aloysius,Balipu x Aloysius,false,false,,,="4e15fce5-d480-4ba9-b85c-edec80d78e3b",2026-09-28T19:31:41.145Z,2026-09-28T19:31:41.145Z
87,B: PAYMENT PENDING,,,Manjunath ,mannjunath0@gmail.com,="9353160828",="9353160828",="+919353160828",="20",Male,Mangalore ,="9353160828",,,Instagram,M,paid,PAID ENTRY,="350",,="0",,pending,="order_ThXl1h2AIEacvX",,4,="phase4",balipu-x-aloysius,Balipu x Aloysius,false,false,,,="3336fbae-fc23-4a3d-8557-cdeb5e982034",2026-09-28T17:43:38.940Z,2026-09-28T17:43:38.940Z
88,B: PAYMENT PENDING,,,Manjunath ,mannjunath0@gmail.com,="9353160828",="9353160828",="+919353160828",="20",Male,Mangalore ,="9353160828",,,Instagram,M,paid,PAID ENTRY,="350",,="0",,pending,="order_ThXgraDYpofJHO",,4,="phase4",balipu-x-aloysius,Balipu x Aloysius,false,false,,,="b7b7047c-d1df-4c78-9cfd-e694880e6e65",2026-09-28T17:39:42.471Z,2026-09-28T17:39:42.471Z
89,B: PAYMENT PENDING,,,Janice Sequeira ,janicesequeira347@gmail.com,="8296551624",="8296551624",="+918296551624",="13",Female,Mangalore ,="8296551624",,,Instagram,XXL,paid,PAID ENTRY,="350",,="0",,pending,="order_ThXM4sTJTkMtXP",,4,="phase4",balipu-x-aloysius,Balipu x Aloysius,false,false,,,="d6c6aefa-afa2-451b-890b-650fed86e5f1",2026-09-28T17:20:01.856Z,2026-09-28T17:20:01.856Z
90,B: PAYMENT PENDING,,,Janice Sequeira ,janicesequeira347@gmail.com,="8296551624",="8296551624",="+918296551624",="13",Female,Mangaluru ,="8296551624",,,Instagram,XXL,paid,PAID ENTRY,="350",,="0",,pending,="order_ThXJaKmDipLtng",,4,="phase4",balipu-x-aloysius,Balipu x Aloysius,false,false,,,="0a6070bd-2555-4881-852c-34af9feac06f",2026-09-28T17:17:40.266Z,2026-09-28T17:17:40.266Z
91,B: PAYMENT PENDING,,,Navya Naveen Karkera,jayakarkera198@gmail.com,="9164167165",="9164167165",="+919164167165",="25",Female,Mangalore,="9035021304",,,WhatsApp,XXL,paid,PAID ENTRY,="350",,="0",,pending,="order_ThXGs45R3u6PK3",,4,="phase4",balipu-x-aloysius,Balipu x Aloysius,false,false,,,="15b2e248-131a-426c-875f-c4a2363f23d4",2026-09-28T17:15:06.110Z,2026-09-28T17:15:06.110Z
92,B: PAYMENT PENDING,,,Vaishnavi Amin,vaishnaviamin62@gmail.com,="8971446288",="8971446288",="+918971446288",="16",Male,Mangalore ,="9900254196",,,Friend / Family,M,paid,PAID ENTRY,="350",,="0",,pending,="order_ThXEnCk7qE5NXN",,4,="phase4",balipu-x-aloysius,Balipu x Aloysius,false,false,,,="f97883e3-0d1e-4e51-a61b-d08de9a6be0b",2026-09-28T17:13:08.060Z,2026-09-28T17:13:08.060Z
93,B: PAYMENT PENDING,,,Janice Sequeira,janicesequeira347@gmail.com,="8296551624",="8296551624",="+918296551624",="13",Female,Mangalore ,="8296551624",,,Instagram,XXL,paid,PAID ENTRY,="350",,="0",,pending,="order_ThXEd1pg8VeGTo",,4,="phase4",balipu-x-aloysius,Balipu x Aloysius,false,false,,,="d3201426-818d-46ac-a0c4-0be460200d0e",2026-09-28T17:12:58.736Z,2026-09-28T17:12:58.736Z
94,B: PAYMENT PENDING,,,Jeeya Prashanth Kumar ,jeeyaj333@gmail.com,="8792569009",="8792569009",="+918792569009",="19",Female,Mangaluru ,="+918792569009",,,Instagram,M,paid,PAID ENTRY,="350",,="0",,pending,="order_ThWn7ptCf8c0rF",,4,="phase4",balipu-x-aloysius,Balipu x Aloysius,false,false,,,="ac2f6d8a-42c7-4f3b-957c-d20463bd2eb9",2026-09-28T16:46:56.550Z,2026-09-28T16:46:56.550Z
95,B: PAYMENT PENDING,,,Wgdgd,ehhehe@jdjd.djeh,="8172727272",="8172727272",="+918172727272",="28",Female,Manglore,="8917272722",,,College,M,paid,PAID ENTRY,="350",,="0",,pending,="order_ThWn1jfTms8yIy",,4,="phase4",balipu-x-aloysius,Balipu x Aloysius,false,false,,,="c2c0dd43-7b40-4353-b101-b88a146f89c0",2026-09-28T16:46:50.965Z,2026-09-28T16:46:50.965Z
96,B: PAYMENT PENDING,,,Glynis Figreda ,monteiroveena24@gmail.com,="9900634014",="9900634014",="+919900634014",="14",Female,Manglore ,="9900634014",,,Instagram,M,paid,PAID ENTRY,="350",,="0",,pending,="order_ThWl48FYXeKhY9",,4,="phase4",balipu-x-aloysius,Balipu x Aloysius,false,false,,,="bdffb2ec-5043-493c-b69f-39b15f694fdd",2026-09-28T16:44:59.557Z,2026-09-28T16:44:59.557Z
97,B: PAYMENT PENDING,,,Mahantesh S ,mantusanakall@gmail.com,="9844787585",="9844787585",="+919844787585",="26",Male,Mangalore ,="7353942587",,,WhatsApp,M,paid,PAID ENTRY,="350",,="0",,pending,="order_ThWgmgPUvP4hoJ",,4,="phase4",balipu-x-aloysius,Balipu x Aloysius,false,false,,,="ba1077e5-f8fb-44ef-be8e-8dcf03486567",2026-09-28T16:40:56.370Z,2026-09-28T16:40:56.370Z
98,B: PAYMENT PENDING,,,Areeb,shaaynaini@gmail.com,="07899489106",="07899489106",="+917899489106",="17",Male,Mangalore,="8050415106",,,Instagram,L,paid,PAID ENTRY,="350",,="0",,pending,="order_ThWdswsGU6DuqT",,4,="phase4",balipu-x-aloysius,Balipu x Aloysius,false,false,,,="7286327c-3d44-4027-af11-f4a1b1965ba5",2026-09-28T16:38:11.715Z,2026-09-28T16:38:11.715Z
99,B: PAYMENT PENDING,,,Glynis Figreda ,monteiroveena24@gmail.com,="9900634014",="9900634014",="+919900634014",="14",Female,Mangalore ,="9900634014",,,Instagram,M,paid,PAID ENTRY,="350",,="0",,pending,="order_ThWdMSaDWzvJqN",,4,="phase4",balipu-x-aloysius,Balipu x Aloysius,false,false,,,="08b97ffa-89ac-4285-bf8e-1a68c89cccff",2026-09-28T16:37:41.947Z,2026-09-28T16:37:41.947Z
100,B: PAYMENT PENDING,,,Srushti shankrappa gaded,srushsrushti6@gmail.com,="+91 990 1044676",="919901044676",="+919901044676",="18",Female,Mangalore,="+917022669428",,,College,XL,paid,PAID ENTRY,="350",,="0",,pending,="order_ThWXfqa6e50ZP0",,4,="phase4",balipu-x-aloysius,Balipu x Aloysius,false,false,,,="d0165e6d-c6cf-42af-a5ef-82340dd89268",2026-09-28T16:32:18.910Z,2026-09-28T16:32:18.910Z
101,B: PAYMENT PENDING,,,HANUMANTHA ,hanuma0503@gmail.com,="8088480319",="8088480319",="+918088480319",="21",Male,Mangalore ,="9481656319",,,WhatsApp,L,paid,PAID ENTRY,="350",,="0",,pending,="order_ThWEgtRtAmiGXf",,4,="phase4",balipu-x-aloysius,Balipu x Aloysius,false,false,,,="b671eeaa-be31-4acb-811f-f42797ddab1a",2026-09-28T16:14:20.661Z,2026-09-28T16:14:20.661Z
102,B: PAYMENT PENDING,,,Jeeval V K ,jeevall.v06@gmail.com,="8618043504 ",="8618043504",="+918618043504",="17",Female,Mangaluru ,="9740690355",,,Instagram,L,paid,PAID ENTRY,="350",,="0",,pending,="order_ThW5mXFLyMrBgY",,4,="phase4",balipu-x-aloysius,Balipu x Aloysius,false,false,,,="b370a8a6-a230-48e2-8cfb-527c1ea1d7c2",2026-09-28T16:05:54.626Z,2026-09-28T16:05:54.626Z
103,B: PAYMENT PENDING,,,Nidhi Salian,1nidhii.salian@gmail.com,="9591613780",="9591613780",="+919591613780",="17",Female,Mangalore,="9591613780",,,Instagram,M,paid,PAID ENTRY,="350",,="0",,pending,="order_ThV4MVPuToV5DJ",,4,="phase4",balipu-x-aloysius,Balipu x Aloysius,false,false,,,="c991d283-68a1-4ece-907b-cee98a4da2ab",2026-09-28T15:05:52.369Z,2026-09-28T15:05:52.369Z
104,B: PAYMENT PENDING,,,Nidhi Salian,1nidhii.salian@gmail.com,="9591613780",="9591613780",="+919591613780",="17",Female,Mangalore ,="9591613780",,,Instagram,M,paid,PAID ENTRY,="350",,="0",,pending,="order_ThUzJxsYofLkAt",,4,="phase4",balipu-x-aloysius,Balipu x Aloysius,false,false,,,="368469cd-720a-4307-8fa0-bb0044966b34",2026-09-28T15:01:06.035Z,2026-09-28T15:01:06.035Z
105,B: PAYMENT PENDING,,,Chinveesh kottary ,premapammi61@gmail.com,="9964885541",="9964885541",="+919964885541",="14",Male,Mangalore ,="9964140482",,,Friend / Family,M,paid,PAID ENTRY,="350",,="0",,pending,="order_ThUlqH2zGVHqCY",,4,="phase4",balipu-x-aloysius,Balipu x Aloysius,false,false,,,="90082d76-e0eb-428e-a6a1-c88760a59e7a",2026-09-28T14:48:20.432Z,2026-09-28T14:48:20.432Z
106,B: PAYMENT PENDING,,,Nidhi Salian ,1nidhii.salian@gmail.com,="9591613780",="9591613780",="+919591613780",="17",Female,Mangalore ,="9591613780",,,Instagram,M,paid,PAID ENTRY,="350",,="0",,pending,="order_ThUl63xewjqNdR",,4,="phase4",balipu-x-aloysius,Balipu x Aloysius,false,false,,,="1dc8883c-d7ff-49a9-8dc2-998069d1d7de",2026-09-28T14:47:38.096Z,2026-09-28T14:47:38.096Z
107,B: PAYMENT PENDING,,,Nidhi Salian ,1nidhii.salian@gmail.com,="9591613780",="9591613780",="+919591613780",="17",Female,Mangalore ,="9591613780",,,Instagram,M,paid,PAID ENTRY,="350",,="0",,pending,="order_ThUj0gxEFFGFvT",,4,="phase4",balipu-x-aloysius,Balipu x Aloysius,false,false,,,="31b2aba2-efc8-412e-b959-d771decf77b8",2026-09-28T14:45:39.573Z,2026-09-28T14:45:39.573Z
108,B: PAYMENT PENDING,,,Joylan D'Souza,dsouzajoylan35@gmail.com,="+918618962741",="918618962741",="+918618962741",="17",Male,Mangalore,="8618962741",,,Instagram,M,paid,PAID ENTRY,="350",,="0",,pending,="order_ThUU8hmQMkowx7",,4,="phase4",balipu-x-aloysius,Balipu x Aloysius,false,false,,,="687f77f1-9224-498e-aca2-11e44f74a532",2026-09-28T14:31:34.913Z,2026-09-28T14:31:34.913Z
109,B: PAYMENT PENDING,,,Krithik Kumar,krithikkumar899@gmail.com,="8296868087",="8296868087",="+918296868087",="24",Male,Mangaluru,="9632563745",,,Instagram,XL,paid,PAID ENTRY,="350",,="0",,pending,="order_ThUCKvQGu9PHWE",,4,="phase4",balipu-x-aloysius,Balipu x Aloysius,false,false,,,="2b8e5859-514c-4982-83fd-cce252bfae30",2026-09-28T14:14:43.702Z,2026-09-28T14:14:43.702Z
110,B: PAYMENT PENDING,,,Rohit D Kattimani,rohitdk8378@gmail.com,="8552888134",="8552888134",="+918552888134",="23",Male,Mangalore,="8552888134",,,Instagram,M,paid,PAID ENTRY,="350",,="0",,pending,="order_ThU7UibSxUOQ14",,4,="phase4",balipu-x-aloysius,Balipu x Aloysius,false,false,,,="836a9cb3-c521-41cb-9332-cf400b5ead68",2026-09-28T14:10:08.677Z,2026-09-28T14:10:08.677Z
111,B: PAYMENT PENDING,,,Sumedh,sumedh22.ps4@gmail.com,="7676735855",="7676735855",="+917676735855",="15",Male,Mangalore ,="8310924576",,,Instagram,XL,paid,PAID ENTRY,="350",,="0",,pending,="order_ThTrpKMlk1cPLv",,4,="phase4",balipu-x-aloysius,Balipu x Aloysius,false,false,,,="d39f4998-5cbc-486d-a927-a9b6fa2c82ba",2026-09-28T13:55:18.752Z,2026-09-28T13:55:18.752Z
112,B: PAYMENT PENDING,,,Rashitha.N.S,rashithasujatha249@gmail.com,="7356106091",="7356106091",="+917356106091",="17",Female,Mangaluru,="8138950693",,,Friend / Family,M,paid,PAID ENTRY,="350",,="0",,pending,="order_ThT4F8uXY7HpBT",,4,="phase4",balipu-x-aloysius,Balipu x Aloysius,false,false,,,="9ba095fd-692f-435f-a896-fff63bae849f",2026-09-28T13:08:22.391Z,2026-09-28T13:08:22.391Z
113,B: PAYMENT PENDING,,,Reemal Lobo,reemallobo18@gmail.com,="9741788417",="9741788417",="+919741788417",="24",Female,Mangaluru,="+91 91084 83882",,,Friend / Family,S,paid,PAID ENTRY,="350",,="0",,pending,="order_ThSInuqMkoOMQW",,4,="phase4",balipu-x-aloysius,Balipu x Aloysius,false,false,,,="9ebfd7ec-2b9e-4eff-8ac4-ed526f370252",2026-09-28T12:23:27.835Z,2026-09-28T12:23:27.835Z
114,B: PAYMENT PENDING,,,Shubham Tiwari,tiwariranju198@gmail.com,="7259718023",="7259718023",="+917259718023",="13",Male,Mangalore,="+917259718023",,,Instagram,M,paid,PAID ENTRY,="350",,="0",,pending,="order_ThRoC5Khi9MO3s",,4,="phase4",balipu-x-aloysius,Balipu x Aloysius,false,false,,,="5052b0af-b037-4be4-93b4-a0fa608d541f",2026-09-28T11:54:29.192Z,2026-09-28T11:54:29.192Z
115,B: PAYMENT PENDING,,,Reshma Amith,reshmaputhran28@gmail.com,="8050418198",="8050418198",="+918050418198",="35",Female,Manglore,="9535220198",,,Instagram,L,paid,PAID ENTRY,="350",,="0",,pending,="order_ThRcyK1oRfRNQM",,4,="phase4",balipu-x-aloysius,Balipu x Aloysius,false,false,,,="5f51a4ca-7608-4af6-a85e-bf9da9711e2d",2026-09-28T11:43:51.759Z,2026-09-28T11:43:51.759Z
116,B: PAYMENT PENDING,,,Chethan Lionel Castelino,chethan7415@gmail.com,="9632379033",="9632379033",="+919632379033",="44",Male,Mangalore ,="+919901538323",,,Instagram,XXL,paid,PAID ENTRY,="350",,="0",,pending,="order_ThRYlzuQvovlu2",,4,="phase4",balipu-x-aloysius,Balipu x Aloysius,false,false,,,="39a0cb88-caff-48ba-a18c-8cc30c061238",2026-09-28T11:39:53.276Z,2026-09-28T11:39:53.276Z
117,B: PAYMENT PENDING,,,Eshan Pinto,mariacrastapinto@gmail.com,="77950 44146",="7795044146",="+917795044146",="11",Male,Mangalore ,="9164588644",,,Friend / Family,XS,paid,PAID ENTRY,="350",,="0",,pending,="order_ThRYQAY5P6fg9G",,4,="phase4",balipu-x-aloysius,Balipu x Aloysius,false,false,,,="d5a93e30-1a57-46bd-bb70-0273d7371ff8",2026-09-28T11:39:33.270Z,2026-09-28T11:39:33.270Z
118,B: PAYMENT PENDING,,,Eshan Pinto ,mariacrastapinto@gmail.com,="9164588644",="9164588644",="+919164588644",="11",Male,Mangaluru ,="9844014146",,,Friend / Family,XS,paid,PAID ENTRY,="350",,="0",,pending,="order_ThRIevsYrUvMND",,4,="phase4",balipu-x-aloysius,Balipu x Aloysius,false,false,,,="c4afdc1d-1d8a-4682-8ce9-e417ac6041ab",2026-09-28T11:24:37.993Z,2026-09-28T11:24:37.993Z
119,B: PAYMENT PENDING,,,Eshan Pinto ,mariacrastapinto@gmail.com,="9164588644",="9164588644",="+919164588644",="11",Male,Mangaluru ,="9844014146",,,Friend / Family,XS,paid,PAID ENTRY,="350",,="0",,pending,="order_ThRGNLe3R4Kj5H",,4,="phase4",balipu-x-aloysius,Balipu x Aloysius,false,false,,,="37768d0a-dc71-49d5-8990-358ec2cfc2ba",2026-09-28T11:22:28.278Z,2026-09-28T11:22:28.278Z
120,B: PAYMENT PENDING,,,Tressy Dsilva,tressyspecial@gmail.com,="8497033070",="8497033070",="+918497033070",="60",Female,Mangalore,="8050804510",,,WhatsApp,M,paid,PAID ENTRY,="350",,="0",,pending,="order_ThRGLXBiRtnbbu",,4,="phase4",balipu-x-aloysius,Balipu x Aloysius,false,false,,,="d5ea3b60-9625-455a-bcea-bdfd57cfcb7d",2026-09-28T11:22:26.628Z,2026-09-28T11:22:26.628Z
121,B: PAYMENT PENDING,,,Daksh S Shet,dakshsshet@gmail.com,="8073250139",="8073250139",="+918073250139",="18",Male,Mangalore ,="7353756161",,,Friend / Family,L,paid,PAID ENTRY,="315",="350",="35",10JSBALIPU,pending,="order_ThQtVakx6gWDLZ",,4,="phase4",balipu-x-aloysius,Balipu x Aloysius,false,false,,,="f5d87171-af92-4813-838c-8fc9ad5f3eff",2026-09-28T11:00:49.427Z,2026-09-28T11:00:49.427Z
122,B: PAYMENT PENDING,,,Ahmed Abida,ahmedmoula397@gmail.com,="9739020258",="9739020258",="+919739020258",="19",Male,Mangaluru ,="9739020258",,,College,S,paid,PAID ENTRY,="350",,="0",,pending,="order_ThQ7uj5UKnIoBU",,4,="phase4",balipu-x-aloysius,Balipu x Aloysius,false,false,,,="d612f419-2e42-4ebf-9e8a-4359c51d7279",2026-09-28T10:15:46.048Z,2026-09-28T10:15:46.048Z
123,B: PAYMENT PENDING,,,Rajesh Kulal,nishithamin000@gmail.com,="9739382439",="9739382439",="+919739382439",="44",Male,Mangalore,="9739382439",,,WhatsApp,L,paid,PAID ENTRY,="350",,="0",,pending,="order_ThPTLiJ8TT6r7c",,4,="phase4",balipu-x-aloysius,Balipu x Aloysius,false,false,,,="09a06a97-4ba0-4eb0-858a-742803ede128",2026-09-28T09:37:21.960Z,2026-09-28T09:37:21.960Z
124,B: PAYMENT PENDING,,,Rajesh Kulal,nishithamin000@gmail.com,="97393 82439",="9739382439",="+919739382439",="44",Male,Mangalore,="9739382439",,,WhatsApp,L,paid,PAID ENTRY,="350",,="0",,pending,="order_ThPQG73ki8jEOh",,4,="phase4",balipu-x-aloysius,Balipu x Aloysius,false,false,,,="068ff0db-252b-4418-af67-2f861afb7fef",2026-09-28T09:34:26.429Z,2026-09-28T09:34:26.429Z
125,B: PAYMENT PENDING,,,mohammed faizan sheikh,faizsheikh12010@gmail.com,="8217091277",="8217091277",="+918217091277",="17",Male,Manglaur,="8217091277",,,Instagram,XL,paid,PAID ENTRY,="350",,="0",,pending,="order_ThOdgXinZ6dhHZ",,4,="phase4",balipu-x-aloysius,Balipu x Aloysius,false,false,,,="06db77c4-2dec-4d6a-a521-81c186708eef",2026-09-28T08:48:27.433Z,2026-09-28T08:48:27.433Z
126,B: PAYMENT PENDING,,,Manith Muthanna,manithmuthanna67@gmail.com,="9980577471",="9980577471",="+919980577471",="13",Male,Mangaluru ,="9845450119",,,Instagram,L,paid,PAID ENTRY,="245",="350",="105",VEER30,pending,="order_ThOWMxWOZYlub8",,4,="phase4",balipu-x-aloysius,Balipu x Aloysius,false,false,,,="b1ae2a2d-6f9f-4bda-9e01-d41fdfd93be0",2026-09-28T08:41:31.888Z,2026-09-28T08:41:31.888Z
127,B: PAYMENT PENDING,,,Harshini ,sharadhabangera572@gmail.com,="9880560648",="9880560648",="+919880560648",="16",Female,Mangaluru,="+91 96063 80984",,,College,M,paid,PAID ENTRY,="350",,="0",,pending,="order_ThOMLDHcVTS6rz",,4,="phase4",balipu-x-aloysius,Balipu x Aloysius,false,false,,,="ef9a1e36-7921-4b14-b5be-a00f6dd159e6",2026-09-28T08:32:02.287Z,2026-09-28T08:32:02.287Z
128,B: PAYMENT PENDING,,,Anyu A Shetty ,anyuashetty@gmail.com,="93804 17059 ",="9380417059",="+919380417059",="18",Female,Mangalore ,="91641 70445 ",,,College,M,paid,PAID ENTRY,="350",,="0",,pending,="order_ThNjAfXjl7oRob",,4,="phase4",balipu-x-aloysius,Balipu x Aloysius,false,false,,,="550e87f6-e7be-4cc0-bc35-9369386d8a55",2026-09-28T07:54:57.424Z,2026-09-28T07:54:57.424Z
129,B: PAYMENT PENDING,,,Rolphin Prince Pereira ,rolphinprince107@gmail.com,="6363926451",="6363926451",="+916363926451",="20",Male,Mangalore ,="9741510409",,,WhatsApp,M,paid,PAID ENTRY,="350",,="0",,pending,="order_ThNfcxM32DKP2o",,4,="phase4",balipu-x-aloysius,Balipu x Aloysius,false,false,,,="58e4a4f0-f65c-4673-a7d7-1686d790faa8",2026-09-28T07:51:36.128Z,2026-09-28T07:51:36.128Z
130,B: PAYMENT PENDING,,,Srikar Sai,srikarsai27511@gmail.com,="9449024837",="9449024837",="+919449024837",="15",Male,Mangaluru,="9449024837",,,Friend / Family,L,paid,PAID ENTRY,="245",="350",="105",VEER30,pending,="order_ThNXjaD3ec2n0l",,4,="phase4",balipu-x-aloysius,Balipu x Aloysius,false,false,,,="3bb1a471-a401-4219-b734-e009e77a9453",2026-09-28T07:44:07.798Z,2026-09-28T07:44:07.798Z
131,B: PAYMENT PENDING,,,Rishal Noronha,rishalsharal17@gmail.com,="7483892341",="7483892341",="+917483892341",="25",Female,Mangalore ,="9902135717",,,College,XS,paid,PAID ENTRY,="350",,="0",,pending,="order_ThNNClBxP8XwwN",,4,="phase4",balipu-x-aloysius,Balipu x Aloysius,false,false,,,="886965db-7ad6-4ce9-9d1e-8deb42b06cbe",2026-09-28T07:34:09.725Z,2026-09-28T07:34:09.725Z
132,B: PAYMENT PENDING,,,TAKSIL MOHAMMAD FAZIL,taksil.mohammed@gmail.com,="8770916014",="8770916014",="+918770916014",="35",Male,MANGALORE,="7981330034",,,Instagram,XXL,paid,PAID ENTRY,="350",,="0",,pending,="order_ThNBej8Mq1ZbBx",,4,="phase4",balipu-x-aloysius,Balipu x Aloysius,false,false,,,="af85fd2e-ad79-4da8-b635-57fc85098d3e",2026-09-28T07:23:13.746Z,2026-09-28T07:23:13.746Z
133,B: PAYMENT PENDING,,,M Sanjana Kamath,msanjanakamath@gmail.com,="9535550756",="9535550756",="+919535550756",="29",Female,Mangalore,="9845733070",,,WhatsApp,L,paid,PAID ENTRY,="245",="350",="105",VEER30,pending,="order_ThMCRJqBPPzcPm",,4,="phase4",balipu-x-aloysius,Balipu x Aloysius,false,false,,,="b2918b56-caa4-4e26-b0b7-a77ca957f6ee",2026-09-28T06:25:16.645Z,2026-09-28T06:25:16.645Z
134,B: PAYMENT PENDING,,,Ayaan Chowta,ayaanchowta@gmail.com,="8433616408",="8433616408",="+918433616408",="14",Male,Mangalore ,="8433616408",,,Friend / Family,L,paid,PAID ENTRY,="245",="350",="105",VEER30,pending,="order_ThKgDdmIU6IJtS",,4,="phase4",balipu-x-aloysius,Balipu x Aloysius,false,false,,,="35b974d5-27d2-4c83-a614-6aaaef7bd2ab",2026-09-28T04:56:04.894Z,2026-09-28T04:56:04.894Z
135,B: PAYMENT PENDING,,,Ayaan Chowta,ayaanchowta@gmail.com,="8433616408",="8433616408",="+918433616408",="14",Male,Dakshina Kannada,="8433616408",,,Friend / Family,L,paid,PAID ENTRY,="245",="350",="105",VEER30,pending,="order_ThKcXanzG83dsB",,4,="phase4",balipu-x-aloysius,Balipu x Aloysius,false,false,,,="9017c181-ac5f-47a1-8811-2068f624abf0",2026-09-28T04:52:35.970Z,2026-09-28T04:52:35.970Z
136,B: PAYMENT PENDING,,,Jyothi k,sharma.jyothi.rao@gmail.com,="9035145622",="9035145622",="+919035145622",="41",Female,Mangalore ,="9964553258",,,Friend / Family,L,paid,PAID ENTRY,="350",,="0",,pending,="order_ThKVp6kW7UjhkO",,4,="phase4",balipu-x-aloysius,Balipu x Aloysius,false,false,,,="b9c6389e-c273-4d45-8e17-25f1415df368",2026-09-28T04:46:14.417Z,2026-09-28T04:46:14.417Z
137,B: PAYMENT PENDING,,,Nithin ,nithinsalian222nithu@gmail.com,="9480689181",="9480689181",="+919480689181",="36",Male,Bajpe ,="9880487330",,,Friend / Family,S,paid,PAID ENTRY,="350",,="0",,pending,="order_ThJSVD2YYyWoDv",,4,="phase4",balipu-x-aloysius,Balipu x Aloysius,false,false,,,="e6f4ece4-239b-41ce-8eca-1c7390fd1fcd",2026-09-28T03:44:24.167Z,2026-09-28T03:44:24.167Z
138,B: PAYMENT PENDING,,,Shreyas,kotianshreyas78@gmail.com,="9353004811",="9353004811",="+919353004811",="16",Male,Mangalore ,="9535827056",,,Instagram,L,paid,PAID ENTRY,="315",="350",="35",10JSBALIPU,pending,="order_ThJD9JtbECOlMm",,4,="phase4",balipu-x-aloysius,Balipu x Aloysius,false,false,,,="9ed244a0-4fd2-4942-a03e-aa08b2a011f2",2026-09-28T03:29:52.116Z,2026-09-28T03:29:52.116Z
139,B: PAYMENT PENDING,,,Raghunath N,nandadeeparaghu@gmail.com,="+919448500061",="919448500061",="+919448500061",="52",Male,Mangaluru ,="9449451354",,,WhatsApp,L,paid,PAID ENTRY,="350",,="0",,pending,="order_ThIz3tDVBaW1H4",,4,="phase4",balipu-x-aloysius,Balipu x Aloysius,false,false,,,="b34764a2-c9f8-4f1c-a1a5-aa2d2c128716",2026-09-28T03:16:31.937Z,2026-09-28T03:16:31.937Z
140,B: PAYMENT PENDING,,,Bhavish ,diya011988@gmail.com,="9844330002",="9844330002",="+919844330002",="12",Male,Mangalore ,="9844330002",,,Instagram,XS,paid,PAID ENTRY,="350",,="0",,pending,="order_ThHqZ0Jbn8yRz1",,4,="phase4",balipu-x-aloysius,Balipu x Aloysius,false,false,,,="be7d4bdc-df52-4788-8c2e-dd64840a2080",2026-09-28T02:09:47.624Z,2026-09-28T02:09:47.624Z
141,B: PAYMENT PENDING,,,Yashas Kulal,yashasukulal@gmail.com,="8904849860",="8904849860",="+918904849860",="17",Male,Mangalore ,="9860431305",,,Friend / Family,M,paid,PAID ENTRY,="315",="350",="35",10JSBALIPU,pending,="order_ThHOAPSO6LBQNv",,4,="phase4",balipu-x-aloysius,Balipu x Aloysius,false,false,,,="53975000-63cb-4f13-a2e9-db7b7cdbb4b2",2026-09-28T01:42:54.703Z,2026-09-28T01:42:54.703Z
142,B: PAYMENT PENDING,,,Rolphin Prince Pereira ,rolphinprince107@gmail.com,="6363926451",="6363926451",="+916363926451",="20",Male,Mangaluru ,="9741510409",,,WhatsApp,M,paid,PAID ENTRY,="350",,="0",,pending,="order_ThHMJ8PZgsxY6j",,4,="phase4",balipu-x-aloysius,Balipu x Aloysius,false,false,,,="c5ac6dc3-3ba1-40d1-92c3-015742207608",2026-09-28T01:41:09.076Z,2026-09-28T01:41:09.076Z
143,B: PAYMENT PENDING,,,Ahana D P ,ahanapurushotham87@gmail.com,="8660671405",="8660671405",="+918660671405",="17",Female,Mangaluru ,="9741120547",,,College,M,paid,PAID ENTRY,="350",,="0",,pending,="order_ThHEFj1DSW2uUi",,4,="phase4",balipu-x-aloysius,Balipu x Aloysius,false,false,,,="8bcc3783-d923-4012-901f-2f90be7a9686",2026-09-28T01:33:31.559Z,2026-09-28T01:33:31.559Z
144,B: PAYMENT PENDING,,,Ahana D P,ahanapurushotham87@gmail.com,="8660671405",="8660671405",="+918660671405",="17",Female,Mangaluru ,="9741120547",,,College,M,paid,PAID ENTRY,="350",,="0",,pending,="order_ThH7owjVkHaIOJ",,4,="phase4",balipu-x-aloysius,Balipu x Aloysius,false,false,,,="94b5a84d-a565-4e58-9ddc-2185dd437bd3",2026-09-28T01:27:26.235Z,2026-09-28T01:27:26.235Z
145,B: PAYMENT PENDING,,,Ahana D.P,ahanapurushotham87@gmail.com,="8660671405",="8660671405",="+918660671405",="17",Female,Mangaluru ,="9741120547",,,College,M,paid,PAID ENTRY,="350",,="0",,pending,="order_ThH17Mqn0zCIHt",,4,="phase4",balipu-x-aloysius,Balipu x Aloysius,false,false,,,="625ced5c-92fc-4a8a-9207-56a801ad3bfa",2026-09-28T01:21:05.490Z,2026-09-28T01:21:05.490Z
146,B: PAYMENT PENDING,,,Ahana D.P,ahanapurushotham87@gmail.com,="8660671405",="8660671405",="+918660671405",="17",Female,Mangaluru ,="9741120547",,,College,M,paid,PAID ENTRY,="350",,="0",,pending,="order_ThGweM1gBUo8f3",,4,="phase4",balipu-x-aloysius,Balipu x Aloysius,false,false,,,="71e3608f-0947-4af5-81e1-e749712e78c6",2026-09-28T01:16:51.744Z,2026-09-28T01:16:51.744Z
147,B: PAYMENT PENDING,,,Jeeya Prashanth Kumar ,jeeyaj333@gmail.com,="8792569009",="8792569009",="+918792569009",="19",Female,Mangaluru ,="+918792569009",,,Instagram,M,paid,PAID ENTRY,="350",,="0",,pending,="order_ThATIsTvT3bcN0",,4,="phase4",balipu-x-aloysius,Balipu x Aloysius,false,false,,,="4fe415c4-858a-439f-a9a0-797be72f2ed6",2026-09-27T18:56:55.142Z,2026-09-27T18:56:55.142Z
148,B: PAYMENT PENDING,,,Karunya acharya,pramilamokshith67@gmail.com,="9380335068",="9380335068",="+919380335068",="17",Female,Manglore,="+919380335068",,,Instagram,M,paid,PAID ENTRY,="350",,="0",,pending,="order_ThAKsFxh0daqLu",,4,="phase4",balipu-x-aloysius,Balipu x Aloysius,false,false,,,="8d5f2223-3c1e-4f96-b561-67059501dd56",2026-09-27T18:48:56.352Z,2026-09-27T18:48:56.352Z
149,B: PAYMENT PENDING,,,Darshan Dhb,dhbdarshan@gmail.com,="7204109726",="7204109726",="+917204109726",="23",Male,Manglore ,="+917204109726",,,WhatsApp,M,paid,PAID ENTRY,="350",,="0",,pending,="order_Th9jKONVSQot5J",,4,="phase4",balipu-x-aloysius,Balipu x Aloysius,false,false,,,="efda7064-4fac-45f7-956c-1e712a0ed169",2026-09-27T18:13:23.718Z,2026-09-27T18:13:23.718Z
150,B: PAYMENT PENDING,,,Darshan Dhb,dhbdarshan@gmail.com,="7204109726",="7204109726",="+917204109726",="23",Male,Manglore ,="+917204109726",,,WhatsApp,M,paid,PAID ENTRY,="350",,="0",,pending,="order_Th9geRCHgTWr0J",,4,="phase4",balipu-x-aloysius,Balipu x Aloysius,false,false,,,="f763d11a-2f1b-4550-b1cb-ec8ee105acab",2026-09-27T18:10:51.680Z,2026-09-27T18:10:51.680Z
151,B: PAYMENT PENDING,,,NISHITH AMIN,nishithamin000.na@gmail.com,="06361018892",="06361018892",="+916361018892",="28",Male,Mangalore,="6361018876",,,WhatsApp,XL,paid,PAID ENTRY,="350",,="0",,pending,="order_Th9cGGXVu0AN5o",,4,="phase4",balipu-x-aloysius,Balipu x Aloysius,false,false,,,="d3617656-89dc-4e65-bffe-d8eb1e97af8d",2026-09-27T18:06:42.333Z,2026-09-27T18:06:42.333Z
152,B: PAYMENT PENDING,,,Sonal Concesso ,canarasonal@gmail.com,="9591789160",="9591789160",="+919591789160",="38",Prefer not to say,Mangaluru,="8105566014",,,Friend / Family,L,paid,PAID ENTRY,="350",,="0",,pending,="order_Th9azqyl7Wicu4",,4,="phase4",balipu-x-aloysius,Balipu x Aloysius,false,false,,,="bc2595c1-0de5-4136-a205-e6bb7feb03aa",2026-09-27T18:05:30.501Z,2026-09-27T18:05:30.501Z
153,B: PAYMENT PENDING,,,Sharal,sharaldsouzaa@gmail.com,="9108293545",="9108293545",="+919108293545",="18",Female,mangaluru,="+91 90363 59503",,,Friend / Family,L,paid,PAID ENTRY,="350",,="0",,pending,="order_Th9QuYnJUbaJeA",,4,="phase4",balipu-x-aloysius,Balipu x Aloysius,false,false,,,="5bb4add9-3221-47aa-b1bc-78a7c51c05a8",2026-09-27T17:55:57.653Z,2026-09-27T17:55:57.653Z
154,B: PAYMENT PENDING,,,Ahmed Sajad,sajuchoori531@gmail.com,="7907525299",="7907525299",="+917907525299",="20",Male,Mangaluru ,="8891555747",,,Instagram,XL,paid,PAID ENTRY,="315",="350",="35",10JSBALIPU,pending,="order_Th9Nvy2zlRUWD7",,4,="phase4",balipu-x-aloysius,Balipu x Aloysius,false,false,,,="7e47c28d-50f3-4ca2-a2c3-b673f71b7573",2026-09-27T17:53:08.536Z,2026-09-27T17:53:08.536Z
155,B: PAYMENT PENDING,,,Chaithra kulal ,chaixkulal@gmail.com,="8050901336",="8050901336",="+918050901336",="22",Female,Mangalore ,="9731795329",,,Friend / Family,M,paid,PAID ENTRY,="350",,="0",,pending,="order_Th8zXuT6WjA9xu",,4,="phase4",balipu-x-aloysius,Balipu x Aloysius,false,false,,,="0ec84c42-6cd2-41fd-874f-4b449d21b5f4",2026-09-27T17:30:03.290Z,2026-09-27T17:30:03.290Z
156,B: PAYMENT PENDING,,,Prateek p acharya ,prateekachar5@gmail.com,="9741657348",="9741657348",="+919741657348",="17",Male,Mangalore ,="9741657348",,,Instagram,L,paid,PAID ENTRY,="350",,="0",,pending,="order_Th8qr3vq9MSXEX",,4,="phase4",balipu-x-aloysius,Balipu x Aloysius,false,false,,,="4719eef9-7f5c-4609-96ad-a5ec0944a986",2026-09-27T17:21:49.638Z,2026-09-27T17:21:49.638Z
157,B: PAYMENT PENDING,,,Ananya Shetty,ananyashetty05206@gmail.com,="6361147986",="6361147986",="+916361147986",="22",Female,Mangalore,="9663179620",,,Instagram,S,paid,PAID ENTRY,="350",,="0",,pending,="order_Th8iVmSHIKMBGD",,4,="phase4",balipu-x-aloysius,Balipu x Aloysius,false,false,,,="2efc5d96-a71f-4042-85c1-f26bd1c1cb33",2026-09-27T17:13:55.744Z,2026-09-27T17:13:55.744Z
158,B: PAYMENT PENDING,,,Mohammed Ziyan,rijjurija@gmail.com,="7483913617",="7483913617",="+917483913617",="18",Male,Mangaluru,="8660563676",,,Instagram,M,paid,PAID ENTRY,="350",,="0",,pending,="order_Th8WA5Xxrj1Xgh",,4,="phase4",balipu-x-aloysius,Balipu x Aloysius,false,false,,,="4298050d-7e56-446e-8800-f5f95c90c5d4",2026-09-27T17:02:14.270Z,2026-09-27T17:02:14.270Z
159,B: PAYMENT PENDING,,,Likhithraj L.V,lvlikhithraj@gmail.com,="8792168270",="8792168270",="+918792168270",="23",Male,Mangalore ,="8792168270",,,Instagram,L,paid,PAID ENTRY,="350",,="0",,pending,="order_Th7cm3ysglhwWB",,4,="phase4",balipu-x-aloysius,Balipu x Aloysius,false,false,,,="ff8d40be-dffd-40ed-b3b9-38cd571ae1b9",2026-09-27T16:09:48.246Z,2026-09-27T16:09:48.246Z
160,B: PAYMENT PENDING,,,Neeraj yadav ,yarmy649@gmail.com,="7895385061",="7895385061",="+917895385061",="38",Male,Mangalore ,="9805505538",,,WhatsApp,L,paid,PAID ENTRY,="350",,="0",,pending,="order_Th7ORbhwmf5O7l",,4,="phase4",balipu-x-aloysius,Balipu x Aloysius,false,false,,,="f40f747f-37d7-44c0-acc6-7aa04ea5730f",2026-09-27T15:56:14.292Z,2026-09-27T15:56:14.292Z
161,B: PAYMENT PENDING,,,D.Abhi,aabhi959235@gmail.com,="08296932405",="08296932405",="+918296932405",="17",Male,Mangalore,="7022452924",,,Instagram,M,paid,PAID ENTRY,="350",,="0",,pending,="order_Th7Dgvs8dQeTaI",,4,="phase4",balipu-x-aloysius,Balipu x Aloysius,false,false,,,="0ca033a2-de7f-4637-8a1f-227bece5518c",2026-09-27T15:46:03.531Z,2026-09-27T15:46:03.531Z
162,B: PAYMENT PENDING,,,CHANDAN M HALAKURKI,Krishnahp443@gmail.com,="7349192494",="7349192494",="+917349192494",="11",Male,Mangalore,="7349192494",,,Friend / Family,S,paid,PAID ENTRY,="350",,="0",,pending,="order_Th6iwTlKz3eml2",,4,="phase4",balipu-x-aloysius,Balipu x Aloysius,false,false,,,="44a0dfb7-e8f3-4752-894b-6778a325e5a0",2026-09-27T15:16:56.979Z,2026-09-27T15:16:56.979Z
163,B: PAYMENT PENDING,,,Saloni Dsouza,salonidsouza.07@gmail.com,="9481960002",="9481960002",="+919481960002",="19",Female,Mangaluru ,="7204605669",,,Instagram,XS,paid,PAID ENTRY,="315",="350",="35",10JSBALIPU,pending,="order_Th6Gj1DMzySxof",,4,="phase4",balipu-x-aloysius,Balipu x Aloysius,false,false,,,="bbbbf848-7a7c-4af9-ad9e-238486013fe6",2026-09-27T14:50:14.228Z,2026-09-27T14:50:14.228Z
164,B: PAYMENT PENDING,,,Prathibha  Saldanha ,prath8858@gmail.com,="9480759344",="9480759344",="+919480759344",="33",Female,Mangaluru ,="9480821969",,,WhatsApp,XL,paid,PAID ENTRY,="350",,="0",,pending,="order_Th6DtUfBToWLgx",,4,="phase4",balipu-x-aloysius,Balipu x Aloysius,false,false,,,="75218e0d-0002-4d9a-8a9c-c25ce0b69f43",2026-09-27T14:47:33.421Z,2026-09-27T14:47:33.421Z
165,B: PAYMENT PENDING,,,Sanmath Chowta,sanmathchowta62@gmail.com,="7349406167",="7349406167",="+917349406167",="18",Male,Bantwal,="9535545067",,,Instagram,M,paid,PAID ENTRY,="350",,="0",,pending,="order_Th62KbtpZJVX8x",,4,="phase4",balipu-x-aloysius,Balipu x Aloysius,false,false,,,="96b2d689-b7b4-4f4d-80c6-7ff3bdfadd81",2026-09-27T14:36:36.668Z,2026-09-27T14:36:36.668Z
166,B: PAYMENT PENDING,,,RAAZIL AHAMED ,razilahmed786@gmail.com,="7411054358",="7411054358",="+917411054358",="22",Male,MANGLORE ,="9731907269",,,Friend / Family,M,paid,PAID ENTRY,="350",,="0",,pending,="order_Th5AgrOwlUYl01",,4,="phase4",balipu-x-aloysius,Balipu x Aloysius,false,false,,,="cad7eb23-0cf2-43d1-8024-236e40e447b0",2026-09-27T13:45:49.833Z,2026-09-27T13:45:49.833Z
167,B: PAYMENT PENDING,,,Rammohan hegde,rjrrammohan@yahoo.co.in,="9448355193",="9448355193",="+919448355193",="51",Male,Mangluru ,="09449066193",,,WhatsApp,XL,paid,PAID ENTRY,="350",,="0",,pending,="order_Th5AUh8iAREdcW",,4,="phase4",balipu-x-aloysius,Balipu x Aloysius,false,false,,,="81080b9d-5142-4e28-bfb8-85faaec793af",2026-09-27T13:45:38.689Z,2026-09-27T13:45:38.689Z
168,B: PAYMENT PENDING,,,Rammohan hegde,rjrrammohan@yahoo.co.in,="9448355193",="9448355193",="+919448355193",="51",Male,Mangluru ,="09449066193",,,WhatsApp,XL,paid,PAID ENTRY,="350",,="0",,pending,="order_Th5AEb4LPhdR0c",,4,="phase4",balipu-x-aloysius,Balipu x Aloysius,false,false,,,="1ff6a868-b786-4861-bb59-0186dbe1126c",2026-09-27T13:45:23.942Z,2026-09-27T13:45:23.942Z
169,B: PAYMENT PENDING,,,Rammohan Hegde,rjrrammohan@yahoo.co.in,="9448355193",="9448355193",="+919448355193",="51",Male,Mangaluru,="9449066193",,,Friend / Family,XL,paid,PAID ENTRY,="350",,="0",,pending,="order_Th57VffjndyJlm",,4,="phase4",balipu-x-aloysius,Balipu x Aloysius,false,false,,,="96f05214-9217-4e61-bb58-1e06b188bf50",2026-09-27T13:42:49.196Z,2026-09-27T13:42:49.196Z
170,B: PAYMENT PENDING,,,Rammohan Hegde,rjrrammohan@yahoo.co.in,="9448355193",="9448355193",="+919448355193",="51",Male,Mangaluru,="9448355193",,,Friend / Family,XL,paid,PAID ENTRY,="350",,="0",,pending,="order_Th55xRdsl6ejct",,4,="phase4",balipu-x-aloysius,Balipu x Aloysius,false,false,,,="11493d8e-c4ff-4c22-a9f1-cd71e40a995f",2026-09-27T13:41:21.026Z,2026-09-27T13:41:21.026Z
171,B: PAYMENT PENDING,,,Pradeep,lpradeep3078@gmail.com,="9019052986",="9019052986",="+919019052986",="21",Male,Udupi ,="9019052986",,,Instagram,M,paid,PAID ENTRY,="350",,="0",,pending,="order_Th4ztytudGRSbm",,4,="phase4",balipu-x-aloysius,Balipu x Aloysius,false,false,,,="2e3edb20-1820-4ea7-b35e-6a4115fc6b7e",2026-09-27T13:35:37.052Z,2026-09-27T13:35:37.052Z
172,B: PAYMENT PENDING,,,Karan Rai,karanr8rai@gmail.com,="9980355004",="9980355004",="+919980355004",="18",Male,Mangaluru,="9008941193",,,Instagram,M,paid,PAID ENTRY,="350",,="0",,pending,="order_Th4gZmnE7NGZXA",,4,="phase4",balipu-x-aloysius,Balipu x Aloysius,false,false,,,="c08e299d-c9a6-434b-90f2-b2b4115e9ce5",2026-09-27T13:17:19.347Z,2026-09-27T13:17:19.347Z
173,B: PAYMENT PENDING,,,Mohhmed Yousuf anis sheikh,y6244420@gmail.com,="9741503091",="9741503091",="+919741503091",="15",Male,Manglore,="9731813476",,,Instagram,M,paid,PAID ENTRY,="350",,="0",,pending,="order_Th4DwHXAMrxFI4",,4,="phase4",balipu-x-aloysius,Balipu x Aloysius,false,false,,,="b305ba23-0c00-4be5-a171-d633b1f4fb1c",2026-09-27T12:50:12.748Z,2026-09-27T12:50:12.748Z
174,B: PAYMENT PENDING,,,Mohhmed Yousuf anis sheikh,y6244420@gmail.com,="9741503091",="9741503091",="+919741503091",="15",Male,Manglore,="9731813476",,,Instagram,M,paid,PAID ENTRY,="350",,="0",,pending,="order_Th4DTiomcXsg0R",,4,="phase4",balipu-x-aloysius,Balipu x Aloysius,false,false,,,="c86a1317-ab06-4f9b-8805-32f27f4638db",2026-09-27T12:49:46.581Z,2026-09-27T12:49:46.581Z
175,B: PAYMENT PENDING,,,Mohhmed yousuf,y6244420@gmail.com,="9741503091",="9741503091",="+919741503091",="15",Male,Manglore,="9731813475",,,Instagram,M,paid,PAID ENTRY,="350",,="0",,pending,="order_Th45DvuIuzQ4el",,4,="phase4",balipu-x-aloysius,Balipu x Aloysius,false,false,,,="64bdfa26-87d8-4c55-b116-17aefa0e2267",2026-09-27T12:41:57.717Z,2026-09-27T12:41:57.717Z
176,B: PAYMENT PENDING,,,Lanwin Cardoza,cardozalanwin@gmail.com,="7625015321",="7625015321",="+917625015321",="20",Male,Mangalore ,="7348809823",,,Instagram,M,paid,PAID ENTRY,="350",,="0",,pending,="order_Th3M9bNUfilSCZ",,4,="phase4",balipu-x-aloysius,Balipu x Aloysius,false,false,,,="773eece0-f2c3-4b70-b644-9c3aa6c296fa",2026-09-27T11:59:17.738Z,2026-09-27T11:59:17.738Z
177,B: PAYMENT PENDING,,,Tanvi ashok anchan,sarithaashok08@gmail.com,="9481346044",="9481346044",="+919481346044",="16",Female,Mangalore,="9481346044",,,Friend / Family,S,paid,PAID ENTRY,="245",="350",="105",VEER30,pending,="order_Th3M02TVSVURMe",,4,="phase4",balipu-x-aloysius,Balipu x Aloysius,false,false,,,="d9c8b5a2-b91c-4c02-82cd-fb1ec89642e2",2026-09-27T11:59:08.982Z,2026-09-27T11:59:08.982Z
178,B: PAYMENT PENDING,,,Tanisha R Shetty,tanisharshetty1@gmail.com,="9986101820",="9986101820",="+919986101820",="16",Female,Mangalore,="+919986101820",,,Instagram,M,paid,PAID ENTRY,="350",,="0",,pending,="order_Th2EA59tMJ5eaJ",,4,="phase4",balipu-x-aloysius,Balipu x Aloysius,false,false,,,="79a24be0-a606-4255-b526-7c0aef8f9f3b",2026-09-27T10:53:02.170Z,2026-09-27T10:53:02.170Z
179,B: PAYMENT PENDING,,,Swathi Gowda,swathiswathi06159@gmail.com,="7899346923",="7899346923",="+917899346923",="26",Female,Mangalore ,="7899346923",,,Instagram,M,paid,PAID ENTRY,="350",,="0",,pending,="order_Th1vusRbnYkfMJ",,4,="phase4",balipu-x-aloysius,Balipu x Aloysius,false,false,,,="77cd44e5-7cbb-4819-8079-bce481a160d0",2026-09-27T10:35:45.832Z,2026-09-27T10:35:45.832Z
180,B: PAYMENT PENDING,,,Swathi Gowda,swathiswathi06159@gmail.com,="7899346923",="7899346923",="+917899346923",="26",Female,Mangalore ,="7899346923",,,Instagram,M,paid,PAID ENTRY,="350",,="0",,pending,="order_Th1vWHbrkDUwrH",,4,="phase4",balipu-x-aloysius,Balipu x Aloysius,false,false,,,="b312bc05-367d-4679-a6f4-7eccb5406ae6",2026-09-27T10:35:23.293Z,2026-09-27T10:35:23.293Z
181,B: PAYMENT PENDING,,,Baansuri Sanil,sanilbaansuri@gmail.com,="9901377518",="9901377518",="+919901377518",="18",Female,Mangaluru,="+919901377518",,,Instagram,M,paid,PAID ENTRY,="350",,="0",,pending,="order_Th1ppLu9wx903x",,4,="phase4",balipu-x-aloysius,Balipu x Aloysius,false,false,,,="6858f3a7-eee7-40c0-9d15-33303a849f1a",2026-09-27T10:29:59.974Z,2026-09-27T10:29:59.974Z
182,B: PAYMENT PENDING,,,Vibha. B. V. ,drvibha0604@gmail.com,="9972639111",="9972639111",="+919972639111",="44",Female,Mangalore,="9902747933",,,Friend / Family,M,paid,PAID ENTRY,="350",,="0",,pending,="order_Th18JxZsTc8vrh",,4,="phase4",balipu-x-aloysius,Balipu x Aloysius,false,false,,,="3dc88a99-90eb-416b-9bbd-c2409ae8b33d",2026-09-27T09:48:48.794Z,2026-09-27T09:48:48.794Z
183,B: PAYMENT PENDING,,,Vihaan Hegde,vihaanhegde119@gmail.com,="9110237899",="9110237899",="+919110237899",="16",Male,Mangalore ,="+919110237899",,,Instagram,L,paid,PAID ENTRY,="350",,="0",,pending,="order_Th0zpJosCHFjgi",,4,="phase4",balipu-x-aloysius,Balipu x Aloysius,false,false,,,="616c6a1f-8c3c-40f5-b187-e09e04e3e89a",2026-09-27T09:40:46.328Z,2026-09-27T09:40:46.328Z
184,B: PAYMENT PENDING,,,James Rego,jamesrego17@gmail.com,="9187612043",="9187612043",="+919187612043",="15",Male,Mangaluru,="9008731944",,,Friend / Family,M,paid,PAID ENTRY,="245",="350",="105",VEER30,pending,="order_Th0h4QV3Q9dRF2",,4,="phase4",balipu-x-aloysius,Balipu x Aloysius,false,false,,,="a8531d28-06f6-459b-8886-37985cee292c",2026-09-27T09:23:00.961Z,2026-09-27T09:23:00.961Z
185,B: PAYMENT PENDING,,,Shrey Ravikiran,shreyravikiran10@gmail.com,="7760632329",="7760632329",="+917760632329",="16",Male,Mangaluru,="9482771978",,,Friend / Family,L,paid,PAID ENTRY,="350",,="0",,pending,="order_Th0ZhvAEiQ90OT",,4,="phase4",balipu-x-aloysius,Balipu x Aloysius,false,false,,,="c76cefc1-3af7-488c-b143-9cf94667a0a0",2026-09-27T09:16:02.740Z,2026-09-27T09:16:02.740Z
186,B: PAYMENT PENDING,,,Jostal montheiro,jostalmonteiro@gmail.com,="8618274305",="8618274305",="+918618274305",="19",Male,Manglore,="94812130205",,,Friend / Family,XL,paid,PAID ENTRY,="350",,="0",,pending,="order_Th0GPWikqwgwsu",,4,="phase4",balipu-x-aloysius,Balipu x Aloysius,false,false,,,="ada73661-2f89-42fc-aad2-96e41d6875b3",2026-09-27T08:57:46.685Z,2026-09-27T08:57:46.685Z
187,B: PAYMENT PENDING,,,Ravi Madanthyar ,madantyarravi@gmail.com,="9686381859",="9686381859",="+919686381859",="37",Male,Belthangdy ,="7760947731",,,Instagram,M,paid,PAID ENTRY,="350",,="0",,pending,="order_TgzmWYkB4AOnWO",,4,="phase4",balipu-x-aloysius,Balipu x Aloysius,false,false,,,="a580b741-3008-40ec-bf62-a3ec1f96ccd0",2026-09-27T08:29:29.120Z,2026-09-27T08:29:29.120Z
188,B: PAYMENT PENDING,,,Dheeraj,dp9143166@gmail.com,="8494965105",="8494965105",="+918494965105",="21",Male,Mangaluru,="9743255105",,,College,M,paid,PAID ENTRY,="350",,="0",,pending,="order_TgzgXydn8Eed3p",,4,="phase4",balipu-x-aloysius,Balipu x Aloysius,false,false,,,="2d9c751d-167d-4bcb-8dce-014102ebb466",2026-09-27T08:23:49.618Z,2026-09-27T08:23:49.618Z
189,B: PAYMENT PENDING,,,Chethan,chethanmanjula2006@gmail.com,="8050884354",="8050884354",="+918050884354",="19",Male,Mangaluru,="8050884354",,,Instagram,XXL,paid,PAID ENTRY,="350",,="0",,pending,="order_TgzDLov6NwDnas",,4,="phase4",balipu-x-aloysius,Balipu x Aloysius,false,false,,,="d1bb528a-06ee-448d-9830-b7962f65e1fd",2026-09-27T07:56:11.272Z,2026-09-27T07:56:11.272Z
190,B: PAYMENT PENDING,,,Sanjeeva Kamath M,mulkisanjiv@gmail.com,="+91 9611186855",="919611186855",="+919611186855",="48",Male,Udupi,="9844813148",,,WhatsApp,L,paid,PAID ENTRY,="350",,="0",,pending,="order_Tgz3DGB7zIGdUt",,4,="phase4",balipu-x-aloysius,Balipu x Aloysius,false,false,,,="ecc045cf-d475-4e71-ae5a-a5d68e6edbf3",2026-09-27T07:46:35.425Z,2026-09-27T07:46:35.425Z
191,B: PAYMENT PENDING,,,Anvi Rao ,anishanvi7@gmail.com,="9945917008",="9945917008",="+919945917008",="13",Female,Mangalore,="9945917008",,,Instagram,XS,paid,PAID ENTRY,="350",,="0",,pending,="order_TgynszjDLr5Uq7",,4,="phase4",balipu-x-aloysius,Balipu x Aloysius,false,false,,,="e004045a-b22d-43ee-bd98-93d8d42ea867",2026-09-27T07:32:04.858Z,2026-09-27T07:32:04.858Z
192,B: PAYMENT PENDING,,,Sathar,ssathar553@gmail.com,="7022521248",="7022521248",="+917022521248",="25",Male,Mangalore ,="7022521248",,,Instagram,M,paid,PAID ENTRY,="350",,="0",,pending,="order_TgyX7hGmT2NxrH",,4,="phase4",balipu-x-aloysius,Balipu x Aloysius,false,false,,,="e5a3235a-0b2c-4ce3-9cd5-b68574f51f41",2026-09-27T07:16:12.724Z,2026-09-27T07:16:12.724Z
193,B: PAYMENT PENDING,,,Dheeraj ,dheerajg5478@gmail.com,="7090853261",="7090853261",="+917090853261",="24",Male,Mangalore,="9740503261",,,Instagram,S,paid,PAID ENTRY,="350",,="0",,pending,="order_TgyHz24DUOVWNk",,4,="phase4",balipu-x-aloysius,Balipu x Aloysius,false,false,,,="e05b4601-7569-4468-ac36-9fecada3073e",2026-09-27T07:01:52.783Z,2026-09-27T07:01:52.783Z
194,B: PAYMENT PENDING,,,Dheeraj ,dheerajg5478@gmail.com,="7090853261",="7090853261",="+917090853261",="24",Male,Mangalore,="9740503261",,,Instagram,S,paid,PAID ENTRY,="350",,="0",,pending,="order_TgyC1KihaJ6KZZ",,4,="phase4",balipu-x-aloysius,Balipu x Aloysius,false,false,,,="0eaa71cf-5952-4460-81c4-86d5186d5eb5",2026-09-27T06:56:14.097Z,2026-09-27T06:56:14.097Z
195,B: PAYMENT PENDING,,,Ishon pinto,pintoishon@gmail.com,="9980338434",="9980338434",="+919980338434",="21",Male,Mangalore ,="9731928602",,,Friend / Family,M,paid,PAID ENTRY,="350",,="0",,pending,="order_Tgy7Gp4SA3Ifmj",,4,="phase4",balipu-x-aloysius,Balipu x Aloysius,false,false,,,="b1c2e125-218c-4be6-b852-de52aa12e530",2026-09-27T06:51:44.278Z,2026-09-27T06:51:44.278Z
196,B: PAYMENT PENDING,,,Dheeraj ,dg186013@gmail.com,="7090853261",="7090853261",="+917090853261",="24",Male,Mangalore,="9740503261",,,Instagram,S,paid,PAID ENTRY,="350",,="0",,pending,="order_Tgxq3i50UI2V8G",,4,="phase4",balipu-x-aloysius,Balipu x Aloysius,false,false,,,="92930d66-6c70-4920-a195-cc3c9992cc71",2026-09-27T06:35:26.666Z,2026-09-27T06:35:26.666Z
197,B: PAYMENT PENDING,,,Aryan sai,aryan2007019172@gmail.com,="09113693453",="09113693453",="+919113693453",="19",Male,Mangalore,="9113693453",,,College,M,paid,PAID ENTRY,="350",,="0",,pending,="order_TgxUaXT6tHbZrw",,4,="phase4",balipu-x-aloysius,Balipu x Aloysius,false,false,,,="09954917-ce64-4f9b-8f67-d6fddf3cd3cc",2026-09-27T06:15:07.133Z,2026-09-27T06:15:07.133Z
198,B: PAYMENT PENDING,,,Abnor Dsouza,abnorancildsouza@gmail.com,="9108661440",="9108661440",="+919108661440",="17",Male,Mangalore ,="9108757259",,,Previous Balipu Event,M,paid,PAID ENTRY,="350",,="0",,pending,="order_Tgwt5yvqUiTo6J",,4,="phase4",balipu-x-aloysius,Balipu x Aloysius,false,false,,,="9a2748d0-e626-49df-b21e-6928e8c169ea",2026-09-27T05:39:37.528Z,2026-09-27T05:39:37.528Z
199,B: PAYMENT PENDING,,,Ethan Fernandes,ethanferns31@gmail.com,="9036372499",="9036372499",="+919036372499",="15",Male,Mangalore,="9743892499",,,Friend / Family,M,paid,PAID ENTRY,="350",,="0",,pending,="order_TgwmR9SMZKt8f6",,4,="phase4",balipu-x-aloysius,Balipu x Aloysius,false,false,,,="df3357cf-e540-4bc3-8679-5b77b0ff8555",2026-09-27T05:33:19.320Z,2026-09-27T05:33:19.320Z
200,B: PAYMENT PENDING,,,Ankitha G,ankithanaik078@gmail.com,="8904685845",="8904685845",="+918904685845",="21",Female,Mangaluru ,="8904685845",,,College,M,paid,PAID ENTRY,="350",,="0",,pending,="order_TgwBxAh69a6wvm",,4,="phase4",balipu-x-aloysius,Balipu x Aloysius,false,false,,,="ba67c7e7-caa4-484a-a435-b4e18dacef8e",2026-09-27T04:58:47.048Z,2026-09-27T04:58:47.048Z
201,B: PAYMENT PENDING,,,Adneesha chakraborty ,guniabc@gmail.com,="7022129274",="7022129274",="+917022129274",="14",Female,Mangaluru,="7022129274",,,Instagram,S,paid,PAID ENTRY,="245",="350",="105",VEER30,pending,="order_TgwAlbnfYOMywE",,4,="phase4",balipu-x-aloysius,Balipu x Aloysius,false,false,,,="cc6eb2d0-0fd2-41e0-92cd-7a07f7abc896",2026-09-27T04:57:39.656Z,2026-09-27T04:57:39.656Z
202,B: PAYMENT PENDING,,,Arun,arunk8373@gmail.com,="8861545300",="8861545300",="+918861545300",="33",Male,Mangalore,="8861545300",,,Friend / Family,XXL,paid,PAID ENTRY,="350",,="0",,pending,="order_Tgw4gnniVF6sWI",,4,="phase4",balipu-x-aloysius,Balipu x Aloysius,false,false,,,="f3189ec3-fd24-4af5-98f6-f9f7ac4961f1",2026-09-27T04:51:54.448Z,2026-09-27T04:51:54.448Z
203,B: PAYMENT PENDING,,,Vishal Shenoy ,shenoyvishal58@gmail.com,="9449742993",="9449742993",="+919449742993",="30",Male,Mangaluru,="7019762884",,,Friend / Family,XXL,paid,PAID ENTRY,="350",,="0",,pending,="order_TgvqgAVfl4VY5x",,4,="phase4",balipu-x-aloysius,Balipu x Aloysius,false,false,,,="9cb3e11b-5720-4405-ae3b-be0ce325b5fa",2026-09-27T04:38:38.663Z,2026-09-27T04:38:38.663Z
204,B: PAYMENT PENDING,,,Rachana nayak,vicku316@gmail.com,="8660517330",="8660517330",="+918660517330",="32",Female,Mangalore ,="9035197583",,,WhatsApp,M,paid,PAID ENTRY,="350",,="0",,pending,="order_TgvmHigDeFwSQi",,4,="phase4",balipu-x-aloysius,Balipu x Aloysius,false,false,,,="d56ff106-4244-4129-bd93-8aa4eb582477",2026-09-27T04:34:29.067Z,2026-09-27T04:34:29.067Z
205,B: PAYMENT PENDING,,,Shreya J.B,jayaramshreya@gmail.com,="9916246644",="9916246644",="+919916246644",="27",Female,Mangalore,="9449662760",,,WhatsApp,M,paid,PAID ENTRY,="350",,="0",,pending,="order_TgvkqZCJG2KTRy",,4,="phase4",balipu-x-aloysius,Balipu x Aloysius,false,false,,,="dd5c614b-e3f4-4ac0-a89d-250a46314241",2026-09-27T04:33:07.389Z,2026-09-27T04:33:07.389Z
206,B: PAYMENT PENDING,,,Mohammad Fowzan,anwarkatapadi@gmail.com,="7090281327",="7090281327",="+917090281327",="15",Male,Udupi,="7090920466",,,Other,M,paid,PAID ENTRY,="315",="350",="35",10JSBALIPU,pending,="order_TgvGXujRpvZFIp",,4,="phase4",balipu-x-aloysius,Balipu x Aloysius,false,false,,,="c49302cf-8793-4711-8736-33ef9bfe861a",2026-09-27T04:04:26.300Z,2026-09-27T04:04:26.300Z
207,B: PAYMENT PENDING,,,SANDESH,sandeshsalian895@gmail.com,="9902941446",="9902941446",="+919902941446",="30",Male,Udupi ,="9902941446",,,WhatsApp,XL,paid,PAID ENTRY,="350",,="0",,pending,="order_TgvA8mrQpaWr7L",,4,="phase4",balipu-x-aloysius,Balipu x Aloysius,false,false,,,="b8616ff4-ff62-4256-b249-8b9e54ef1287",2026-09-27T03:58:22.473Z,2026-09-27T03:58:22.473Z
208,B: PAYMENT PENDING,,,Sachin naik,snn.2000sachin@gmail.com,="8970945861",="8970945861",="+918970945861",="26",Male,Manglore ,="8970945861",,,WhatsApp,M,paid,PAID ENTRY,="350",,="0",,pending,="order_Tgv9wNuiL7X7jK",,4,="phase4",balipu-x-aloysius,Balipu x Aloysius,false,false,,,="e4229f44-0e65-48ca-9787-c042e134fad7",2026-09-27T03:58:11.112Z,2026-09-27T03:58:11.112Z
209,B: PAYMENT PENDING,,,Dev,sapnashwin@gmail.com,="8105563801",="8105563801",="+918105563801",="9",Male,Mangalore ,="8123764879",,,WhatsApp,XS,paid,PAID ENTRY,="350",,="0",,pending,="order_Tgum47MH0sQCqA",,4,="phase4",balipu-x-aloysius,Balipu x Aloysius,false,false,,,="6144bbc4-1121-4ee9-b2db-378d38d6fd84",2026-09-27T03:35:34.995Z,2026-09-27T03:35:34.995Z
210,B: PAYMENT PENDING,,,Samrat .S . Mendon ,sapnashwin@gmail.com,="9731069759",="9731069759",="+919731069759",="12",Male,Mangaluru,="9731069759",,,WhatsApp,XS,paid,PAID ENTRY,="350",,="0",,pending,="order_TguSbTH3DTNB0F",,4,="phase4",balipu-x-aloysius,Balipu x Aloysius,false,false,,,="d5c0fc7a-db59-4c70-bad2-b47b330f0dbc",2026-09-27T03:17:09.538Z,2026-09-27T03:17:09.538Z
211,B: PAYMENT PENDING,,,Obalesh,obaleppak439@gmail.com,="9353371290",="9353371290",="+919353371290",="23",Male,Manglore ,="9353371290",,,Previous Balipu Event,L,paid,PAID ENTRY,="350",,="0",,pending,="order_TguIFQByMmFj2d",,4,="phase4",balipu-x-aloysius,Balipu x Aloysius,false,false,,,="53f023eb-6b47-4259-83cf-583330371b60",2026-09-27T03:07:21.341Z,2026-09-27T03:07:21.341Z
212,B: PAYMENT PENDING,,,Mohammad Thouseef ,thouseefmohammad042@gmail.com,="9019549527",="9019549527",="+919019549527",="18",Male,Manglore,="9481568092",,,Instagram,M,paid,PAID ENTRY,="350",,="0",,pending,="order_Tgu1xx8fkYq5kh",,4,="phase4",balipu-x-aloysius,Balipu x Aloysius,false,false,,,="83819a4c-b85d-4614-a45e-f87a896a413c",2026-09-27T02:51:56.527Z,2026-09-27T02:51:56.527Z
213,B: PAYMENT PENDING,,,Samarth M Shetty,samarthmshetty05@gmail.com,="6360489728",="6360489728",="+916360489728",="19",Male,Manglore ,="7892385546",,,Friend / Family,L,paid,PAID ENTRY,="350",,="0",,pending,="order_TgtcGO4wLMWRbh",,4,="phase4",balipu-x-aloysius,Balipu x Aloysius,false,false,,,="0cca11e2-4b5d-40e1-9259-abf7ce7b1374",2026-09-27T02:27:36.623Z,2026-09-27T02:27:36.623Z
214,B: PAYMENT PENDING,,,Joyson Dsouza,dsouzajoyson0@gmail.com,="6361589690",="6361589690",="+916361589690",="22",Male,Manglore ,="6361589690",,,Friend / Family,L,paid,PAID ENTRY,="245",="350",="105",VEER30,pending,="order_Tgrk8IV08NVywy",,4,="phase4",balipu-x-aloysius,Balipu x Aloysius,false,false,,,="76802ed2-751c-4a7f-a415-bdfd3f76cd11",2026-09-27T00:37:40.373Z,2026-09-27T00:37:40.373Z
215,B: PAYMENT PENDING,,,Greg Heffley,thewimpykid@hotmail.com,="8550550072",="8550550072",="+918550550072",="67",Prefer not to say,Patna,="8760550071",,,Previous Balipu Event,XXL,paid,PAID ENTRY,="350",,="0",,pending,="order_Tgm0nARJREbsbA",,4,="phase4",balipu-x-aloysius,Balipu x Aloysius,false,false,,,="67e5a552-80f7-480a-acc5-26a204effc27",2026-09-26T19:01:16.938Z,2026-09-26T19:01:16.938Z
216,B: PAYMENT PENDING,,,Thejaswini V Shetty,shettythejaswini1@gmail.com,="09481381934",="09481381934",="+919481381934",="23",Female,Puttur,="9481921380",,,WhatsApp,M,paid,PAID ENTRY,="350",,="0",,pending,="order_TgjjZ8MUW9DvGz",,4,="phase4",balipu-x-aloysius,Balipu x Aloysius,false,false,,,="71eb6e55-579d-4c4d-bc40-5f094e3455d8",2026-09-26T16:47:35.244Z,2026-09-26T16:47:35.244Z
217,B: PAYMENT PENDING,,,Eshan R. Gangwar,gangwareshanr@gmail.com,="09119162206",="09119162206",="+919119162206",="18",Male,Mangluru,="9119162206",,,WhatsApp,XXL,paid,PAID ENTRY,="350",,="0",,pending,="order_TgjPS7HnCKH3rU",,4,="phase4",balipu-x-aloysius,Balipu x Aloysius,false,false,,,="8bcf67ef-0329-4be0-bd0c-ece02b8e4b09",2026-09-26T16:28:32.808Z,2026-09-26T16:28:32.808Z
218,B: PAYMENT PENDING,,,Anvitha A ,anvithaani309@gmail.com,="7829589899",="7829589899",="+917829589899",="18",Female,Mangalore ,="7892767383",,,College,M,paid,PAID ENTRY,="350",,="0",,pending,="order_TgjKbv0uaIDvP1",,4,="phase4",balipu-x-aloysius,Balipu x Aloysius,false,false,,,="be5588d9-04b2-4cae-ac2d-a7afa47aca13",2026-09-26T16:23:57.786Z,2026-09-26T16:23:57.786Z
219,B: PAYMENT PENDING,,,Aaron Joshua,aaronjoshuasaldhana@gmail.com,="8088023027",="8088023027",="+918088023027",="19",Male,manglore,="9901957234",,,Instagram,XL,paid,PAID ENTRY,="350",,="0",,pending,="order_TgihYEnyQPqglm",,4,="phase4",balipu-x-aloysius,Balipu x Aloysius,false,false,,,="9547e203-c7fc-4768-a5d6-3f9af877869a",2026-09-26T15:46:59.203Z,2026-09-26T15:46:59.203Z
220,B: PAYMENT PENDING,,,Aaron Joshua,aaronjoshuasaldhana@gmail.com,="8088023027",="8088023027",="+918088023027",="19",Male,manglore,="9901957234",,,Instagram,L,paid,PAID ENTRY,="350",,="0",,pending,="order_TgihFDbGgpNnux",,4,="phase4",balipu-x-aloysius,Balipu x Aloysius,false,false,,,="9dd3c494-07cc-4baa-8473-8b563404a1c3",2026-09-26T15:46:41.781Z,2026-09-26T15:46:41.781Z
221,B: PAYMENT PENDING,,,AARON JOSHUA SALDHANA,aaronjoshuasaldhana@gmail.com,="8088023027",="8088023027",="+918088023027",="19",Male,manglore,="9901957234",,,Instagram,XL,paid,PAID ENTRY,="350",,="0",,pending,="order_TgidNbSLIIz3Qp",,4,="phase4",balipu-x-aloysius,Balipu x Aloysius,false,false,,,="a0b97e50-03a8-4f6e-bb8d-2b8f09e1b1ab",2026-09-26T15:43:02.260Z,2026-09-26T15:43:02.260Z
222,B: PAYMENT PENDING,,,Adlyn Pinto,adlynpinto1@gmail.com,="9844843743",="9844843743",="+919844843743",="14",Female,Mangluru ,="9844843743",,,Instagram,M,paid,PAID ENTRY,="350",,="0",,pending,="order_TgiUJCA4vdwiaf",,4,="phase4",balipu-x-aloysius,Balipu x Aloysius,false,false,,,="e7fa4528-8cad-4bc4-95aa-70c102725f65",2026-09-26T15:34:27.039Z,2026-09-26T15:34:27.039Z
223,B: PAYMENT PENDING,,,Chandan bhat,bhatchandan01@gmail.com,="9483756858",="9483756858",="+919483756858",="19",Male,Mangaluru ,="9483756858",,,Other,M,paid,PAID ENTRY,="350",,="0",,pending,="order_TghnwN1bK7MEtS",,4,="phase4",balipu-x-aloysius,Balipu x Aloysius,false,false,,,="64ceed82-11ca-4b0e-af65-ab4c36986276",2026-09-26T14:54:20.505Z,2026-09-26T14:54:20.505Z
224,B: PAYMENT PENDING,,,Sain jhon Lobo,sainjhonlobo3@gmail.com,="08147341802",="08147341802",="+918147341802",="19",Male,Mangalore,="8147341802",,,College,M,paid,PAID ENTRY,="350",,="0",,pending,="order_TggqfQDvRgJZ0h",,4,="phase4",balipu-x-aloysius,Balipu x Aloysius,false,false,,,="05124ff2-0f35-48d7-98ed-c065c52a07b7",2026-09-26T13:58:13.760Z,2026-09-26T13:58:13.760Z
225,B: PAYMENT PENDING,,,Ancel Dcosta,alfred.dcosta1959@gmail.com,="8904849793",="8904849793",="+918904849793",="15",Male,Mangaluru,="8088276083",,,Friend / Family,M,paid,PAID ENTRY,="245",="350",="105",VEER30,pending,="order_TggqOntdAMQgpO",,4,="phase4",balipu-x-aloysius,Balipu x Aloysius,false,false,,,="d820c38c-61d8-4d36-9bd6-2cef8c7e57c9",2026-09-26T13:57:58.535Z,2026-09-26T13:57:58.535Z
226,B: PAYMENT PENDING,,,Ayush hegde,ayushhegde2012@gmail.com,="09449066193",="09449066193",="+919449066193",="14",Male,Mangluru,="9448355193",,,WhatsApp,S,paid,PAID ENTRY,="350",,="0",,pending,="order_TggZitmRR5d5fX",,4,="phase4",balipu-x-aloysius,Balipu x Aloysius,false,false,,,="3d2b0f7a-f7a6-4a00-bc39-7486f9717c3f",2026-09-26T13:42:11.340Z,2026-09-26T13:42:11.340Z
227,B: PAYMENT PENDING,,,Shamith Kumar D,dshamith@gmail.com,="9686140748",="9686140748",="+919686140748",="36",Male,Mangalore,="8792020748",,,Previous Balipu Event,XL,paid,PAID ENTRY,="350",,="0",,pending,="order_TggZKag4ga7tQL",,4,="phase4",balipu-x-aloysius,Balipu x Aloysius,false,false,,,="d6ae939f-b343-487f-b2a5-c84f189af7a2",2026-09-26T13:41:49.074Z,2026-09-26T13:41:49.074Z
228,B: PAYMENT PENDING,,,Balakrishna Gowda,gowdabalakrishna99@gmail.com,="8722470336",="8722470336",="+918722470336",="49",Male,Kadaba,="7259294445",,,WhatsApp,M,paid,PAID ENTRY,="350",,="0",,pending,="order_TggXavBO7FxJtu",,4,="phase4",balipu-x-aloysius,Balipu x Aloysius,false,false,,,="dd0fcf0d-2273-434a-8119-b6afb77ab48e",2026-09-26T13:40:10.430Z,2026-09-26T13:40:10.430Z
229,B: PAYMENT PENDING,,,Shamith Kumar D,dshamith@gmail.com,="9686140748",="9686140748",="+919686140748",="36",Male,Mangalore,="8792020748",,,Previous Balipu Event,XL,paid,PAID ENTRY,="350",,="0",,pending,="order_TggXOaap5ezrpF",,4,="phase4",balipu-x-aloysius,Balipu x Aloysius,false,false,,,="16ff73b4-3897-4994-a4ba-b80c052ba095",2026-09-26T13:39:59.147Z,2026-09-26T13:39:59.147Z
230,B: PAYMENT PENDING,,,Shamith Kumar D ,dshamith@gmail.com,="9686140748",="9686140748",="+919686140748",="36",Male,Mangalore,="8792020748",,,WhatsApp,XL,paid,PAID ENTRY,="350",,="0",,pending,="order_TggW1AXWwbYJbv",,4,="phase4",balipu-x-aloysius,Balipu x Aloysius,false,false,,,="157ca4ff-134f-4348-94c6-cbe9de63ad6b",2026-09-26T13:38:40.877Z,2026-09-26T13:38:40.877Z
231,B: PAYMENT PENDING,,,Shamith Kumar D ,dshamith@gmail.com,="9686140748",="9686140748",="+919686140748",="36",Male,Mangalore,="8792020748",,,WhatsApp,XL,paid,PAID ENTRY,="350",,="0",,pending,="order_TggVZXBZAZnbf0",,4,="phase4",balipu-x-aloysius,Balipu x Aloysius,false,false,,,="72d58c14-6665-4381-a47c-d1d001296b0b",2026-09-26T13:38:15.559Z,2026-09-26T13:38:15.559Z
232,B: PAYMENT PENDING,,,Lokesh Kumar B ,lokeshb2277@gmail.com,="9945711906",="9945711906",="+919945711906",="52",Male,Dakshina Kannada,="9663872809",,,WhatsApp,XL,paid,PAID ENTRY,="350",,="0",,pending,="order_TggV899p1H3D2C",,4,="phase4",balipu-x-aloysius,Balipu x Aloysius,false,false,,,="30f2c5ef-6a72-459a-b92a-8804c518030a",2026-09-26T13:37:50.479Z,2026-09-26T13:37:50.479Z
233,B: PAYMENT PENDING,,,Janis Anna Dsouza,joel.sybil@gmail.com,="9481954836",="9481954836",="+919481954836",="13",Female,Mangaluru,="7899751671",,,Friend / Family,S,paid,PAID ENTRY,="350",,="0",,pending,="order_TggTWFJDa8nIui",,4,="phase4",balipu-x-aloysius,Balipu x Aloysius,false,false,,,="a0a4929a-c99f-493d-84e5-3812ca0bd1c5",2026-09-26T13:36:18.952Z,2026-09-26T13:36:18.952Z
234,B: PAYMENT PENDING,,,Arnold Dalmeida,arnodalmeida47@gmail.com,="8197229654",="8197229654",="+918197229654",="19",Male,Moodbidri ,="7483646035",,,Instagram,L,paid,PAID ENTRY,="350",,="0",,pending,="order_Tgg3rQHBhhnUXe",,4,="phase4",balipu-x-aloysius,Balipu x Aloysius,false,false,,,="c0c0c06f-149c-4350-a4b0-682075f848ba",2026-09-26T13:12:01.545Z,2026-09-26T13:12:01.545Z
235,B: PAYMENT PENDING,,,SACHIN H V,hruthikebbani@gmail.com,="9019697524",="9019697524",="+919019697524",="25",Male,MANGLORE,="8105341914",,,WhatsApp,XL,paid,PAID ENTRY,="350",,="0",,pending,="order_TgfWrhQdwAZfIZ",,4,="phase4",balipu-x-aloysius,Balipu x Aloysius,false,false,,,="d5e9671f-20a6-40f4-9b4f-48cebf8d0641",2026-09-26T12:40:47.422Z,2026-09-26T12:40:47.422Z
236,B: PAYMENT PENDING,,,Prathvi Hardik ,prathvihardik66@gmail.com,="9900448834",="9900448834",="+919900448834",="18",Male,Farangipete ,="9740546954",,,WhatsApp,S,paid,PAID ENTRY,="350",,="0",,pending,="order_TgfVrnpYxn6JfA",,4,="phase4",balipu-x-aloysius,Balipu x Aloysius,false,false,,,="a3d0fd27-dbf7-4650-818a-7c5bbf2f1aad",2026-09-26T12:39:50.709Z,2026-09-26T12:39:50.709Z
237,B: PAYMENT PENDING,,,Sanjiv Kamath,mulkisanjiv@gmail.com,="09611186855",="09611186855",="+919611186855",="48",Male,Udupi,="9844813148",,,WhatsApp,L,paid,PAID ENTRY,="350",,="0",,pending,="order_TgfNZCHre3PB7u",,4,="phase4",balipu-x-aloysius,Balipu x Aloysius,false,false,,,="37527ca3-e3b7-4dff-b131-9e27432733b1",2026-09-26T12:31:59.238Z,2026-09-26T12:31:59.238Z
238,B: PAYMENT PENDING,,, P Smitha mallya,smithamallya456@gmail.com,="8970727522",="8970727522",="+918970727522",="42",Female,Dakshina Kannada,="7022410175",,,WhatsApp,L,paid,PAID ENTRY,="350",,="0",,pending,="order_TgfKd8fUNEMeRF",,4,="phase4",balipu-x-aloysius,Balipu x Aloysius,false,false,,,="20c1086f-5d7b-4ec9-a17c-c180099af7e9",2026-09-26T12:29:12.454Z,2026-09-26T12:29:12.454Z
239,B: PAYMENT PENDING,,,Nidhi Yogesh Prabhu ,nidhiprabhu82@gmail.com,="9545225255",="9545225255",="+919545225255",="45",Female,Mangaluru ,="9342575918",,,WhatsApp,L,paid,PAID ENTRY,="350",,="0",,pending,="order_TgfK5fAhnqYYBc",,4,="phase4",balipu-x-aloysius,Balipu x Aloysius,false,false,,,="44adf436-ef12-407a-bef0-5e613b1f55ba",2026-09-26T12:28:41.781Z,2026-09-26T12:28:41.781Z
240,B: PAYMENT PENDING,,,Aymaan khan,aymaanarsalaan@gmail.com,="9113954331",="9113954331",="+919113954331",="15",Male,Mangaluru,="9880295842",,,Friend / Family,M,paid,PAID ENTRY,="245",="350",="105",VEER30,pending,="order_TgenVYDVLS5ZMu",,4,="phase4",balipu-x-aloysius,Balipu x Aloysius,false,false,,,="bab10139-6728-444c-b168-d1bcab3256f1",2026-09-26T11:57:51.085Z,2026-09-26T11:57:51.085Z
241,B: PAYMENT PENDING,,,Aymaan khan,aymaanarsalaan@gmail.com,="9113954331",="9113954331",="+919113954331",="15",Male,Mangaluru,="9880295842",,,Friend / Family,M,paid,PAID ENTRY,="245",="350",="105",VEER30,pending,="order_Tgejym1UsfRVZ5",,4,="phase4",balipu-x-aloysius,Balipu x Aloysius,false,false,,,="3528ec5e-8a01-42bd-8ecd-7334d4c7d300",2026-09-26T11:54:30.658Z,2026-09-26T11:54:30.658Z
242,B: PAYMENT PENDING,,,Rianne Fontes ,riafon95@gmail.com,="9113822342",="9113822342",="+919113822342",="21",Prefer not to say,Mangaluru ,="6363507825",,,College,L,paid,PAID ENTRY,="350",,="0",,pending,="order_Tgeebmvn7eJ6tt",,4,="phase4",balipu-x-aloysius,Balipu x Aloysius,false,false,,,="a96103c3-5264-45ef-993b-29d0683a2c15",2026-09-26T11:49:25.600Z,2026-09-26T11:49:25.600Z
243,B: PAYMENT PENDING,,,Gautham Poojary ,gautamkiki4@gmail.com,="9741275946",="9741275946",="+919741275946",="25",Male,Karkala,="9880502857",,,Instagram,M,paid,PAID ENTRY,="350",,="0",,pending,="order_Tge0MELGyBer6m",,4,="phase4",balipu-x-aloysius,Balipu x Aloysius,false,false,,,="1ea59a8f-817d-4b32-a0d2-c8a069d25323",2026-09-26T11:11:19.373Z,2026-09-26T11:11:19.373Z
244,B: PAYMENT PENDING,,,synchana padival,synchanapadival4@gmail.com,="9980386420",="9980386420",="+919980386420",="35",Female,Moodubidire ,="9844465235",,,WhatsApp,XL,paid,PAID ENTRY,="350",,="0",,pending,="order_TgdvFYRsRmf74p",,4,="phase4",balipu-x-aloysius,Balipu x Aloysius,false,false,,,="96fb9a8b-cb25-4dfb-98f4-f57920f51d2a",2026-09-26T11:06:29.228Z,2026-09-26T11:06:29.228Z
245,B: PAYMENT PENDING,,,Unni,unninullippadi@gmail.com,="7034079953",="7034079953",="+917034079953",="28",Male,Mangalore ,="7034079953",,,WhatsApp,L,paid,PAID ENTRY,="350",,="0",,pending,="order_Tgdrp5wAetugU0",,4,="phase4",balipu-x-aloysius,Balipu x Aloysius,false,false,,,="8a029cc9-f912-4376-ad26-966fc9ac3379",2026-09-26T11:03:14.580Z,2026-09-26T11:03:14.580Z
246,B: PAYMENT PENDING,,,Anrick Savio Menezes,anricksavio@gmail.com,="09449857311",="09449857311",="+919449857311",="27",Male,Mangalore,="9113900726",,,WhatsApp,L,paid,PAID ENTRY,="350",,="0",,pending,="order_Tgdpv2gtbIZ95i",,4,="phase4",balipu-x-aloysius,Balipu x Aloysius,false,false,,,="856b5f9a-61a4-49fe-b118-5fb7a8b72100",2026-09-26T11:01:26.435Z,2026-09-26T11:01:26.435Z
247,B: PAYMENT PENDING,,,Shameek Kumar Shetty ,shameekkodimar@gmail.com,="7026041405",="7026041405",="+917026041405",="21",Male,Nitte,="7026041405",,,WhatsApp,M,paid,PAID ENTRY,="350",,="0",,pending,="order_TgddLa79g1uo6j",,4,="phase4",balipu-x-aloysius,Balipu x Aloysius,false,false,,,="b862cd85-ba3f-439c-b760-4e8130cf393b",2026-09-26T10:49:32.334Z,2026-09-26T10:49:32.334Z
248,B: PAYMENT PENDING,,,M Skanda Shyam Bhat,skandashyam102@gmail.com,="8861839506",="8861839506",="+918861839506",="20",Male,Mangaluru,="9845439606",,,WhatsApp,M,paid,PAID ENTRY,="350",,="0",,pending,="order_TgdbziVH8aUKAx",,4,="phase4",balipu-x-aloysius,Balipu x Aloysius,false,false,,,="a3252a79-5c86-4e8e-ab06-f758bd137438",2026-09-26T10:48:15.518Z,2026-09-26T10:48:15.518Z
249,B: PAYMENT PENDING,,,Vinayaka B S,vini.loka@gmail.com,="9448885935",="9448885935",="+919448885935",="44",Male,Mangaluru,="9483190050",,,WhatsApp,M,paid,PAID ENTRY,="350",,="0",,pending,="order_TgdKZrPwSH0ELd",,4,="phase4",balipu-x-aloysius,Balipu x Aloysius,false,false,,,="22bbfd2d-cde8-45d4-8884-70939d0415b4",2026-09-26T10:31:46.214Z,2026-09-26T10:31:46.214Z
250,B: PAYMENT PENDING,,,Dhanush Kumar ,dhanushkumar112006@gmail.com,="7411132783",="7411132783",="+917411132783",="20",Male,Mangaluru,="9972094473",,,Instagram,XXL,paid,PAID ENTRY,="350",,="0",,pending,="order_TgdGQhvYyGysLy",,4,="phase4",balipu-x-aloysius,Balipu x Aloysius,false,false,,,="3a2cc556-9ccc-43cb-b055-e2cae7ff4efc",2026-09-26T10:27:50.626Z,2026-09-26T10:27:50.626Z
251,B: PAYMENT PENDING,,,venkatesh prabhu,venkateshprabh84@gmail.com,="09619885179",="09619885179",="+919619885179",="42",Male,Mangalore ,="8722441544",,,WhatsApp,S,paid,PAID ENTRY,="350",,="0",,pending,="order_Tgd4OkgnwZZfJC",,4,="phase4",balipu-x-aloysius,Balipu x Aloysius,false,false,,,="bd100680-3b03-4bcb-87bd-fc9c00affee2",2026-09-26T10:16:27.252Z,2026-09-26T10:16:27.252Z
252,B: PAYMENT PENDING,,,Anish H,anishjogia2k@gmail.com,="89516 15892",="8951615892",="+918951615892",="18",Male,Mangalore,="8951615892",,,Friend / Family,L,paid,PAID ENTRY,="245",="350",="105",VEER30,pending,="order_TgcAra9YZwJwsB",,4,="phase4",balipu-x-aloysius,Balipu x Aloysius,false,false,,,="057961ce-f756-417c-bfcb-8e26d1ac55ca",2026-09-26T09:23:52.842Z,2026-09-26T09:23:52.842Z
253,B: PAYMENT PENDING,,,Nesin Ronny,nesinronny783@gmail.com,="7892629913",="7892629913",="+917892629913",="17",Female,Mangaluru,="9945796674",,,Instagram,L,paid,PAID ENTRY,="245",="350",="105",VEER30,pending,="order_Tgc4e3s410rihg",,4,="phase4",balipu-x-aloysius,Balipu x Aloysius,false,false,,,="5a0acdd2-9bde-43d8-aac7-5253ebea3235",2026-09-26T09:17:59.646Z,2026-09-26T09:17:59.646Z
254,B: PAYMENT PENDING,,,Siddharth Kumar ,siddharthkumar4563@gmail.com,="7970481309",="7970481309",="+917970481309",="23",Male,Mangalore,="7507553344",,,Friend / Family,L,paid,PAID ENTRY,="350",,="0",,pending,="order_TgY5XXPuOE5waA",,4,="phase4",balipu-x-aloysius,Balipu x Aloysius,false,false,,,="37027aa1-e10d-46d7-bfab-f595b31fd17f",2026-09-26T05:24:04.011Z,2026-09-26T05:24:04.011Z
255,B: PAYMENT PENDING,,,Siddharth Kumar ,siddharthkumar4563@gmail.com,="7970481309",="7970481309",="+917970481309",="23",Male,Mangalore,="7507553344",,,Friend / Family,L,paid,PAID ENTRY,="350",,="0",,pending,="order_TgY3P7u16MJEEr",,4,="phase4",balipu-x-aloysius,Balipu x Aloysius,false,false,,,="d7b7a5ba-33ab-4cf5-a62d-354335d70911",2026-09-26T05:22:02.708Z,2026-09-26T05:22:02.708Z
256,B: PAYMENT PENDING,,,Yashash ,yashashrahul72@gmail.com,="7026360660",="7026360660",="+917026360660",="23",Male,Mangalore ,="7026360660",,,Previous Balipu Event,M,paid,PAID ENTRY,="350",,="0",,pending,="order_TgKtAJT8k1CRbf",,4,="phase4",balipu-x-aloysius,Balipu x Aloysius,false,false,,,="be37abeb-4835-4783-b945-de31e62168b4",2026-09-25T16:29:20.163Z,2026-09-25T16:29:20.163Z
257,B: PAYMENT PENDING,,,Sharan Lobo,lobosharan107@gmail.com,="7624824391",="7624824391",="+917624824391",="18",Male,Mangalore ,="7349341880",,,Instagram,XL,paid,PAID ENTRY,="350",,="0",,pending,="order_TgKYxJlJ3ZnueQ",,4,="phase4",balipu-x-aloysius,Balipu x Aloysius,false,false,,,="9a2c398e-5c21-45b7-877b-4f893d568a9e",2026-09-25T16:10:12.229Z,2026-09-25T16:10:12.229Z
258,B: PAYMENT PENDING,,,Sharan Lobo,lobosharan107@gmail.com,="7624824391",="7624824391",="+917624824391",="18",Male,Mangalore ,="9740536791",,,Instagram,XL,paid,PAID ENTRY,="350",,="0",,pending,="order_TgKP8ywBSyu4km",,4,="phase4",balipu-x-aloysius,Balipu x Aloysius,false,false,,,="05d67496-78c7-4d9a-ad87-d1f8851f0fb9",2026-09-25T16:00:54.916Z,2026-09-25T16:00:54.916Z
259,B: PAYMENT PENDING,,,Sharan Lobo,lobosharan107@gmail.com,="7624824391",="7624824391",="+917624824391",="18",Male,Mangalore ,="7349341880",,,Instagram,XL,paid,PAID ENTRY,="350",,="0",,pending,="order_TgKMLkiMxYla95",,4,="phase4",balipu-x-aloysius,Balipu x Aloysius,false,false,,,="3ee2e387-78b2-45cc-af53-48e892726a22",2026-09-25T15:58:16.212Z,2026-09-25T15:58:16.212Z
260,B: PAYMENT PENDING,,,Ashwini Amin,chaya200807@gmail.com,="8123308068",="8123308068",="+918123308068",="18",Female,Mangalore,="9035900648",,,Friend / Family,L,paid,PAID ENTRY,="350",,="0",,pending,="order_TgKCPqGfF0u6Qt",,4,="phase4",balipu-x-aloysius,Balipu x Aloysius,false,false,,,="e2fb3f5f-6a9d-4ee5-8f3d-52bc11338ce5",2026-09-25T15:48:51.959Z,2026-09-25T15:48:51.959Z
261,B: PAYMENT PENDING,,,Bhavish ,sharathsharath498@gmail.com,="9844330002",="9844330002",="+919844330002",="12",Male,Mangalore ,="+919844330002",,,Instagram,XS,paid,PAID ENTRY,="350",,="0",,pending,="order_TgIgi59eKn48ca",,4,="phase4",balipu-x-aloysius,Balipu x Aloysius,false,false,,,="45650a0b-784b-4e18-878f-a836fa347abe",2026-09-25T14:20:09.444Z,2026-09-25T14:20:09.444Z
262,B: PAYMENT PENDING,,,Saanvi Hegde,saanvihege7@gmail.com,="6364002588",="6364002588",="+916364002588",="16",Female,Mangaluru,="9980436784",,,Friend / Family,M,paid,PAID ENTRY,="350",,="0",,pending,="order_TgHYo7HH6pGLAu",,4,="phase4",balipu-x-aloysius,Balipu x Aloysius,false,false,,,="a7957a2c-a2cd-49e3-81fc-9aef2e5e7de0",2026-09-25T13:13:58.983Z,2026-09-25T13:13:58.983Z
263,B: PAYMENT PENDING,,,Divyesh Somaiah AH,anedadivyesh@gmail.com,="9353893150",="9353893150",="+919353893150",="18",Male,Mangaluru,="9448018478",,,College,M,paid,PAID ENTRY,="315",="350",="35",10JSBALIPU,pending,="order_TgE3hYQItDJzYb",,4,="phase4",balipu-x-aloysius,Balipu x Aloysius,false,false,,,="5463da7c-c3cd-4275-9798-ab130e7284bb",2026-09-25T09:48:27.294Z,2026-09-25T09:48:27.294Z
264,B: PAYMENT PENDING,,,Esther Nicole Rego,nicoleesther.rego@gmail.com,="9740062317",="9740062317",="+919740062317",="16",Female,Mangalore,="9945687884",,,Friend / Family,M,paid,PAID ENTRY,="350",,="0",,pending,="order_TgD9qkFVht2YKC",,4,="phase4",balipu-x-aloysius,Balipu x Aloysius,false,false,,,="fbc6720b-c3e4-4832-aa82-9448d2507ed5",2026-09-25T08:55:34.910Z,2026-09-25T08:55:34.910Z
265,B: PAYMENT PENDING,,,RUVENA JOYLINE DSOUZA ,ruvenajoyline@gmail.com,="7338426165",="7338426165",="+917338426165",="18",Female,Manglore ,="9945137139",,,Instagram,M,paid,PAID ENTRY,="350",,="0",,pending,="order_TgCqpmgKmPC4az",,4,="phase4",balipu-x-aloysius,Balipu x Aloysius,false,false,,,="0e44d082-f28e-4593-bc63-c547213c9dc8",2026-09-25T08:37:34.815Z,2026-09-25T08:37:34.815Z
266,B: PAYMENT PENDING,,,Sharan Lobo,lobosharan107@gmail.com,="7624824391",="7624824391",="+917624824391",="18",Male,Mangalore ,="7349341880",,,Instagram,XL,paid,PAID ENTRY,="350",,="0",,pending,="order_TgCoiAJ76Atc0q",,4,="phase4",balipu-x-aloysius,Balipu x Aloysius,false,false,,,="39bb9ce4-f9a1-4ea3-8e00-64b95b153b19",2026-09-25T08:35:34.242Z,2026-09-25T08:35:34.242Z
267,B: PAYMENT PENDING,,,RUVENA JOYLINE DSOUZA ,ruvenajoyline@gmail.com,="7338426165",="7338426165",="+917338426165",="18",Female,Mangalore ,="9945137139",,,Instagram,M,paid,PAID ENTRY,="350",,="0",,pending,="order_TgCnD0EHNpXauK",,4,="phase4",balipu-x-aloysius,Balipu x Aloysius,false,false,,,="e7c9e566-9d0c-4fe2-a098-e3b476d078a4",2026-09-25T08:34:08.888Z,2026-09-25T08:34:08.888Z
268,B: PAYMENT PENDING,,,Iral Dsouza,mayoladsouza25@gmail.com,="9972857602",="9972857602",="+919972857602",="18",Female,Mangalore ,="9972857602",,,Friend / Family,S,paid,PAID ENTRY,="350",,="0",,pending,="order_TgCmIr7SLvzg5A",,4,="phase4",balipu-x-aloysius,Balipu x Aloysius,false,false,,,="69e4a181-76f2-4c14-bf63-899488945495",2026-09-25T08:33:17.462Z,2026-09-25T08:33:17.462Z
269,B: PAYMENT PENDING,,,Iral Dsouza,mayoladsouza25@gmail.com,="9972857602",="9972857602",="+919972857602",="18",Female,Mangalore ,="9972857602",,,Friend / Family,S,paid,PAID ENTRY,="350",,="0",,pending,="order_TgCjwZWYTNDlK9",,4,="phase4",balipu-x-aloysius,Balipu x Aloysius,false,false,,,="0d056a1d-5c68-4e1f-bc31-d46017c49166",2026-09-25T08:31:03.433Z,2026-09-25T08:31:03.433Z
270,B: PAYMENT PENDING,,,RUVENA JOYLINE DSOUZA ,ruvenajoyline@gmail.com,="7338426165",="7338426165",="+917338426165",="18",Female,Mangalore ,="9945137139",,,Instagram,M,paid,PAID ENTRY,="350",,="0",,pending,="order_TgCjdEM4BpcBen",,4,="phase4",balipu-x-aloysius,Balipu x Aloysius,false,false,,,="e9e3d5ef-d652-4cae-afc4-d2a49f65a1d7",2026-09-25T08:30:45.714Z,2026-09-25T08:30:45.714Z
271,B: PAYMENT PENDING,,,Sudeep ,sudeeplc95@gmail.com,="9591630056",="9591630056",="+919591630056",="21",Male,Puttur ,="9591630056",,,Instagram,L,paid,PAID ENTRY,="350",,="0",,pending,="order_Tg85GCTMAZaEBr",,4,="phase4",balipu-x-aloysius,Balipu x Aloysius,false,false,,,="4fe6f70d-b07d-43dd-94c8-6f45882ca153",2026-09-25T03:57:46.158Z,2026-09-25T03:57:46.158Z
272,B: PAYMENT PENDING,,,Ethan Carl,ethancarl2488@gmail.com,="8904624747",="8904624747",="+918904624747",="18",Male,Mangaluru,="8904524747",,,Instagram,M,paid,PAID ENTRY,="350",,="0",,pending,="order_Tfw5Wxmq4bIPhy",,4,="phase4",balipu-x-aloysius,Balipu x Aloysius,false,false,,,="1b988736-fd91-456e-8e02-398c07e07f56",2026-09-24T16:13:42.127Z,2026-09-24T16:13:42.127Z
273,B: PAYMENT PENDING,,,Thanish pakkala,prakash2pakkala@gmail.com,="9154590345",="9154590345",="+919154590345",="16",Male,Mangaluru ,="8147624545",,,Instagram,S,paid,PAID ENTRY,="300",,="0",,pending,="order_Tfvw5UX06Sa2V9",,3,="phase3",balipu-x-aloysius,Balipu x Aloysius,false,false,,,="28ba9c8c-4bce-4ed0-868a-ccc42b231924",2026-09-24T16:04:45.758Z,2026-09-24T16:04:45.758Z
274,B: PAYMENT PENDING,,,Ridvik Shetty ,shradha.12@gmail.com,="9980979438",="9980979438",="+919980979438",="13",Male,Mangaluru ,="9449331705",,,Other,S,paid,PAID ENTRY,="210",="300",="90",VEER30,pending,="order_TfrEwHWDzpUBKB",,3,="phase3",balipu-x-aloysius,Balipu x Aloysius,false,false,,,="1a4f5078-8b61-4b85-901f-6bbc8009ef0b",2026-09-24T11:29:08.456Z,2026-09-24T11:29:08.456Z
275,B: PAYMENT PENDING,,,Royden Noronha,roydennoronha@gmail.com,="7204096884",="7204096884",="+917204096884",="15",Male,Mangaluru,="8971034160",,,Friend / Family,S,paid,PAID ENTRY,="210",="300",="90",VEER30,pending,="order_TfqzydEa23sPLJ",,3,="phase3",balipu-x-aloysius,Balipu x Aloysius,false,false,,,="0122384d-afe4-444f-8f36-87ca6c303450",2026-09-24T11:14:58.603Z,2026-09-24T11:14:58.603Z
276,B: PAYMENT PENDING,,,Vivek renol dsouza,rajini.m.dsouza@gmail.com,="9902883723",="9902883723",="+919902883723",="15",Male,Mangalore,="9902883723",,,College,XL,paid,PAID ENTRY,="300",,="0",,pending,="order_Tfqi0xISP3vKwP",,3,="phase3",balipu-x-aloysius,Balipu x Aloysius,false,false,,,="608fc68f-e0a8-45a9-9802-7b3de1294ac0",2026-09-24T10:57:58.327Z,2026-09-24T10:57:58.327Z
277,B: PAYMENT PENDING,,,Aadya R A Singh ,aadyarasingh@gmail.com,="9902747933",="9902747933",="+919902747933",="16",Female,Mangaluru,="9972639111",,,Friend / Family,S,paid,PAID ENTRY,="300",,="0",,pending,="order_TfqHNwxQnZeDJ5",,3,="phase3",balipu-x-aloysius,Balipu x Aloysius,false,false,,,="ac509d02-89a4-46bf-8ccb-0344329f758c",2026-09-24T10:32:45.791Z,2026-09-24T10:32:45.791Z
278,B: PAYMENT PENDING,,,Mallikarjun ,sunithasunitha4986@gmail.com,="9900897735",="9900897735",="+919900897735",="16",Male,Mangaluru,="8971501729",,,Instagram,S,paid,PAID ENTRY,="300",,="0",,pending,="order_TfdtSGCUINSim9",,3,="phase3",balipu-x-aloysius,Balipu x Aloysius,false,false,,,="b2a4c4df-826d-417f-a571-08eb220caa87",2026-09-23T22:25:47.161Z,2026-09-23T22:25:47.161Z
279,B: PAYMENT PENDING,,,Ashish Kumar ,ashishh1902@gmail.com,="9449821766",="9449821766",="+919449821766",="16",Male,Mangaluru,="7353079669",,,Instagram,M,paid,PAID ENTRY,="210",="300",="90",VEER30,pending,="order_TfZKbKCXj3K2Nw",,3,="phase3",balipu-x-aloysius,Balipu x Aloysius,false,false,,,="f1ba398d-34ee-4190-a23b-69c4dba56ae7",2026-09-23T17:58:00.989Z,2026-09-23T17:58:00.989Z
280,B: PAYMENT PENDING,,,Ashish Kumar ,ashishh1902@gmail.com,="9449821766",="9449821766",="+919449821766",="16",Male,Mangaluru,="7353079669",,,Instagram,M,paid,PAID ENTRY,="210",="300",="90",VEER30,pending,="order_TfZJPRjWJaohtx",,3,="phase3",balipu-x-aloysius,Balipu x Aloysius,false,false,,,="cd16f4d9-4c17-4993-8382-6fba264a3c46",2026-09-23T17:56:53.311Z,2026-09-23T17:56:53.311Z
281,B: PAYMENT PENDING,,,Sowmya Binu,sowmyabinu2@gmail.com,="8073791025",="8073791025",="+918073791025",="14",Male,Mangaluru,="8073791025",,,Instagram,XS,paid,PAID ENTRY,="210",="300",="90",VEER30,pending,="order_TfXM2HuVxe5EqP",,3,="phase3",balipu-x-aloysius,Balipu x Aloysius,false,false,,,="2eefba05-8c1f-47cb-9686-ec98d8958f6f",2026-09-23T16:01:59.297Z,2026-09-23T16:01:59.297Z
282,B: PAYMENT PENDING,,,Rithwik ,soumyathulsidas@gmail.com,="9036737374",="9036737374",="+919036737374",="16",Male,Mangalore ,="9980758414",,,Instagram,L,paid,PAID ENTRY,="210",="300",="90",VEER30,pending,="order_TfXGG68c4IB72b",,3,="phase3",balipu-x-aloysius,Balipu x Aloysius,false,false,,,="a4d47fc2-ebb5-46e6-98da-af2285190051",2026-09-23T15:56:31.117Z,2026-09-23T15:56:31.117Z
283,B: PAYMENT PENDING,,,Gagan shetty,shettygagan382@gmail.com,="8147038814",="8147038814",="+918147038814",="16",Male,Mangalore ,="9743705516",,,Friend / Family,M,paid,PAID ENTRY,="210",="300",="90",VEER30,pending,="order_TfX7JImB4yeW5J",,3,="phase3",balipu-x-aloysius,Balipu x Aloysius,false,false,,,="3083ff4e-1b34-460e-a6fb-d0af21911663",2026-09-23T15:48:02.846Z,2026-09-23T15:48:02.846Z
284,B: PAYMENT PENDING,,,Nonith shetty,jayalakshmi.shetty2013@gmail.com,="8147713815",="8147713815",="+918147713815",="14",Male,Mangalore ,="8105757352",,,WhatsApp,M,paid,PAID ENTRY,="210",="300",="90",VEER30,pending,="order_TfWs7JufzALnzs",,3,="phase3",balipu-x-aloysius,Balipu x Aloysius,false,false,,,="d5eededa-121b-4707-b93b-eb6c2d19aa0c",2026-09-23T15:33:39.868Z,2026-09-23T15:33:39.868Z
285,B: PAYMENT PENDING,,,Yajnesh,yajneshusa@gmail.com,="8073876592",="8073876592",="+918073876592",="27",Male,Mangalore ,="9481847126",,,Friend / Family,L,paid,PAID ENTRY,="210",="300",="90",VEER30,pending,="order_TfWLOO6Ge3H7Ow",,3,="phase3",balipu-x-aloysius,Balipu x Aloysius,false,false,,,="c9e94550-40d6-48bf-aaa6-0fef9878ea76",2026-09-23T15:02:41.097Z,2026-09-23T15:02:41.097Z
286,B: PAYMENT PENDING,,,Yajnesh,yajneshusa@gmail.com,="8073876592",="8073876592",="+918073876592",="27",Male,Mangalore ,="9481847126",,,Friend / Family,L,paid,PAID ENTRY,="210",="300",="90",VEER30,pending,="order_TfWKHTz3S7qGjE",,3,="phase3",balipu-x-aloysius,Balipu x Aloysius,false,false,,,="a494c6ce-9b2d-4888-8a8a-c091f4951f3a",2026-09-23T15:01:37.971Z,2026-09-23T15:01:37.971Z
287,B: PAYMENT PENDING,,,Aaron Joshua,aaronjoshuasaldhana@gmail.com,="08088023027",="08088023027",="+918088023027",="19",Male,manglore,="9901957234",,,Instagram,XL,paid,PAID ENTRY,="300",,="0",,pending,="order_TfW0sEB6sGyHIE",,3,="phase3",balipu-x-aloysius,Balipu x Aloysius,false,false,,,="ba0be035-6214-4cec-9596-6fa719a6dd39",2026-09-23T14:43:15.639Z,2026-09-23T14:43:15.639Z
288,B: PAYMENT PENDING,,,Ranjith B K,ranjithkumble34@gmail.com,="7483075660",="7483075660",="+917483075660",="24",Male,Mangaluru ,="7975716985",,,Instagram,L,paid,PAID ENTRY,="300",,="0",,pending,="order_TfVY6Iiq8Fw2aR",,3,="phase3",balipu-x-aloysius,Balipu x Aloysius,false,false,,,="07f6692e-edbc-41a9-bb52-1bef36ccf97e",2026-09-23T14:16:01.318Z,2026-09-23T14:16:01.318Z
289,B: PAYMENT PENDING,,,anvi,anuradha.bhaskar2011@gmail.com,="09449226399",="09449226399",="+919449226399",="17",Female,DAKSHINA KANNADA,="9449226399",,,WhatsApp,M,paid,PAID ENTRY,="210",="300",="90",VEER30,pending,="order_TfV8mRswBNUnPR",,3,="phase3",balipu-x-aloysius,Balipu x Aloysius,false,false,,,="6459b824-dfd6-424a-b074-386dcc59bb1f",2026-09-23T13:52:03.123Z,2026-09-23T13:52:03.123Z
290,B: PAYMENT PENDING,,,Aaston lobo ,loboaaston@gmail.com,="7411370147",="7411370147",="+917411370147",="15",Male,Mangalore ,="7411370147",,,Other,S,paid,PAID ENTRY,="210",="300",="90",VEER30,pending,="order_TfTzOohtvFf9oi",,3,="phase3",balipu-x-aloysius,Balipu x Aloysius,false,false,,,="202081c2-e468-4e32-b434-740b68d8938a",2026-09-23T12:44:28.658Z,2026-09-23T12:44:28.658Z
291,B: PAYMENT PENDING,,,Basiq,basiqshaikh09@gmail.com,="7829081398",="7829081398",="+917829081398",="17",Male,Mangalore,="9731626136",,,Instagram,XS,paid,PAID ENTRY,="300",,="0",,pending,="order_TfT5fumY4lpASy",,3,="phase3",balipu-x-aloysius,Balipu x Aloysius,false,false,,,="70853318-f8d7-4b1c-bb6d-895c9ebbe1f2",2026-09-23T11:51:43.518Z,2026-09-23T11:51:43.518Z
292,B: PAYMENT PENDING,,,Sathwik Kamath,sathwikkamath31@gmail.com,="9591178734",="9591178734",="+919591178734",="21",Female,Mangalore,="9591178734",,,WhatsApp,XS,paid,PAID ENTRY,="270",="300",="30",10JSBALIPU,pending,="order_TfQzj1wctAwMK3",,3,="phase3",balipu-x-aloysius,Balipu x Aloysius,false,false,,,="b745f9ee-9d78-4cf3-8513-483b5659c5ce",2026-09-23T09:48:42.339Z,2026-09-23T09:48:42.339Z
293,B: PAYMENT PENDING,,,Sathwik Kamath,balipurunclub@gmail.com,="9845141333",="9845141333",="+919845141333",="21",Male,Mangalore,="9591178734",,,WhatsApp,S,paid,PAID ENTRY,="270",="300",="30",10JSBALIPU,pending,="order_TfQrOg9pSoNpxK",,3,="phase3",balipu-x-aloysius,Balipu x Aloysius,false,false,,,="c02d110e-3076-4c48-9990-398678233464",2026-09-23T09:40:49.286Z,2026-09-23T09:40:49.286Z
294,B: PAYMENT PENDING,,,Diwakar Singh ,diwakarkrhzb09@gmail.com,="7543918543",="7543918543",="+917543918543",="28",Male,Mangalore ,="8969153886",,,Friend / Family,XXL,paid,PAID ENTRY,="300",,="0",,pending,="order_TfLBjS6TUTEWD9",,3,="phase3",balipu-x-aloysius,Balipu x Aloysius,false,false,,,="3c5e8a94-6dce-48a7-ba15-108550c35680",2026-09-23T04:07:54.643Z,2026-09-23T04:07:54.643Z
295,B: PAYMENT PENDING,,,Kaushal L,kaushall2007@gmail.com,="6362381822",="6362381822",="+916362381822",="18",Male,Mangalore ,="6362381822",,,Instagram,XL,paid,PAID ENTRY,="300",,="0",,pending,="order_TfAgPI5fpynbqF",,3,="phase3",balipu-x-aloysius,Balipu x Aloysius,false,false,,,="1fde2911-0135-4626-8903-f23eda42b0cb",2026-09-22T17:51:19.212Z,2026-09-22T17:51:19.212Z
296,B: PAYMENT PENDING,,,Praneetha,praneethanp25@gmail.com,="9019381620",="9019381620",="+919019381620",="17",Female,Mangalore ,="8451999110",,,Instagram,L,paid,PAID ENTRY,="300",,="0",,pending,="order_Tf9TJnM27jDlZ6",,3,="phase3",balipu-x-aloysius,Balipu x Aloysius,false,false,,,="d896d681-d9e0-4c2c-bce5-2f61f48b7274",2026-09-22T16:40:14.162Z,2026-09-22T16:40:14.162Z
297,B: PAYMENT PENDING,,,Shaashwat s,sshashwath68@gmail.com,="6363970860",="6363970860",="+916363970860",="16",Male,Mangalore ,="9164349425",,,Other,XL,paid,PAID ENTRY,="300",,="0",,pending,="order_Tf7M4GWwmaR027",,3,="phase3",balipu-x-aloysius,Balipu x Aloysius,false,false,,,="b286709f-de29-4d88-ba0a-a7792cd46c7a",2026-09-22T14:35:59.105Z,2026-09-22T14:35:59.105Z
298,B: PAYMENT PENDING,,,Aaston lobo ,loboaaston@gmail.com,="7411370147",="7411370147",="+917411370147",="15",Male,Managlore ,="7411370147",,,Other,M,paid,PAID ENTRY,="210",="300",="90",VEER30,pending,="order_Tf7LuGYzSFXNui",,3,="phase3",balipu-x-aloysius,Balipu x Aloysius,false,false,,,="c369a854-464b-4ae4-aa6d-fccc69376282",2026-09-22T14:35:49.941Z,2026-09-22T14:35:49.941Z
299,B: PAYMENT PENDING,,,Sathwik ,sathwikkamath31@gmail.com,="9591178734",="9591178734",="+919591178734",="21",Male,Managlore,="95911787345",,,Instagram,S,paid,PAID ENTRY,="210",="300",="90",VEER30,pending,="order_Tf6OXUFcsklTgf",,3,="phase3",balipu-x-aloysius,Balipu x Aloysius,false,false,,,="23d956cc-ec61-4ee1-88a2-d859cf3b947a",2026-09-22T13:39:37.861Z,2026-09-22T13:39:37.861Z
300,B: PAYMENT PENDING,,,sathwik kamath,sathwikkamath31@gmail.com,="9591178734",="9591178734",="+919591178734",="21",Male,Managalore,="7975380336",,,Friend / Family,L,paid,PAID ENTRY,="300",,="0",,pending,="order_Tf5DcgOWhZeGg7",,3,="phase3",balipu-x-aloysius,Balipu x Aloysius,false,false,,,="38513d26-7631-4b2c-93a6-de0df35e6132",2026-09-22T12:30:36.232Z,2026-09-22T12:30:36.232Z
301,B: PAYMENT PENDING,,,BHAKTHI N,bhakthinbhandary@gmail.com,="9632901649",="9632901649",="+919632901649",="17",Female,manglore ,="9632901649",,,Instagram,M,paid,PAID ENTRY,="300",,="0",,pending,="order_Tf2uYjytU9Q3Nq",,3,="phase3",balipu-x-aloysius,Balipu x Aloysius,false,false,,,="b5afce80-2573-4e4d-ae0a-c1dc1adf7cef",2026-09-22T10:15:10.156Z,2026-09-22T10:15:10.156Z
302,B: PAYMENT PENDING,,,Joyston lobo,joystonlobo24@gmail.com,="+919606271711",="919606271711",="+919606271711",="16",Male,Mangalore ,="9606271711",,,Instagram,XL,paid,PAID ENTRY,="300",,="0",,pending,="order_Tf28Hyrz2RDO8z",,3,="phase3",balipu-x-aloysius,Balipu x Aloysius,false,false,,,="53b06901-6bb7-4ce2-b5f0-878a998fd24f",2026-09-22T09:29:28.392Z,2026-09-22T09:29:28.392Z
303,B: PAYMENT PENDING,,,Manohar s kulal,manu.mulki@gmail.com,="8660809119",="8660809119",="+918660809119",="37",Male,Manglore ,="7899862156",,,Friend / Family,L,paid,PAID ENTRY,="300",,="0",,pending,="order_TewA306OHpVQlO",,3,="phase3",balipu-x-aloysius,Balipu x Aloysius,false,false,,,="7981493e-d0e3-429d-b3b6-0b099b94b161",2026-09-22T03:38:58.573Z,2026-09-22T03:38:58.573Z
304,B: PAYMENT PENDING,,,SAMRUDH,Sudhin.k@hotmail.com,="9901968228",="9901968228",="+919901968228",="14",Male,Sakthi nagara,="9901968228",,,Friend / Family,L,paid,PAID ENTRY,="300",,="0",,pending,="order_TejiJUGHfuCNSx",,3,="phase3",balipu-x-aloysius,Balipu x Aloysius,false,false,,,="8c0e9e7a-48c4-44bf-9816-13d4852e4e6b",2026-09-21T15:28:23.900Z,2026-09-21T15:28:23.900Z
305,B: PAYMENT PENDING,,,Sathvik.k,sathviks242488@gmail.com,="9187598874",="9187598874",="+919187598874",="16",Male,Mangalore ,="9845670609",,,Instagram,L,paid,PAID ENTRY,="300",,="0",,pending,="order_TehNo90H0HfdTE",,3,="phase3",balipu-x-aloysius,Balipu x Aloysius,false,false,,,="9064fece-e656-4b9f-b87d-21ea54040f33",2026-09-21T13:11:35.952Z,2026-09-21T13:11:35.952Z
306,B: PAYMENT PENDING,,,Karthikv shet,karthikshet03@gmail.com,="7204208067",="7204208067",="+917204208067",="20",Male,Mangaluru,="9845240172",,,Instagram,XL,paid,PAID ENTRY,="300",,="0",,pending,="order_Tef4B9KH1prd6r",,3,="phase3",balipu-x-aloysius,Balipu x Aloysius,false,false,,,="9ac390cc-fc2f-444f-8b80-c7e5630ff78c",2026-09-21T10:55:37.794Z,2026-09-21T10:55:37.794Z
307,B: PAYMENT PENDING,,,Jeervitha Devadiga,jeevitha.d18@gmail.com,="9986766641",="9986766641",="+919986766641",="34",Female,Mangalore ,="9620470003",,,Friend / Family,XL,paid,PAID ENTRY,="300",,="0",,pending,="order_TeeYm3mbtukgwA",,3,="phase3",balipu-x-aloysius,Balipu x Aloysius,false,false,,,="a9cc544a-3052-4afc-8a83-d366ef67a652",2026-09-21T10:25:54.005Z,2026-09-21T10:25:54.005Z
308,B: PAYMENT PENDING,,,Ayush Kumar J,ayushkumarj625@gmail.com,="9148658670",="9148658670",="+919148658670",="21",Male,Mangalore ,="9945431735",,,Friend / Family,L,paid,PAID ENTRY,="300",,="0",,pending,="order_TeeAPuvfUB7hrX",,3,="phase3",balipu-x-aloysius,Balipu x Aloysius,false,false,,,="306cb735-d80b-4a8d-a857-f9b6201728ce",2026-09-21T10:02:50.515Z,2026-09-21T10:02:50.515Z
309,B: PAYMENT PENDING,,,Ashish Kumar,ashishh1902@gmail.com,="9449821766",="9449821766",="+919449821766",="16",Male,Mangalore ,="7353079669",,,Instagram,M,paid,PAID ENTRY,="300",,="0",,pending,="order_TeXZUz88an5fnT",,3,="phase3",balipu-x-aloysius,Balipu x Aloysius,false,false,,,="221c2b7f-16bc-4e3e-a83c-b1f997d84b20",2026-09-21T03:35:43.858Z,2026-09-21T03:35:43.858Z
310,B: PAYMENT PENDING,,,Ratnakar V,growthwithratnakar@gmail.com,="9353037553",="9353037553",="+919353037553",="26",Male,Mangalore,="9731106580",,,Previous Balipu Event,L,paid,PAID ENTRY,="300",,="0",,pending,="order_TeNniazFeaujD4",,3,="phase3",balipu-x-aloysius,Balipu x Aloysius,false,false,,,="9cd3d2dc-508f-48c6-a87f-040e411081fa",2026-09-20T18:02:15.380Z,2026-09-20T18:02:15.380Z
311,B: PAYMENT PENDING,,,Ratnakar V,growthwithratnakar@gmail.com,="9353037553",="9353037553",="+919353037553",="26",Male,Mangalore,="9731106580",,,Previous Balipu Event,L,paid,PAID ENTRY,="300",,="0",,pending,="order_TeNnJ65f51r9I9",,3,="phase3",balipu-x-aloysius,Balipu x Aloysius,false,false,,,="ed7fbed2-9b98-46e0-83fa-36fde2d46bfe",2026-09-20T18:01:52.019Z,2026-09-20T18:01:52.019Z
312,B: PAYMENT PENDING,,,Prince,aurevoirkem23@gmail.com,="9605511591",="9605511591",="+919605511591",="19",Male,Mangluru,="9605511591",,,Instagram,XS,paid,PAID ENTRY,="300",,="0",,pending,="order_TeNNrei203rraz",,3,="phase3",balipu-x-aloysius,Balipu x Aloysius,false,false,,,="591cdc74-6728-4119-b9bc-00e34b19804b",2026-09-20T17:37:46.884Z,2026-09-20T17:37:46.884Z
313,B: PAYMENT PENDING,,,Andre paul rodrigues ,andrerods2010@gmail.com,="9591565044",="9591565044",="+919591565044",="16",Male,Mangalore ,="9480054646",,,Instagram,S,paid,PAID ENTRY,="300",,="0",,pending,="order_TeMitnSBrZgArw",,3,="phase3",balipu-x-aloysius,Balipu x Aloysius,false,false,,,="589e935a-6d11-4c22-8623-c71a4fd8ce17",2026-09-20T16:59:00.026Z,2026-09-20T16:59:00.026Z
314,B: PAYMENT PENDING,,,Ashish Kumar,ashishh1902@gmail.com,="9449821766",="9449821766",="+919449821766",="16",Male,Mangaluru,="7353079669",,,Instagram,M,paid,PAID ENTRY,="300",,="0",,pending,="order_TeM4RZpkBSII7x",,3,="phase3",balipu-x-aloysius,Balipu x Aloysius,false,false,,,="0a24cf76-dbb5-4e75-8138-8eaeb3f682f7",2026-09-20T16:20:42.162Z,2026-09-20T16:20:42.162Z
315,B: PAYMENT PENDING,,,Vir surana,Virsurana56@gmail.com,="8217812882",="8217812882",="+918217812882",="15",Male,Mangalore,="9916310071",,,Friend / Family,M,paid,PAID ENTRY,="300",,="0",,pending,="order_TeLoQ7KyyWtdpJ",,3,="phase3",balipu-x-aloysius,Balipu x Aloysius,false,false,,,="955352d8-35e7-4e5f-acc4-9972f165b046",2026-09-20T16:05:32.021Z,2026-09-20T16:05:32.021Z
316,B: PAYMENT PENDING,,,Jaden Keith Dcunha ,dcunhajade12@gmail.com,="7022104600",="7022104600",="+917022104600",="15",Male,Mangaluru,="8296839787",,,College,S,paid,PAID ENTRY,="300",,="0",,pending,="order_TeLXhpUZ3FVxTT",,3,="phase3",balipu-x-aloysius,Balipu x Aloysius,false,false,,,="ef327718-3b4e-462a-827c-324ccd3fb0ad",2026-09-20T15:49:42.646Z,2026-09-20T15:49:42.646Z
317,B: PAYMENT PENDING,,,Jaden Keith Dcunha ,dcunhajade12@gmail.com,="7022104600",="7022104600",="+917022104600",="15",Male,Mangaluru,="8296839787",,,College,S,paid,PAID ENTRY,="300",,="0",,pending,="order_TeLTahnewDx5OQ",,3,="phase3",balipu-x-aloysius,Balipu x Aloysius,false,false,,,="1e8ee3a7-4394-4a46-9992-8bfabdfca29e",2026-09-20T15:45:48.918Z,2026-09-20T15:45:48.918Z
318,B: PAYMENT PENDING,,,Manohar S kulal,manu.mulki@gmail.com,="8660809119",="8660809119",="+918660809119",="37",Male,Manglore ,="7899862156",,,Friend / Family,L,paid,PAID ENTRY,="300",,="0",,pending,="order_TeLFWZwAzFYfHu",,3,="phase3",balipu-x-aloysius,Balipu x Aloysius,false,false,,,="6911023c-b725-4fae-a590-794e6bae4e3c",2026-09-20T15:32:29.929Z,2026-09-20T15:32:29.929Z
319,B: PAYMENT PENDING,,,Manohar S kulal,manu.mulki@gmail.com,="8660809119",="8660809119",="+918660809119",="37",Male,Manglore ,="7899862156",,,Friend / Family,L,paid,PAID ENTRY,="300",,="0",,pending,="order_TeLEOPAKq9sznx",,3,="phase3",balipu-x-aloysius,Balipu x Aloysius,false,false,,,="472c9246-c9ec-4354-b39c-7df5745a46e7",2026-09-20T15:31:25.644Z,2026-09-20T15:31:25.644Z
320,B: PAYMENT PENDING,,,Aebel joseph Abhilash ,aebelvjoseph@gmail.com,="9633851879",="9633851879",="+919633851879",="17",Male,Mangaluru ,="9633851879",,,College,L,paid,PAID ENTRY,="300",,="0",,pending,="order_TeL8HNYYmZ42kv",,3,="phase3",balipu-x-aloysius,Balipu x Aloysius,false,false,,,="cc56ad80-1088-4e28-af25-f176a6de18a1",2026-09-20T15:25:38.406Z,2026-09-20T15:25:38.406Z
321,B: PAYMENT PENDING,,,Aebel joseph Abhilash ,aebelvjoseph@gmail.com,="9633851879",="9633851879",="+919633851879",="17",Male,Mangalore ,="9633851879",,,College,L,paid,PAID ENTRY,="300",,="0",,pending,="order_TeL5MSvitDRccC",,3,="phase3",balipu-x-aloysius,Balipu x Aloysius,false,false,,,="fdf6e42e-d4b3-440d-a66f-0f94e8424ce5",2026-09-20T15:22:52.665Z,2026-09-20T15:22:52.665Z
322,B: PAYMENT PENDING,,,Ashish Kumar,ashishh1902@gmail.com,="9449821766",="9449821766",="+919449821766",="16",Male,Mangaluru,="7353079669",,,Instagram,M,paid,PAID ENTRY,="300",,="0",,pending,="order_TeL17MM0Pzb4AR",,3,="phase3",balipu-x-aloysius,Balipu x Aloysius,false,false,,,="46c4c490-47c0-45de-acfd-07e317ccd2ff",2026-09-20T15:18:51.625Z,2026-09-20T15:18:51.625Z
323,B: PAYMENT PENDING,,,Vaishnavi Amin,vaishnaviamin62@gmail.com,="9900254196",="9900254196",="+919900254196",="16",Female,Mangalore ,="9900254196",,,Friend / Family,M,paid,PAID ENTRY,="300",,="0",,pending,="order_TeKz9EZRxoqU6W",,3,="phase3",balipu-x-aloysius,Balipu x Aloysius,false,false,,,="357d6e24-1669-42ef-bb92-2548e5c67644",2026-09-20T15:16:59.739Z,2026-09-20T15:16:59.739Z
324,B: PAYMENT PENDING,,,Ashish Kumar,ashishh1902@gmail.com,="9449821766",="9449821766",="+919449821766",="16",Male,Mangaluru,="7353079669",,,Instagram,M,paid,PAID ENTRY,="300",,="0",,pending,="order_TeKz1NTBJUvhN6",,3,="phase3",balipu-x-aloysius,Balipu x Aloysius,false,false,,,="8cb2104b-7599-4db7-941d-120df9a6f192",2026-09-20T15:16:52.542Z,2026-09-20T15:16:52.542Z
325,B: PAYMENT PENDING,,,Ashish Kumar,ashishh1902@gmail.com,="9449821766",="9449821766",="+919449821766",="16",Male,Mangaluru,="7353079669",,,Instagram,M,paid,PAID ENTRY,="300",,="0",,pending,="order_TeKwxQVVAIDunt",,3,="phase3",balipu-x-aloysius,Balipu x Aloysius,false,false,,,="7676d816-533d-4d0f-b3e8-9b70b11e590a",2026-09-20T15:14:55.322Z,2026-09-20T15:14:55.322Z
326,B: PAYMENT PENDING,,,Vaishnavi Amin,vaishnaviamin62@gmail.com,="9900254196",="9900254196",="+919900254196",="16",Female,Mangalore ,="9900254196",,,Friend / Family,M,paid,PAID ENTRY,="300",,="0",,pending,="order_TeKvWHGAoeeIFI",,3,="phase3",balipu-x-aloysius,Balipu x Aloysius,false,false,,,="ae2b211c-9834-4c91-b2d3-3439613225bc",2026-09-20T15:13:33.650Z,2026-09-20T15:13:33.650Z
327,B: PAYMENT PENDING,,,Ashish Kumar,ashishh1902@gmail.com,="9449821766",="9449821766",="+919449821766",="16",Male,Mangaluru,="7353079669",,,Instagram,M,paid,PAID ENTRY,="300",,="0",,pending,="order_TeKthdIZ7GkMlL",,3,="phase3",balipu-x-aloysius,Balipu x Aloysius,false,false,,,="e1ed016b-021c-401c-a524-985bc3863e1e",2026-09-20T15:11:50.451Z,2026-09-20T15:11:50.451Z
328,B: PAYMENT PENDING,,,Ashish Kumar,ashishh1902@gmail.com,="9449821766",="9449821766",="+919449821766",="16",Male,Mangaluru,="7353079669",,,Friend / Family,M,paid,PAID ENTRY,="300",,="0",,pending,="order_TeKqAnM7Jk0PX4",,3,="phase3",balipu-x-aloysius,Balipu x Aloysius,false,false,,,="402167f0-d4e7-4b3e-8600-37d991df1efe",2026-09-20T15:08:29.975Z,2026-09-20T15:08:29.975Z
329,B: PAYMENT PENDING,,,Harsha m poojary,ashamanjupoojary86@gmail.com,="8660259161",="8660259161",="+918660259161",="14",Male,Surathkal,="8660259161",,,Friend / Family,M,paid,PAID ENTRY,="300",,="0",,pending,="order_TeKf12A3rBsqPH",,3,="phase3",balipu-x-aloysius,Balipu x Aloysius,false,false,,,="2cdf5d07-88ec-4a12-818c-5bccc034caed",2026-09-20T14:57:56.224Z,2026-09-20T14:57:56.224Z
330,B: PAYMENT PENDING,,,Aryamann M,aryamannm8044@gmail.com,="6361071310",="6361071310",="+916361071310",="18",Male,Mangalore ,="9845449466",,,Friend / Family,M,paid,PAID ENTRY,="300",,="0",,pending,="order_TeKRzKaFzPlNMq",,3,="phase3",balipu-x-aloysius,Balipu x Aloysius,false,false,,,="2e0685f9-1389-4b7f-9243-757cfb7653b9",2026-09-20T14:45:36.260Z,2026-09-20T14:45:36.260Z
331,B: PAYMENT PENDING,,,Joswin c,joswincoutinho@hotmail.com,="7159746533",="7159746533",="+917159746533",="52",Male,Mangalore ,="8217398096",,,Instagram,XL,paid,PAID ENTRY,="300",,="0",,pending,="order_TeKMcsokXL508K",,3,="phase3",balipu-x-aloysius,Balipu x Aloysius,false,false,,,="a6bceb87-fabe-4001-8e43-9899a48e2bed",2026-09-20T14:40:31.694Z,2026-09-20T14:40:31.694Z
332,B: PAYMENT PENDING,,,Shivin,shivinjha@gmail.com,="7204247546",="7204247546",="+917204247546",="16",Male,Mangalore,="7624847546",,,Friend / Family,S,paid,PAID ENTRY,="300",,="0",,pending,="order_TeJs7otbJ9boDg",,3,="phase3",balipu-x-aloysius,Balipu x Aloysius,false,false,,,="1b67719f-d795-4788-8af1-1a9bffa199d6",2026-09-20T14:11:39.228Z,2026-09-20T14:11:39.228Z
333,B: PAYMENT PENDING,,,Krishika,krishikashriyan27@gmail.com,="8792280596",="8792280596",="+918792280596",="16",Female,Surathkal ,="8792280596",,,Instagram,S,paid,PAID ENTRY,="300",,="0",,pending,="order_TeJfWzWsLohfCR",,3,="phase3",balipu-x-aloysius,Balipu x Aloysius,false,false,,,="854e1818-32b1-498d-ad96-1350b73e8bdb",2026-09-20T13:59:43.901Z,2026-09-20T13:59:43.901Z
334,B: PAYMENT PENDING,,,Likith Raj M S,likithrajms@gmail.com,="9900244269",="9900244269",="+919900244269",="18",Male,Mangalore ,="+919900244269",,,Instagram,L,paid,PAID ENTRY,="300",,="0",,pending,="order_TeJdCl7rUAhMQs",,3,="phase3",balipu-x-aloysius,Balipu x Aloysius,false,false,,,="1e0df0d2-5faa-4bb2-a1a8-d9d21b87a33e",2026-09-20T13:57:31.757Z,2026-09-20T13:57:31.757Z
335,B: PAYMENT PENDING,,,Kaneekka Jain ,kaneekka.jain13@gmail.com,="9845252101",="9845252101",="+919845252101",="16",Female,Mangalore ,="9945095190",,,Friend / Family,S,paid,PAID ENTRY,="300",,="0",,pending,="order_TeJaqULzOHrpp2",,3,="phase3",balipu-x-aloysius,Balipu x Aloysius,false,false,,,="162a7529-0921-4703-a2a3-9ad87023867a",2026-09-20T13:55:17.755Z,2026-09-20T13:55:17.755Z
336,B: PAYMENT PENDING,,,Prajwal,kagokulam9591@gmail.com,="9591546350",="9591546350",="+919591546350",="20",Male,Mangalore ,="9740965364",,,Instagram,M,paid,PAID ENTRY,="300",,="0",,pending,="order_TeJYwbT849lgZT",,3,="phase3",balipu-x-aloysius,Balipu x Aloysius,false,false,,,="10270670-262d-4ef5-ab4f-61554d8ec726",2026-09-20T13:53:29.752Z,2026-09-20T13:53:29.752Z
337,B: PAYMENT PENDING,,,Kaneekka Jain ,kaneekka.jain13@gmail.com,="9845252101",="9845252101",="+919845252101",="16",Female,Mangalore ,="9945095190",,,Friend / Family,S,paid,PAID ENTRY,="300",,="0",,pending,="order_TeJYasHAruJs0y",,3,="phase3",balipu-x-aloysius,Balipu x Aloysius,false,false,,,="ed7949be-dceb-43c8-939c-b0e0e8f3aeb6",2026-09-20T13:53:09.843Z,2026-09-20T13:53:09.843Z
338,B: PAYMENT PENDING,,,Atif shayan,athifshayan577@gmail.com,="8722265430",="8722265430",="+918722265430",="20",Male,Mangaluru ,="7899463557",,,Instagram,M,paid,PAID ENTRY,="300",,="0",,pending,="order_TeJV8GQdfv0Jjg",,3,="phase3",balipu-x-aloysius,Balipu x Aloysius,false,false,,,="8970601d-71d9-420b-b429-17c2d8246534",2026-09-20T13:49:53.235Z,2026-09-20T13:49:53.235Z
339,B: PAYMENT PENDING,,,Mohammad Arsalaan Aslam,arsalaan.aslam1@gmail.com,="7624954730",="7624954730",="+917624954730",="17",Male,Mangalore ,="9945537818",,,Instagram,XL,paid,PAID ENTRY,="300",,="0",,pending,="order_TeIZcO80RtKC0b",,3,="phase3",balipu-x-aloysius,Balipu x Aloysius,false,false,,,="fac28327-5d7f-42a3-bb1e-b5b8bdead45d",2026-09-20T12:55:26.420Z,2026-09-20T12:55:26.420Z
340,B: PAYMENT PENDING,,,Aneesh Achar,aneesh.achar4@gmail.com,="9611417360",="9611417360",="+919611417360",="38",Male,Manipal,="8951395585",,,Instagram,XL,paid,PAID ENTRY,="300",,="0",,pending,="order_TeHmUMKioHke1s",,3,="phase3",balipu-x-aloysius,Balipu x Aloysius,false,false,,,="bccf996a-aeb0-4446-af7a-af9ab14673a7",2026-09-20T12:08:55.848Z,2026-09-20T12:08:55.848Z
341,B: PAYMENT PENDING,,,Jeevith L,jeevithl83@gmail.com,="9620677687",="9620677687",="+919620677687",="27",Male,Mangalore ,="9663832722",,,Instagram,M,paid,PAID ENTRY,="300",,="0",,pending,="order_TeFA3SrhAig905",,3,="phase3",balipu-x-aloysius,Balipu x Aloysius,false,false,,,="7f57d4db-a87b-4ec9-ad79-e25ea1b67d71",2026-09-20T09:35:09.577Z,2026-09-20T09:35:09.577Z
342,B: PAYMENT PENDING,,,Aiden Roger Monteiro,monteiroaiden4@gmail.com,="8050124702",="8050124702",="+918050124702",="16",Male,Bantwal,="7204204702 ",,,Friend / Family,L,paid,PAID ENTRY,="300",,="0",,pending,="order_TeCaWKlC8OwjBV",,3,="phase3",balipu-x-aloysius,Balipu x Aloysius,false,false,,,="292cf783-206c-4a58-b62b-a0b2fe9fd424",2026-09-20T07:04:07.997Z,2026-09-20T07:04:07.997Z
343,B: PAYMENT PENDING,,,Drishti devanand,zema50021@gmail.com,="+91 95914 51644",="919591451644",="+919591451644",="18",Female,Mangalore,="9964641644",,,Instagram,S,paid,PAID ENTRY,="300",,="0",,pending,="order_Te7kuWMrmqummh",,3,="phase3",balipu-x-aloysius,Balipu x Aloysius,false,false,,,="e24afd16-0b3b-497c-8e52-dd6a6fc3b589",2026-09-20T02:20:30.084Z,2026-09-20T02:20:30.084Z
344,B: PAYMENT PENDING,,,Sujan ,sugandhiraja115@gmail.com,="7760446908",="7760446908",="+917760446908",="14",Male,Mangalore ,="7795805115",,,Instagram,M,paid,PAID ENTRY,="300",,="0",,pending,="order_Tdxru1Hl9axfl9",,3,="phase3",balipu-x-aloysius,Balipu x Aloysius,false,false,,,="d2d1e175-d66c-474f-9e38-c51e1dce3a5b",2026-09-19T16:40:11.069Z,2026-09-19T16:40:11.069Z
345,B: PAYMENT PENDING,,,Aiden Monteiro,monteiroaiden4@gmail.com,="08050124702",="08050124702",="+918050124702",="16",Male,Bantwal,="7204204702",,,Friend / Family,L,paid,PAID ENTRY,="300",,="0",,pending,="order_Tdxe3f0uEViNTl",,3,="phase3",balipu-x-aloysius,Balipu x Aloysius,false,false,,,="fdfbc848-3f82-4ccd-80fc-77cbfeb34095",2026-09-19T16:27:04.699Z,2026-09-19T16:27:04.699Z
346,B: PAYMENT PENDING,,,Aiden Monteiro,monteiroaiden4@gmail.com,="08050124702",="08050124702",="+918050124702",="16",Male,Bantwal,="7204204702",,,Friend / Family,L,paid,PAID ENTRY,="300",,="0",,pending,="order_Tdxd4T5QVaZxsT",,3,="phase3",balipu-x-aloysius,Balipu x Aloysius,false,false,,,="250065ba-cb00-4794-89e7-4330611a90d0",2026-09-19T16:26:08.637Z,2026-09-19T16:26:08.637Z
347,B: PAYMENT PENDING,,,Aiden Monteiro,monteiroaiden4@gmail.com,="08050124702",="08050124702",="+918050124702",="16",Male,Bantwal,="7204204702",,,Friend / Family,L,paid,PAID ENTRY,="300",,="0",,pending,="order_Tdxcty15kvK1DX",,3,="phase3",balipu-x-aloysius,Balipu x Aloysius,false,false,,,="6c395514-cb07-4e20-afa9-530a7299df8d",2026-09-19T16:25:59.028Z,2026-09-19T16:25:59.028Z
348,B: PAYMENT PENDING,,,Aiden Roger Monteiro,monteiroaiden4@gmail.com,="7204204702",="7204204702",="+917204204702",="16",Male,Batwal ,="7304204702",,,Friend / Family,L,paid,PAID ENTRY,="300",,="0",,pending,="order_TdxaaTiws8TdbL",,3,="phase3",balipu-x-aloysius,Balipu x Aloysius,false,false,,,="f8493241-c9ca-4b2f-a64c-628a06604207",2026-09-19T16:23:47.566Z,2026-09-19T16:23:47.566Z
349,B: PAYMENT PENDING,,,Daksh S Shet,dakshsshet@gmail.com,="8073250139",="8073250139",="+918073250139",="18",Male,Mangalore ,="7353756161",,,Friend / Family,L,paid,PAID ENTRY,="300",,="0",,pending,="order_TdwimfXq53Z7Wt",,3,="phase3",balipu-x-aloysius,Balipu x Aloysius,false,false,,,="870bca37-45eb-4480-bcc3-ecfbf7d597c4",2026-09-19T15:32:51.535Z,2026-09-19T15:32:51.535Z
350,B: PAYMENT PENDING,,,Yash,naikheera10@gmail.com,="8660493704",="8660493704",="+918660493704",="16",Male,Mangaluru,="8660493702",,,Instagram,L,paid,PAID ENTRY,="300",,="0",,pending,="order_TdtIWG2JSNY5rT",,3,="phase3",balipu-x-aloysius,Balipu x Aloysius,false,false,,,="212ac9fc-f286-49a3-ac3c-49afa95cd87b",2026-09-19T12:11:54.831Z,2026-09-19T12:11:54.831Z
351,B: PAYMENT PENDING,,,Shivin,shivinjha@gmail.com,="7204247546",="7204247546",="+917204247546",="16",Male,Mangalore ,="7624847546",,,Friend / Family,S,paid,PAID ENTRY,="300",,="0",,pending,="order_Tdr8LMv1XuLxJN",,3,="phase3",balipu-x-aloysius,Balipu x Aloysius,false,false,,,="72f1b2ea-5d42-433d-94b0-e505eccb8b18",2026-09-19T10:04:53.627Z,2026-09-19T10:04:53.627Z
352,B: PAYMENT PENDING,,,Shrishail basappa dhodamal ,shrishaildhodamal688@gmail.com,="8983008440",="8983008440",="+918983008440",="19",Male,Belagavi ,="9421184440",,,College,XL,paid,PAID ENTRY,="300",,="0",,pending,="order_TdqbkqKCdmazcw",,3,="phase3",balipu-x-aloysius,Balipu x Aloysius,false,false,,,="bf2d5a21-7bb7-46c7-9223-2510d06c7958",2026-09-19T09:34:02.561Z,2026-09-19T09:34:02.561Z
353,B: PAYMENT PENDING,,,Aditi.s,aditijyothi123@gmail.com,="8310687805",="8310687805",="+918310687805",="16",Female,Mangalore ,="831-0687805",,,Friend / Family,S,paid,PAID ENTRY,="300",,="0",,pending,="order_TdnXUuDn7mQQA6",,3,="phase3",balipu-x-aloysius,Balipu x Aloysius,false,false,,,="cd75adda-a587-47b8-808a-12298c46be81",2026-09-19T06:33:55.915Z,2026-09-19T06:33:55.915Z
354,B: PAYMENT PENDING,,,Aditi.s,aditijyothi123@gmail.com,="8310687805",="8310687805",="+918310687805",="16",Female,Mangalore ,="8310687805",,,Instagram,M,paid,PAID ENTRY,="300",,="0",,pending,="order_Tdn92odF5F7o3L",,3,="phase3",balipu-x-aloysius,Balipu x Aloysius,false,false,,,="e422025a-d878-4c5c-a4c4-1e0b32865bd6",2026-09-19T06:10:46.973Z,2026-09-19T06:10:46.973Z
355,B: PAYMENT PENDING,,,PRAPTI,praptinaik688@gmail.com,="9353549936",="9353549936",="+919353549936",="24",Female,Mangalore ,="9886021237",,,Instagram,M,paid,PAID ENTRY,="300",,="0",,pending,="order_TdlPQ3clepV0Jt",,3,="phase3",balipu-x-aloysius,Balipu x Aloysius,false,false,,,="2ba472ab-770b-42e0-82e6-ffcf2462c102",2026-09-19T04:28:53.841Z,2026-09-19T04:28:53.841Z
356,B: PAYMENT PENDING,,,Dev,deevish3@gmail.com,="7411405805",="7411405805",="+917411405805",="18",Male,Mangalore ,="+917411405805",,,Instagram,M,paid,PAID ENTRY,="300",,="0",,pending,="order_TdlLGVTVfna6ut",,3,="phase3",balipu-x-aloysius,Balipu x Aloysius,false,false,,,="c7c13fc2-e26f-4f9a-aee1-b791e4ea6675",2026-09-19T04:24:57.889Z,2026-09-19T04:24:57.889Z
357,B: PAYMENT PENDING,,,Nithin,nithinkingcr67@gmail.com,="7022025218",="7022025218",="+917022025218",="16",Female,Mangalore ,="7022025218",,,College,S,paid,PAID ENTRY,="300",,="0",,pending,="order_Tdk9zi3m82hHQt",,3,="phase3",balipu-x-aloysius,Balipu x Aloysius,false,false,,,="b651d3cf-89a3-46ef-b0c2-3edc8cf709d5",2026-09-19T03:15:36.078Z,2026-09-19T03:15:36.078Z
358,B: PAYMENT PENDING,,,Binoj Rego,binoj.rego@gmail.com,="9606200265",="9606200265",="+919606200265",="37",Male,Mangalore,="+919606200265",,,Friend / Family,L,paid,PAID ENTRY,="300",,="0",,pending,="order_TdbJwI2h2kCLYe",,3,="phase3",balipu-x-aloysius,Balipu x Aloysius,false,false,,,="6e5bdb78-4198-4b32-9ad3-2a4bbb7cbe94",2026-09-18T18:36:46.416Z,2026-09-18T18:36:46.416Z
359,B: PAYMENT PENDING,,,Elton Glenvill Pinto,eltonpinto156@gmail.com,="9480347423",="9480347423",="+919480347423",="27",Male,Mangaluru,="9483437723",,,Instagram,L,paid,PAID ENTRY,="300",,="0",,pending,="order_Tdb9TDqncyVSer",,3,="phase3",balipu-x-aloysius,Balipu x Aloysius,false,false,,,="bf7d1b53-d8c5-445c-9cfd-d1092fc750eb",2026-09-18T18:26:51.784Z,2026-09-18T18:26:51.784Z
360,B: PAYMENT PENDING,,,Akarsh,akarshop2336@gmail.com,="7204991644",="7204991644",="+917204991644",="17",Male,Mangaluru ,="7204991644",,,Instagram,M,paid,PAID ENTRY,="250",,="0",,pending,="order_TdadWfOj3By11k",,2,="phase2",balipu-x-aloysius,Balipu x Aloysius,false,false,,,="249d59d1-492a-4892-8b6e-16df0218e55e",2026-09-18T17:56:37.335Z,2026-09-18T17:56:37.335Z
361,B: PAYMENT PENDING,,,Karthik V Shetty ,karthikshetty01129@gmail.com,="7411713386",="7411713386",="+917411713386",="16",Male,Mangaluru,="9877880796",,,College,L,paid,PAID ENTRY,="200",="250",="50",JS20,pending,="order_TdYDPs4LD3KKHe",,2,="phase2",balipu-x-aloysius,Balipu x Aloysius,false,false,,,="46be9eb2-967e-44f8-9058-df366bd954f4",2026-09-18T15:34:31.076Z,2026-09-18T15:34:31.076Z
362,B: PAYMENT PENDING,,,Nithin,nithinkingcr67@gmail.com,="7022925218",="7022925218",="+917022925218",="16",Female,Mangalore ,="7022025218",,,College,M,paid,PAID ENTRY,="250",,="0",,pending,="order_TdWyCvy4FuoMWm",,2,="phase2",balipu-x-aloysius,Balipu x Aloysius,false,false,,,="386a3697-4e0c-4541-a46b-9c16190385d6",2026-09-18T14:21:25.603Z,2026-09-18T14:21:25.603Z
363,B: PAYMENT PENDING,,,Saanvi Hegde,saanvihege7@gmail.com,="6364002588",="6364002588",="+916364002588",="16",Female,Mangaluru,="9980436784",,,Friend / Family,M,paid,PAID ENTRY,="250",,="0",,pending,="order_TdWrn0JZfbhi9U",,2,="phase2",balipu-x-aloysius,Balipu x Aloysius,false,false,,,="af747dce-2a9f-4e32-9303-91e7803a06a6",2026-09-18T14:15:21.043Z,2026-09-18T14:15:21.043Z
364,B: PAYMENT PENDING,,,Himani MS ,himanims67@gmail.com,="8317406450",="8317406450",="+918317406450",="16",Female,Mangalore ,="9535545573",,,Friend / Family,M,paid,PAID ENTRY,="250",,="0",,pending,="order_TdWpxnwVZJitc9",,2,="phase2",balipu-x-aloysius,Balipu x Aloysius,false,false,,,="19cdb719-a1af-4282-9d10-f824939f9b2d",2026-09-18T14:13:37.354Z,2026-09-18T14:13:37.354Z
365,B: PAYMENT PENDING,,,Saanvi Hegde,saanvihege7@gmail.com,="6364002588",="6364002588",="+916364002588",="16",Female,Mangalore ,="9980436784",,,Friend / Family,M,paid,PAID ENTRY,="250",,="0",,pending,="order_TdWnwgkCepqfOL",,2,="phase2",balipu-x-aloysius,Balipu x Aloysius,false,false,,,="1978ec66-f159-4dde-beba-504f57cfbc0d",2026-09-18T14:11:42.719Z,2026-09-18T14:11:42.719Z
366,B: PAYMENT PENDING,,,Vea Jovita Mascarenhas,veamascarenhas@gmail.com,="8867618355",="8867618355",="+918867618355",="22",Female,Mangalore,="63613 36454",,,Instagram,M,paid,PAID ENTRY,="200",="250",="50",JS20,pending,="order_TdPTIvc3rYOHF4",,2,="phase2",balipu-x-aloysius,Balipu x Aloysius,false,false,,,="6408da69-ca28-489d-be8b-209f840c6dc3",2026-09-18T07:01:19.124Z,2026-09-18T07:01:19.124Z
367,B: PAYMENT PENDING,,,Tejas D Salian,tejas.d.salian@gmail.com,="6364032868",="6364032868",="+916364032868",="24",Male,Mangaluru,="8867618354",,,Friend / Family,M,paid,PAID ENTRY,="200",="250",="50",JS20,pending,="order_TdPPxz2fSYwAUS",,2,="phase2",balipu-x-aloysius,Balipu x Aloysius,false,false,,,="3371c522-af2a-4d9b-ba1a-f2e370bb83fb",2026-09-18T06:58:09.395Z,2026-09-18T06:58:09.395Z
368,B: PAYMENT PENDING,,,Lestol Pinto,lestolpinto@gmail.com,="8088976716",="8088976716",="+918088976716",="18",Male,Mangalore,="6361336454",,,Instagram,M,paid,PAID ENTRY,="200",="250",="50",JS20,pending,="order_TdNIp0VKMRaUen",,2,="phase2",balipu-x-aloysius,Balipu x Aloysius,false,false,,,="3f2122a0-68ea-42cd-9418-334f97aa921a",2026-09-18T04:54:00.346Z,2026-09-18T04:54:00.346Z
369,B: PAYMENT PENDING,,,Arvin,lasradoarvin@gmail.com,="7019761975",="7019761975",="+917019761975",="18",Male,Mangaluru,="7019761975",,,Instagram,L,paid,PAID ENTRY,="250",,="0",,pending,="order_TdLrSuAYDLmZqH",,2,="phase2",balipu-x-aloysius,Balipu x Aloysius,false,false,,,="deb0bd53-4f41-4896-a422-8bd017b08d05",2026-09-18T03:29:24.869Z,2026-09-18T03:29:24.869Z
370,B: PAYMENT PENDING,,,Sunil kumar,sksunilkumarsk1047@gmail.com,="9606909280",="9606909280",="+919606909280",="16",Male,Mangaluru,="9916228050",,,Instagram,M,paid,PAID ENTRY,="250",,="0",,pending,="order_TdJkyFMZ2IJMyZ",,2,="phase2",balipu-x-aloysius,Balipu x Aloysius,false,false,,,="63be908c-e936-4b98-bba5-6b885ce15f01",2026-09-18T01:25:52.755Z,2026-09-18T01:25:52.755Z
371,B: PAYMENT PENDING,,,Leora Dsilva,dsilva.leora10@gmail.com,="8970204410",="8970204410",="+918970204410",="16",Female,Mangaluru,="8970204410",,,Friend / Family,M,paid,PAID ENTRY,="250",,="0",,pending,="order_TdCAxfbCuegxjh",,2,="phase2",balipu-x-aloysius,Balipu x Aloysius,false,false,,,="37608a0f-9043-41e1-adee-cc8b9532e05d",2026-09-17T18:00:56.129Z,2026-09-17T18:00:56.129Z
372,B: PAYMENT PENDING,,,Leora Dsilva,dsilva.leora10@gmail.com,="8970204410",="8970204410",="+918970204410",="16",Female,Mangaluru,="8970204410",,,Friend / Family,M,paid,PAID ENTRY,="250",,="0",,pending,="order_TdC7gav7nNvXbr",,2,="phase2",balipu-x-aloysius,Balipu x Aloysius,false,false,,,="f533ba27-686a-41fa-98ec-5d6ac650cdef",2026-09-17T17:57:50.091Z,2026-09-17T17:57:50.091Z
373,B: PAYMENT PENDING,,,Leora Dsilva,dsilva.leora10@gmail.com,="8970204410",="8970204410",="+918970204410",="16",Female,Mamgaluru,="8970204410",,,Friend / Family,M,paid,PAID ENTRY,="250",,="0",,pending,="order_TdC2VFNxvLUQou",,2,="phase2",balipu-x-aloysius,Balipu x Aloysius,false,false,,,="d3bfd15e-8c77-4c34-b9f0-bf8a8d926bf8",2026-09-17T17:52:55.675Z,2026-09-17T17:52:55.675Z
374,B: PAYMENT PENDING,,,Drishti Devanand ,drishti7002@gmail.com,="+91 95914 51644",="919591451644",="+919591451644",="18",Female,Mangalore,="9964641644",,,Instagram,S,paid,PAID ENTRY,="200",="250",="50",JS20,pending,="order_Td9bA0nppFEztQ",,2,="phase2",balipu-x-aloysius,Balipu x Aloysius,false,false,,,="8509fee7-cb16-4094-ac2a-eb916dad1a25",2026-09-17T15:29:39.384Z,2026-09-17T15:29:39.384Z
375,B: PAYMENT PENDING,,,Drishti Devanand ,drishti7002@gmail.com,="+91 95914 51644",="919591451644",="+919591451644",="18",Female,Mangalore,="9964641644",,,Instagram,S,paid,PAID ENTRY,="200",="250",="50",JS20,pending,="order_Td9Z8NcLiO7Fro",,2,="phase2",balipu-x-aloysius,Balipu x Aloysius,false,false,,,="99a3286e-31c4-45ae-9b6f-640936433a48",2026-09-17T15:27:44.285Z,2026-09-17T15:27:44.285Z
376,B: PAYMENT PENDING,,,Sanika SM,sanikasm777@gmail.com,="7338352986",="7338352986",="+917338352986",="17",Female,Mangalore,="9535624463",,,Instagram,S,paid,PAID ENTRY,="250",,="0",,pending,="order_Td9Z17lBLcIsAS",,2,="phase2",balipu-x-aloysius,Balipu x Aloysius,false,false,,,="54944391-7353-4fff-ae33-25c3b96e35d6",2026-09-17T15:27:37.647Z,2026-09-17T15:27:37.647Z
377,B: PAYMENT PENDING,,,SOHAN.L.P ,lathishpoojary07@gmail.com,="7829500047",="7829500047",="+917829500047",="14",Male,Mangalore ,="9110681867",,,WhatsApp,S,paid,PAID ENTRY,="200",="250",="50",JS20,pending,="order_Td4xIvozUfpjJJ",,2,="phase2",balipu-x-aloysius,Balipu x Aloysius,false,false,,,="8c5c279c-84ac-479f-b7c5-faebacd2b54d",2026-09-17T10:57:09.089Z,2026-09-17T10:57:09.089Z
378,B: PAYMENT PENDING,,,Pratheeksha k,pratheeksha1301@gmail.com,="8123997340",="8123997340",="+918123997340",="25",Female,Mangalore ,="+91 78927 14913",,,Friend / Family,M,paid,PAID ENTRY,="250",,="0",,pending,="order_TczAp6Gl8O7L8S",,2,="phase2",balipu-x-aloysius,Balipu x Aloysius,false,false,,,="cce95e15-179b-4073-a967-2d92aacdca6a",2026-09-17T05:17:47.274Z,2026-09-17T05:17:47.274Z
379,B: PAYMENT PENDING,,,SIDDHARATHA G,itzsid01@gmail.com,="9483614299",="9483614299",="+919483614299",="18",Male,Manglore ,="+919483614299",,,College,M,paid,PAID ENTRY,="250",,="0",,pending,="order_TcuwGyji1InODL",,2,="phase2",balipu-x-aloysius,Balipu x Aloysius,false,false,,,="aab3082a-df1a-4c8d-bfa8-241217570626",2026-09-17T01:09:14.352Z,2026-09-17T01:09:14.352Z
380,B: PAYMENT PENDING,,,Anusha Rao,ar.anusharao@gmail.com,="9482629365",="9482629365",="+919482629365",="27",Female,Mangalore,="9900444365",,,Instagram,XS,paid,PAID ENTRY,="250",,="0",,pending,="order_TcrNDld9Bimn1E",,2,="phase2",balipu-x-aloysius,Balipu x Aloysius,false,false,,,="648cdd1f-44d5-40d4-9ace-390cf7cd0ec3",2026-09-16T21:39:58.564Z,2026-09-16T21:39:58.564Z
381,B: PAYMENT PENDING,,,Sarah Theresa Andrade ,sarahallwynandrade2021@gmail.com,="7506278425",="7506278425",="+917506278425",="15",Female,Manglore ,="7506217022",,,Instagram,M,paid,PAID ENTRY,="250",,="0",,pending,="order_TclTHVRCYizExU",,2,="phase2",balipu-x-aloysius,Balipu x Aloysius,false,false,,,="b10b5f61-2b38-497f-848e-9005883f743b",2026-09-16T15:53:33.100Z,2026-09-16T15:53:33.100Z
382,B: PAYMENT PENDING,,,Atif shayan,athifshayan577@gmail.com,="8722265430",="8722265430",="+918722265430",="20",Male,Mangaluru ,="7899463557",,,Instagram,S,paid,PAID ENTRY,="250",,="0",,pending,="order_TclK5yykNlfSTu",,2,="phase2",balipu-x-aloysius,Balipu x Aloysius,false,false,,,="bcb2ff37-3df6-497f-800a-af0fe22ad7e8",2026-09-16T15:44:51.353Z,2026-09-16T15:44:51.353Z
383,B: PAYMENT PENDING,,,Athena Brigette khan,hrmpreethi26@gmail.com,="8296310226",="8296310226",="+918296310226",="14",Female,Mangalore ,="9591463065",,,Friend / Family,M,paid,PAID ENTRY,="250",,="0",,pending,="order_TclINgZV8TuJNj",,2,="phase2",balipu-x-aloysius,Balipu x Aloysius,false,false,,,="b3ed450e-7a0d-4a71-bd16-6565b9b9e4ec",2026-09-16T15:43:13.961Z,2026-09-16T15:43:13.961Z
384,B: PAYMENT PENDING,,,Dhruuvin V Shetty,sumasshetty123@gmail.com,="9901984689",="9901984689",="+919901984689",="16",Male,Mangalore ,="9901984689",,,College,M,paid,PAID ENTRY,="250",,="0",,pending,="order_TckVizfnUQNWEt",,2,="phase2",balipu-x-aloysius,Balipu x Aloysius,false,false,,,="0d9220fb-0714-48f3-a389-2e9dc1651e45",2026-09-16T14:57:10.264Z,2026-09-16T14:57:10.264Z
385,B: PAYMENT PENDING,,,Dhruuvin V Shetty,sumasshetty123@gmail.com,="9901984689",="9901984689",="+919901984689",="16",Male,Mangalore ,="9901984689",,,College,M,paid,PAID ENTRY,="250",,="0",,pending,="order_TckTnW5XJMXM67",,2,="phase2",balipu-x-aloysius,Balipu x Aloysius,false,false,,,="5dae2683-6ace-451e-8ad7-551de1bf322b",2026-09-16T14:55:20.832Z,2026-09-16T14:55:20.832Z
386,B: PAYMENT PENDING,,,Drishti Devanand ,drishti7002@gmail.com,="9591451644",="9591451644",="+919591451644",="18",Female,Mangalore,="9964641644",,,Instagram,S,paid,PAID ENTRY,="200",="250",="50",JS20,pending,="order_TcjX7Gu82sKCTy",,2,="phase2",balipu-x-aloysius,Balipu x Aloysius,false,false,,,="bdbc4f18-2815-47d0-a2d5-4b2cd6c99f34",2026-09-16T13:59:47.699Z,2026-09-16T13:59:47.699Z
387,B: PAYMENT PENDING,,,Sarah Theresa Andrade ,sarahallwynandrade2021@gmail.com,="7506278425",="7506278425",="+917506278425",="15",Female,Mangaluru ,="7506217022",,,Instagram,M,paid,PAID ENTRY,="250",,="0",,pending,="order_TchctD17uGU16h",,2,="phase2",balipu-x-aloysius,Balipu x Aloysius,false,false,,,="e731de0d-5441-40b3-ab68-1b2e729ef317",2026-09-16T12:07:52.390Z,2026-09-16T12:07:52.390Z
388,B: PAYMENT PENDING,,,Mohammed shaheed ,mohammedshaheed6245@gmail.com,="7411714664",="7411714664",="+917411714664",="17",Male,Mangalore ,="7411714664",,,Instagram,L,paid,PAID ENTRY,="250",,="0",,pending,="order_TcebjVAGnG0lfk",,2,="phase2",balipu-x-aloysius,Balipu x Aloysius,false,false,,,="a45a2585-e6c7-4be3-903e-92b8d040feb5",2026-09-16T09:10:41.844Z,2026-09-16T09:10:41.844Z
389,B: PAYMENT PENDING,,,Meghana,meghanashetty083@gmail.com,="8088065211",="8088065211",="+918088065211",="20",Female,Managlore ,="9353800845",,,Friend / Family,XS,paid,PAID ENTRY,="200",="250",="50",JS20,pending,="order_TcdhBsH5zrYc8Z",,2,="phase2",balipu-x-aloysius,Balipu x Aloysius,false,false,,,="b01dcd3f-1f0b-4e21-bb4f-257f68bf2d4f",2026-09-16T08:17:10.238Z,2026-09-16T08:17:10.238Z
390,B: PAYMENT PENDING,,,Melwyn D Souza,melwyndsouza12@gmail.com,="9731631096",="9731631096",="+919731631096",="33",Male,Mangalore,="9731631096",,,Friend / Family,XL,paid,PAID ENTRY,="250",,="0",,pending,="order_TcXHaCtiZvhrlv",,2,="phase2",balipu-x-aloysius,Balipu x Aloysius,false,false,,,="e68677f2-a056-4f4e-8715-687f5f1d7c25",2026-09-16T02:00:46.021Z,2026-09-16T02:00:46.021Z
391,B: PAYMENT PENDING,,,Melwyn D Souza,melwyndsouza12@gmail.com,="9731631096",="9731631096",="+919731631096",="33",Male,Mangalore,="9731631096",,,Friend / Family,XL,paid,PAID ENTRY,="250",,="0",,pending,="order_TcXGnkfEgjSDX1",,2,="phase2",balipu-x-aloysius,Balipu x Aloysius,false,false,,,="442f0d7f-3936-40ba-ae68-f5c9a5d1bfb3",2026-09-16T02:00:01.630Z,2026-09-16T02:00:01.630Z
392,B: PAYMENT PENDING,,,Josna,roopalynaldsouza@gmail.com,="9845364827",="9845364827",="+919845364827",="16",Female,Mangalore ,="9845364827",,,Friend / Family,M,paid,PAID ENTRY,="250",,="0",,pending,="order_TcXBAWMQhdQC9y",,2,="phase2",balipu-x-aloysius,Balipu x Aloysius,false,false,,,="fa26f505-6896-44ae-9474-130ea9934809",2026-09-16T01:54:41.690Z,2026-09-16T01:54:41.690Z
393,B: PAYMENT PENDING,,,Larissa,roopalynaldsouza@gmail.com,="9845364827",="9845364827",="+919845364827",="16",Female,Mangalore ,="9845364827",,,Friend / Family,M,paid,PAID ENTRY,="250",,="0",,pending,="order_TcX8qif1kL25lv",,2,="phase2",balipu-x-aloysius,Balipu x Aloysius,false,false,,,="8b73d239-9e02-4126-ae4e-9f2408e194c1",2026-09-16T01:52:29.947Z,2026-09-16T01:52:29.947Z
394,B: PAYMENT PENDING,,,Larissa,roopalynaldsouza@gmail.com,="9845364827",="9845364827",="+919845364827",="16",Female,Mangalore ,="9164666379",,,Friend / Family,M,paid,PAID ENTRY,="250",,="0",,pending,="order_TcX28L85g0DkN5",,2,="phase2",balipu-x-aloysius,Balipu x Aloysius,false,false,,,="a8493ac0-8e61-4c0f-a8d1-db1267c733b2",2026-09-16T01:46:08.490Z,2026-09-16T01:46:08.490Z
395,B: PAYMENT PENDING,,,Larissa,julianapinto0303@gmail.com,="9845364827",="9845364827",="+919845364827",="16",Female,Mangalore ,="9845364827",,,Friend / Family,M,paid,PAID ENTRY,="250",,="0",,pending,="order_TcWGWseGQBwfAH",,2,="phase2",balipu-x-aloysius,Balipu x Aloysius,false,false,,,="ca44d711-bae2-4a98-b250-4eae66559e69",2026-09-16T01:01:04.561Z,2026-09-16T01:01:04.561Z
396,B: PAYMENT PENDING,,,Aiden Roger Monteiro ,monteiroaiden4@gmail.com,="8050124702",="8050124702",="+918050124702",="16",Male,Bantwal ,="7204204702",,,Friend / Family,L,paid,PAID ENTRY,="250",,="0",,pending,="order_TcW6UAByDSYh1s",,2,="phase2",balipu-x-aloysius,Balipu x Aloysius,false,false,,,="6c6cd86f-f74e-4a31-b754-9022bebbb93a",2026-09-16T00:51:34.069Z,2026-09-16T00:51:34.069Z
397,B: PAYMENT PENDING,,,Pratham P Acharya ,acharyaprathamp@gmail.com,="7019542369",="7019542369",="+917019542369",="17",Male,Mangaluru,="7019542369",,,Friend / Family,M,paid,PAID ENTRY,="250",,="0",,pending,="order_TcObfr40xNA1dS",,2,="phase2",balipu-x-aloysius,Balipu x Aloysius,false,false,,,="276ab836-fd33-46ca-a123-4102154dd682",2026-09-15T17:31:32.668Z,2026-09-15T17:31:32.668Z
398,B: PAYMENT PENDING,,,Pratham P Acharya ,acharyaprathamp@gmail.com,="7019542369",="7019542369",="+917019542369",="17",Male,Mangaluru,="7019542369",,,Friend / Family,M,paid,PAID ENTRY,="250",,="0",,pending,="order_TcOalwg1gdaPRY",,2,="phase2",balipu-x-aloysius,Balipu x Aloysius,false,false,,,="f845331b-ca5d-4689-ba66-eabaf6aab011",2026-09-15T17:30:41.493Z,2026-09-15T17:30:41.493Z
399,B: PAYMENT PENDING,,,Larissa ,roopalynaldsouza@gmail.com,="9164666379",="9164666379",="+919164666379",="16",Female,Mangalore ,="9164666379",,,Friend / Family,M,paid,PAID ENTRY,="250",,="0",,pending,="order_TcNOsNaUMr0dDE",,2,="phase2",balipu-x-aloysius,Balipu x Aloysius,false,false,,,="6c87c452-482d-4708-b024-3376462364ec",2026-09-15T16:20:44.131Z,2026-09-15T16:20:44.131Z
400,B: PAYMENT PENDING,,,Larissa,roopalynaldsouza@gmail.com,="9164666379",="9164666379",="+919164666379",="16",Female,Mangalore ,="9164666379",,,Friend / Family,M,paid,PAID ENTRY,="250",,="0",,pending,="order_TcNMpMhiBdzQol",,2,="phase2",balipu-x-aloysius,Balipu x Aloysius,false,false,,,="58f49ec0-533e-45e8-ade7-3ca426e67930",2026-09-15T16:18:47.762Z,2026-09-15T16:18:47.762Z
401,B: PAYMENT PENDING,,,Larissa,julianapinto0303@gmail.com,="9845364827",="9845364827",="+919845364827",="16",Female,Mangalore,="9164666379",,,Friend / Family,M,paid,PAID ENTRY,="250",,="0",,pending,="order_TcNK5rHP3b7wpN",,2,="phase2",balipu-x-aloysius,Balipu x Aloysius,false,false,,,="a15c942b-7b83-443b-995f-ded2a94ec412",2026-09-15T16:16:12.487Z,2026-09-15T16:16:12.487Z
402,B: PAYMENT PENDING,,,Josna,roopalynaldsouza@gmail.com,="9164666379",="9164666379",="+919164666379",="16",Female,Mangalore ,="9164666379",,,Friend / Family,S,paid,PAID ENTRY,="250",,="0",,pending,="order_TcNBunNuygWnEx",,2,="phase2",balipu-x-aloysius,Balipu x Aloysius,false,false,,,="96a672a5-de7d-4e84-a98e-4387689773c0",2026-09-15T16:08:27.937Z,2026-09-15T16:08:27.937Z
403,B: PAYMENT PENDING,,,Larissa,roopalynaldsouza@gmail.com,="9164666379",="9164666379",="+919164666379",="16",Female,Managlore,="9164666379",,,Friend / Family,M,paid,PAID ENTRY,="250",,="0",,pending,="order_TcN5VEZKulDZkC",,2,="phase2",balipu-x-aloysius,Balipu x Aloysius,false,false,,,="b8262e1b-3303-475b-b574-c167a6c08eb8",2026-09-15T16:02:23.715Z,2026-09-15T16:02:23.715Z
404,B: PAYMENT PENDING,,,Larissa,julianapinto0303@gmail.com,="9845364827",="9845364827",="+919845364827",="16",Female,Mangalore ,="9164666379",,,Friend / Family,M,paid,PAID ENTRY,="250",,="0",,pending,="order_TcMxibpDpKS9kL",,2,="phase2",balipu-x-aloysius,Balipu x Aloysius,false,false,,,="861adfe2-635e-408e-9e72-b9e49eef16a4",2026-09-15T15:55:01.584Z,2026-09-15T15:55:01.584Z
405,B: PAYMENT PENDING,,,Larissa,julianapinto0303@gmail.com,="9845364827",="9845364827",="+919845364827",="16",Female,Mangalore ,="9164666379",,,Friend / Family,M,paid,PAID ENTRY,="250",,="0",,pending,="order_TcMwKpL8OwinQY",,2,="phase2",balipu-x-aloysius,Balipu x Aloysius,false,false,,,="3fceacae-255c-42e6-9797-1dd2367096b6",2026-09-15T15:53:42.983Z,2026-09-15T15:53:42.983Z
406,B: PAYMENT PENDING,,,Larissa,julianapinto0303@gmail.com,="9845364827",="9845364827",="+919845364827",="16",Female,Mangalore ,="9164666379",,,Friend / Family,M,paid,PAID ENTRY,="250",,="0",,pending,="order_TcMu271an0rgvT",,2,="phase2",balipu-x-aloysius,Balipu x Aloysius,false,false,,,="7192fe4a-de58-480a-9dc1-c1e83ffb35d7",2026-09-15T15:51:32.237Z,2026-09-15T15:51:32.237Z
407,B: PAYMENT PENDING,,,Aanya Boloor,aanya00847@gmail.com,="9845110476",="9845110476",="+919845110476",="16",Female,Mangaluru,="9845109299",,,Friend / Family,S,paid,PAID ENTRY,="250",,="0",,pending,="order_TcMPGBYXQm5vmX",,2,="phase2",balipu-x-aloysius,Balipu x Aloysius,false,false,,,="7b0191e5-f5dd-4b04-a733-edbfa0b1510c",2026-09-15T15:22:24.329Z,2026-09-15T15:22:24.329Z
408,B: PAYMENT PENDING,,,Larissa,julianapinto0303@gmail.com,="9845364827",="9845364827",="+919845364827",="16",Female,Mangalore ,="9164666379",,,Friend / Family,M,paid,PAID ENTRY,="250",,="0",,pending,="order_TcMHlfEy4r9qPi",,2,="phase2",balipu-x-aloysius,Balipu x Aloysius,false,false,,,="61b797d4-6dcd-43ba-bbc4-1d6ac4fbd824",2026-09-15T15:15:18.764Z,2026-09-15T15:15:18.764Z
409,B: PAYMENT PENDING,,,Larissa,julianapinto0303@gmail.com,="9845364827",="9845364827",="+919845364827",="16",Female,Mangalore ,="9164666379",,,Friend / Family,M,paid,PAID ENTRY,="250",,="0",,pending,="order_TcMEpZZNX7Mrcu",,2,="phase2",balipu-x-aloysius,Balipu x Aloysius,false,false,,,="729ac3fb-a430-4058-8bba-ee32dcc71e4d",2026-09-15T15:12:31.938Z,2026-09-15T15:12:31.938Z
410,B: PAYMENT PENDING,,,Jaden pais ,sumanpais@gmail.com,="7020817139",="7020817139",="+917020817139",="16",Male,Mangaluru,="76194 34543",,,Instagram,M,paid,PAID ENTRY,="200",="250",="50",JS20,pending,="order_TcKXi7V7O365YD",,2,="phase2",balipu-x-aloysius,Balipu x Aloysius,false,false,,,="dd29a5eb-d153-4ee6-b510-568566da85f6",2026-09-15T13:33:01.086Z,2026-09-15T13:33:01.086Z
411,B: PAYMENT PENDING,,,Sweedal Veigas,sweedalveigas10@gmail.com,="9606480837",="9606480837",="+919606480837",="16",Female,mangaluru,="7259690387",,,Friend / Family,S,paid,PAID ENTRY,="250",,="0",,pending,="order_TcKKLW80H3iWMX",,2,="phase2",balipu-x-aloysius,Balipu x Aloysius,false,false,,,="02b563d6-1b72-43ec-a783-cdc3b5e3a749",2026-09-15T13:20:22.011Z,2026-09-15T13:20:22.011Z
412,B: PAYMENT PENDING,,,Sharanya Sanjay ,sharanyasanjay111@gmail.com,="8792538127",="8792538127",="+918792538127",="17",Female,Mangalore,="8792538127",,,Friend / Family,L,paid,PAID ENTRY,="250",,="0",,pending,="order_TcKE8YtMb6J3vD",,2,="phase2",balipu-x-aloysius,Balipu x Aloysius,false,false,,,="0d1dc6fb-4719-411a-a250-23f7aa44bb34",2026-09-15T13:14:29.304Z,2026-09-15T13:14:29.304Z
413,B: PAYMENT PENDING,,,Kushi R Shetty,harinakshishetty84@gmail.com,="7259339675",="7259339675",="+917259339675",="16",Female,Mangalore ,="8050664182",,,Friend / Family,XL,paid,PAID ENTRY,="200",="250",="50",JS20,pending,="order_TcKAknjPEYHHXb",,2,="phase2",balipu-x-aloysius,Balipu x Aloysius,false,false,,,="1a0c0aa6-69c7-48bd-aedf-4819632baaad",2026-09-15T13:11:17.134Z,2026-09-15T13:11:17.134Z
414,B: PAYMENT PENDING,,,Kushi R Shetty,kushishetty5910@gmail.com,="8050664182",="8050664182",="+918050664182",="16",Female,Mangalore ,="7259339675",,,Friend / Family,XL,paid,PAID ENTRY,="200",="250",="50",JS20,pending,="order_TcK9KSWd9kVgU3",,2,="phase2",balipu-x-aloysius,Balipu x Aloysius,false,false,,,="7e1757b9-52fe-4a89-9936-7137b5063d93",2026-09-15T13:09:56.216Z,2026-09-15T13:09:56.216Z
415,B: PAYMENT PENDING,,,sharanya sanjay,sharanyasanjay111@gmail.com,="8792538127",="8792538127",="+918792538127",="17",Female,Mangalore ,="9481921183",,,Friend / Family,L,paid,PAID ENTRY,="250",,="0",,pending,="order_TcK8SJtH77fNE8",,2,="phase2",balipu-x-aloysius,Balipu x Aloysius,false,false,,,="5453bb6f-6b1f-4de3-8db9-cbe40d1453bc",2026-09-15T13:09:06.604Z,2026-09-15T13:09:06.604Z
416,B: PAYMENT PENDING,,,sharanya sanjay,sharanyasanjay111@gmail.com,="8792538127",="8792538127",="+918792538127",="17",Female,Mangalore ,="9481921183",,,Friend / Family,L,paid,PAID ENTRY,="250",,="0",,pending,="order_TcK6B6UHyYa74O",,2,="phase2",balipu-x-aloysius,Balipu x Aloysius,false,false,,,="ef85065e-5b6d-4f2e-88e0-7c01c8d353f6",2026-09-15T13:06:57.229Z,2026-09-15T13:06:57.229Z
417,B: PAYMENT PENDING,,,Sharanya Sanjay ,sharanyasanjay111@gmail.com,="8792538127",="8792538127",="+918792538127",="17",Female,Mangalore ,="9481921183",,,Friend / Family,L,paid,PAID ENTRY,="250",,="0",,pending,="order_TcK3o2sXJxyN6e",,2,="phase2",balipu-x-aloysius,Balipu x Aloysius,false,false,,,="884371fb-ac4f-4630-add1-80281b8d2de1",2026-09-15T13:04:42.504Z,2026-09-15T13:04:42.504Z
418,B: PAYMENT PENDING,,,sharanya sanjay,sharanyasanjay111@gmail.com,="8792538127",="8792538127",="+918792538127",="17",Female,Mangaluru ,="7975801997",,,Friend / Family,L,paid,PAID ENTRY,="250",,="0",,pending,="order_TcK1rBtdOl98A5",,2,="phase2",balipu-x-aloysius,Balipu x Aloysius,false,false,,,="02b6735b-51c2-445b-8dda-80d5e26a51d8",2026-09-15T13:02:51.790Z,2026-09-15T13:02:51.790Z
419,B: PAYMENT PENDING,,,sharanya sanjay,sharanyasanjay111@gmail.com,="8792538127",="8792538127",="+918792538127",="17",Female,Mangaluru ,="7975801997",,,Friend / Family,L,paid,PAID ENTRY,="250",,="0",,pending,="order_TcJmSeE1q5EH7i",,2,="phase2",balipu-x-aloysius,Balipu x Aloysius,false,false,,,="a517891f-424d-4e8f-b5ec-8866aeed54a7",2026-09-15T12:48:17.302Z,2026-09-15T12:48:17.302Z
420,B: PAYMENT PENDING,,,Sharanya Suresh karkera ,sharanyakarkera514@gmail.com,="7338397033",="7338397033",="+917338397033",="16",Female,Mangalore ,="8105890429",,,Friend / Family,S,paid,PAID ENTRY,="250",,="0",,pending,="order_TcJRV8KYjJKPBA",,2,="phase2",balipu-x-aloysius,Balipu x Aloysius,false,false,,,="4b4acadf-61cc-4ff8-acbc-9951772e9c70",2026-09-15T12:28:26.784Z,2026-09-15T12:28:26.784Z
421,B: PAYMENT PENDING,,,Sudipta S Salian ,sudiptasalian75@gmail.com,="8317315916",="8317315916",="+918317315916",="16",Female,Mangaluru ,="8317315916",,,Other,M,paid,PAID ENTRY,="250",,="0",,pending,="order_TcJFTRL1JeFW8l",,2,="phase2",balipu-x-aloysius,Balipu x Aloysius,false,false,,,="86bb8272-dd7b-4382-91db-0b7a4f475d51",2026-09-15T12:17:03.627Z,2026-09-15T12:17:03.627Z
422,B: PAYMENT PENDING,,,Disha,dishakukyan29@gmail.com,="8147931096",="8147931096",="+918147931096",="20",Female,Mangalore ,="9986368823",,,Instagram,L,paid,PAID ENTRY,="250",,="0",,pending,="order_TcAwB5iRxt5xG6",,2,="phase2",balipu-x-aloysius,Balipu x Aloysius,false,false,,,="04eed0da-9ce3-4a7a-ac19-a6a0d9d4a1b8",2026-09-15T04:09:14.692Z,2026-09-15T04:09:14.692Z
423,B: PAYMENT PENDING,,,Sushan Kulal,sushankulal342@gmail.com,="8075623011",="8075623011",="+918075623011",="16",Male,Mangalore,="8075623011",,,Instagram,M,paid,PAID ENTRY,="250",,="0",,pending,="order_TbynXtoKdbxVjJ",,2,="phase2",balipu-x-aloysius,Balipu x Aloysius,false,false,,,="656d7bbd-3300-4a4a-82d7-ecb5cfb74f8b",2026-09-14T16:16:45.011Z,2026-09-14T16:16:45.011Z
424,B: PAYMENT PENDING,,,Zasheel Ibrahim,zasheelibrahim07@gmail.com,="90364 26743",="9036426743",="+919036426743",="15",Male,Mangaluru,="90364 26743",,,Friend / Family,M,paid,PAID ENTRY,="200",="250",="50",JS20,pending,="order_TbylQZEF3Y6QrG",,2,="phase2",balipu-x-aloysius,Balipu x Aloysius,false,false,,,="da104238-ee48-4e72-9f1b-5dfce5861246",2026-09-14T16:14:44.686Z,2026-09-14T16:14:44.686Z
425,B: PAYMENT PENDING,,,Zasheel Ibrahim,zasheelibrahim07@gmail.com,="90364 26743",="9036426743",="+919036426743",="15",Male,Mangaluru,="90364 26743",,,Friend / Family,M,paid,PAID ENTRY,="200",="250",="50",JS20,pending,="order_TbyhurGDcopz05",,2,="phase2",balipu-x-aloysius,Balipu x Aloysius,false,false,,,="b9d5cdc3-6790-4fa1-8abd-01b18baeef28",2026-09-14T16:11:25.235Z,2026-09-14T16:11:25.235Z
426,B: PAYMENT PENDING,,,Jai Mendon,jaismendon@gmail.com,="9930679069",="9930679069",="+919930679069",="16",Male,Mangalore,="9448076696",,,Friend / Family,XL,paid,PAID ENTRY,="200",="250",="50",JS20,pending,="order_TbyV39IvGxE36J",,2,="phase2",balipu-x-aloysius,Balipu x Aloysius,false,false,,,="ea3c070f-3f43-4d6b-b1f4-58684de319e7",2026-09-14T15:59:14.428Z,2026-09-14T15:59:14.428Z
427,B: PAYMENT PENDING,,,Sushan Kulal,sushankulal342@gmail.com,="8075623011",="8075623011",="+918075623011",="16",Male,Mangalore,="8075623011",,,Instagram,M,paid,PAID ENTRY,="250",,="0",,pending,="order_TbyT9KPhO9GuaX",,2,="phase2",balipu-x-aloysius,Balipu x Aloysius,false,false,,,="8feb1340-984e-492e-97d8-c5c09050beb5",2026-09-14T15:57:26.494Z,2026-09-14T15:57:26.494Z
428,B: PAYMENT PENDING,,,Jai Mendon,mendonsjai@gmail.com,="9930679069",="9930679069",="+919930679069",="16",Male,Mangalore,="9448076696",,,Friend / Family,XL,paid,PAID ENTRY,="200",="250",="50",JS20,pending,="order_TbyOXdbF9wIewE",,2,="phase2",balipu-x-aloysius,Balipu x Aloysius,false,false,,,="0f98623c-c87c-4923-8da8-b184f0d59b3a",2026-09-14T15:53:04.754Z,2026-09-14T15:53:04.754Z
429,B: PAYMENT PENDING,,,Jai Mendon,mendonsjai@gmail.com,="9930679069",="9930679069",="+919930679069",="16",Male,Mangalore,="9448076696",,,Friend / Family,XL,paid,PAID ENTRY,="200",="250",="50",JS20,pending,="order_TbyN92M1EOrXrn",,2,="phase2",balipu-x-aloysius,Balipu x Aloysius,false,false,,,="72349859-bf1e-42f2-950d-4654695e4159",2026-09-14T15:51:45.424Z,2026-09-14T15:51:45.424Z
430,B: PAYMENT PENDING,,,Mohith Raj,vasukicheluvaraj@gmail.com,="6361793668",="6361793668",="+916361793668",="16",Male,Mangalore ,="6362571902",,,Instagram,M,paid,PAID ENTRY,="250",,="0",,pending,="order_TbyF83AbLyAnxt",,2,="phase2",balipu-x-aloysius,Balipu x Aloysius,false,false,,,="fb1d4662-5458-4457-8f01-c60e44ea0d6d",2026-09-14T15:44:10.113Z,2026-09-14T15:44:10.113Z
431,B: PAYMENT PENDING,,,Shivn ,shivinjha@gmail.com,="7204247546",="7204247546",="+917204247546",="16",Male,Mangalore ,="7624847546",,,Friend / Family,S,paid,PAID ENTRY,="250",,="0",,pending,="order_TbwqETWcWFLDQa",,2,="phase2",balipu-x-aloysius,Balipu x Aloysius,false,false,,,="c2ba4c3e-646c-49f2-8eff-c6066905c470",2026-09-14T14:21:54.378Z,2026-09-14T14:21:54.378Z
432,B: PAYMENT PENDING,,,Shivin Jha,shivinjha@gmail.com,="7204247546",="7204247546",="+917204247546",="16",Male,Mangalore ,="7624847546",,,Friend / Family,S,paid,PAID ENTRY,="250",,="0",,pending,="order_TbwlQgEHkfrpy4",,2,="phase2",balipu-x-aloysius,Balipu x Aloysius,false,false,,,="3fe3f581-7cee-41f1-a7db-110e46c1fb46",2026-09-14T14:17:21.561Z,2026-09-14T14:17:21.561Z
433,B: PAYMENT PENDING,,,Dhanush Kumar ,dhanushkumar112006@gmail.com,="7411132783",="7411132783",="+917411132783",="20",Male,Mangaluru,="9972074473",,,Instagram,XXL,paid,PAID ENTRY,="250",,="0",,pending,="order_TbwJQ9BdvhuC9g",,2,="phase2",balipu-x-aloysius,Balipu x Aloysius,false,false,,,="3073d667-c774-41ff-a11b-a7fed2770158",2026-09-14T13:50:50.672Z,2026-09-14T13:50:50.672Z
434,B: PAYMENT PENDING,,,Shalom ,shalomshaun18@gmail.com,="9449760892",="9449760892",="+919449760892",="16",Male,Mangalore ,="+919449760892",,,Instagram,M,paid,PAID ENTRY,="250",,="0",,pending,="order_Tbp914nTaZDomt",,2,="phase2",balipu-x-aloysius,Balipu x Aloysius,false,false,,,="2b414d16-ac51-4e2e-ba43-4676d87a0674",2026-09-14T06:50:08.396Z,2026-09-14T06:50:08.396Z
435,B: PAYMENT PENDING,,,Shivin Jha,shivinjha@gmail.com,="7204247546",="7204247546",="+917204247546",="16",Male,Mangalore,="7624847546",,,Friend / Family,S,paid,PAID ENTRY,="250",,="0",,pending,="order_TbcTA3HBjYidT4",,2,="phase2",balipu-x-aloysius,Balipu x Aloysius,false,false,,,="88c2ba12-4e94-40fa-822c-b936396c92ea",2026-09-13T18:26:11.633Z,2026-09-13T18:26:11.633Z
436,B: PAYMENT PENDING,,,Nathaniel,nathanbrank1973@gmail.com,="+918088866599",="918088866599",="+918088866599",="21",Male,Mangaluru,="8088866599",,,Instagram,XL,paid,PAID ENTRY,="250",,="0",,pending,="order_TbcFMmjUYuuILM",,2,="phase2",balipu-x-aloysius,Balipu x Aloysius,false,false,,,="f0333a5e-7470-4aba-8e9e-de35b4a1f075",2026-09-13T18:13:08.096Z,2026-09-13T18:13:08.096Z
437,B: PAYMENT PENDING,,,Sushan Kulal,sushankulal342@gmail.com,="8075623011",="8075623011",="+918075623011",="16",Male,Mangalore ,="+918075623011",,,Instagram,M,paid,PAID ENTRY,="250",,="0",,pending,="order_TbabuQazybIMlv",,2,="phase2",balipu-x-aloysius,Balipu x Aloysius,false,false,,,="f3f9f2ee-4697-44f0-9cca-6bff1a8cb313",2026-09-13T16:37:05.290Z,2026-09-13T16:37:05.290Z
438,B: PAYMENT PENDING,,,Dhruuvin V Shetty ,mbappeeekyliannn@gmail.com,="9901984689",="9901984689",="+919901984689",="16",Male,Mangalore ,="+919901984689",,,Instagram,M,paid,PAID ENTRY,="250",,="0",,pending,="order_TbaE2ZBumRI2wn",,2,="phase2",balipu-x-aloysius,Balipu x Aloysius,false,false,,,="d9fdbb0b-e5e9-4cbe-a120-d4613c4ced3a",2026-09-13T16:14:29.544Z,2026-09-13T16:14:29.544Z
439,B: PAYMENT PENDING,,,Hradin Shetty,hradinshettyhome@gmail.com,="9663484108",="9663484108",="+919663484108",="16",Male,Mangaluru ,="9972314715",,,Instagram,M,paid,PAID ENTRY,="250",,="0",,pending,="order_TbZm2sCcaOHyUk",,2,="phase2",balipu-x-aloysius,Balipu x Aloysius,false,false,,,="ca6b65bf-3389-442c-a601-934ff052fd2c",2026-09-13T15:47:59.419Z,2026-09-13T15:47:59.419Z
440,B: PAYMENT PENDING,,,Nivedh Rai,nivedhrai6379@gmail.com,="90360 65729 ",="9036065729",="+919036065729",="16",Male,Mangalore ,="9880081629",,,Instagram,M,paid,PAID ENTRY,="250",,="0",,pending,="order_TbX7gZ5NJOobrH",,2,="phase2",balipu-x-aloysius,Balipu x Aloysius,false,false,,,="973a86ff-1286-4bca-9f73-cacdd16a2b6c",2026-09-13T13:12:23.743Z,2026-09-13T13:12:23.743Z
441,B: PAYMENT PENDING,,,Sudipta S Salian ,sudiptasalian75@gmail.com,="8317315916",="8317315916",="+918317315916",="16",Female,Manglore ,="8317315916",,,College,M,paid,PAID ENTRY,="250",,="0",,pending,="order_TbUaELjAv8MF48",,2,="phase2",balipu-x-aloysius,Balipu x Aloysius,false,false,,,="93a072c3-6da8-45a7-a189-eb85b6e489e2",2026-09-13T10:43:20.254Z,2026-09-13T10:43:20.254Z
442,B: PAYMENT PENDING,,,Samradh S Nayak,nayaksamradh@gmail.com,="9380329795",="9380329795",="+919380329795",="17",Male,Mangaluru,="+919380329795",,,Instagram,M,paid,PAID ENTRY,="200",="250",="50",JS20,pending,="order_TbUY0KE9GWZZgl",,2,="phase2",balipu-x-aloysius,Balipu x Aloysius,false,false,,,="6a842285-23eb-40e8-a209-fca487fea91a",2026-09-13T10:41:13.806Z,2026-09-13T10:41:13.806Z
443,B: PAYMENT PENDING,,, Nidhi Yogesh Prabhu ,nidhiprabhu82@gmail.com,="9545225255",="9545225255",="+919545225255",="45",Female,Mangaluru ,="9343575918",,,Instagram,L,paid,PAID ENTRY,="250",,="0",,pending,="order_TbDz9tfqJiltOs",,2,="phase2",balipu-x-aloysius,Balipu x Aloysius,false,false,,,="6b4e7526-4206-4247-99b0-8ef6e1f651aa",2026-09-12T18:29:08.733Z,2026-09-12T18:29:08.733Z
444,B: PAYMENT PENDING,,,Vedanth Kayangala,vedanthvk64@gmail.com,="9164736464",="9164736464",="+919164736464",="24",Male,Mangaluru,="9986104243",,,Instagram,L,paid,PAID ENTRY,="250",,="0",,pending,="order_TbBCzktc066QSV",,2,="phase2",balipu-x-aloysius,Balipu x Aloysius,false,false,,,="7e336e90-1356-4ace-a360-3b5b4df75724",2026-09-12T15:46:09.805Z,2026-09-12T15:46:09.805Z
445,B: PAYMENT PENDING,,,Yashwin P Salian,savithasalian60@gmail.com,="8792026617",="8792026617",="+918792026617",="17",Male,Mangaluru,="9632844616",,,Instagram,L,paid,PAID ENTRY,="200",="250",="50",JS20,pending,="order_TbB8nq0czVnGOl",,2,="phase2",balipu-x-aloysius,Balipu x Aloysius,false,false,,,="7e372b30-3c3a-44ee-b6d2-4e21120f39bc",2026-09-12T15:42:11.678Z,2026-09-12T15:42:11.678Z
446,B: PAYMENT PENDING,,,Yashwin P Salian,savithasalian60@gmail.com,="8792026617",="8792026617",="+918792026617",="17",Male,Mangaluru,="9632844616",,,Instagram,L,paid,PAID ENTRY,="200",="250",="50",JS20,pending,="order_TbB6IIIqovuDRS",,2,="phase2",balipu-x-aloysius,Balipu x Aloysius,false,false,,,="8df37aa1-f9c3-4cb6-ba18-2a9396586510",2026-09-12T15:39:49.190Z,2026-09-12T15:39:49.190Z
447,B: PAYMENT PENDING,,,Yashwin P Salian,savithasalian60@gmail.com,="8792026617",="8792026617",="+918792026617",="17",Male,Mangaluru,="9632844616",,,Instagram,L,paid,PAID ENTRY,="200",="250",="50",JS20,pending,="order_TbB2KY6wEsLe7I",,2,="phase2",balipu-x-aloysius,Balipu x Aloysius,false,false,,,="cdcbf176-794c-4a01-ae81-25f3a0ff0831",2026-09-12T15:36:04.046Z,2026-09-12T15:36:04.046Z
448,B: PAYMENT PENDING,,,Yashwin P Salian,savithasalian60@gmail.com,="8792026617",="8792026617",="+918792026617",="17",Male,Mangaluru,="9632844616",,,Instagram,L,paid,PAID ENTRY,="200",="250",="50",JS20,pending,="order_TbArBjRjr1HJHi",,2,="phase2",balipu-x-aloysius,Balipu x Aloysius,false,false,,,="c6edd57f-e67a-498f-9786-77bcac3a7644",2026-09-12T15:25:31.170Z,2026-09-12T15:25:31.170Z
449,B: PAYMENT PENDING,,,Yashwin P Salian,savithasalian60@gmail.com,="8792026617",="8792026617",="+918792026617",="17",Male,Mangaluru,="9632844616",,,College,L,paid,PAID ENTRY,="200",="250",="50",JS20,pending,="order_TbAlxCCmYxyGYr",,2,="phase2",balipu-x-aloysius,Balipu x Aloysius,false,false,,,="c296a2cd-2028-4057-ba20-0ce016a94710",2026-09-12T15:20:33.847Z,2026-09-12T15:20:33.847Z
450,B: PAYMENT PENDING,,,Abheesha D.S,abheeshasuvarnads@gmail.com,="6361202860",="6361202860",="+916361202860",="14",Female, Mangaluru ,="7975016130",,,Instagram,S,paid,PAID ENTRY,="200",="250",="50",JS20,pending,="order_TbAlat9S6X87ro",,2,="phase2",balipu-x-aloysius,Balipu x Aloysius,false,false,,,="35f87cd2-74ad-4ec6-9d1d-525fadf7a9ef",2026-09-12T15:20:13.413Z,2026-09-12T15:20:13.413Z
451,B: PAYMENT PENDING,,,Aaron dsouza,dsouzaaaron148@gmail.com,="8867845500",="8867845500",="+918867845500",="17",Male,Mangaluru,="8867845500",,,College,M,paid,PAID ENTRY,="200",="250",="50",JS20,pending,="order_TbAgsqM6qi1Kr0",,2,="phase2",balipu-x-aloysius,Balipu x Aloysius,false,false,,,="5d74aa6b-bdff-43d5-9345-11aae9e0b85a",2026-09-12T15:15:45.866Z,2026-09-12T15:15:45.866Z
452,B: PAYMENT PENDING,,,GURU PRASAD PRASAD,ramakanthi007@gmail.com,="9141272017",="9141272017",="+919141272017",="50",Male,Mangalore,="9731777444",,,Other,XL,paid,PAID ENTRY,="250",,="0",,pending,="order_Tb6rJ8p2ozUdUe",,2,="phase2",balipu-x-aloysius,Balipu x Aloysius,false,false,,,="1bd6aeff-03c1-42f3-b7c4-b166bfd778f2",2026-09-12T11:30:51.503Z,2026-09-12T11:30:51.503Z
453,B: PAYMENT PENDING,,,Sahil Jain ,jain.sahil35@gmail.com,="7019860873",="7019860873",="+917019860873",="29",Male,Mangaluru,="9591984145",,,Instagram,M,paid,PAID ENTRY,="200",="250",="50",JS20,pending,="order_Tb3k9QcavCtH34",,2,="phase2",balipu-x-aloysius,Balipu x Aloysius,false,false,,,="9eb98d5f-d9d0-4a39-8eaa-e3de82eea0d2",2026-09-12T08:28:00.160Z,2026-09-12T08:28:00.160Z
454,B: PAYMENT PENDING,,,Astan Dsouza ,imavd1117@gmail.com,="9480520659",="9480520659",="+919480520659",="18",Male,Mangalore ,="+919480520659",,,Instagram,L,paid,PAID ENTRY,="200",="250",="50",JS20,pending,="order_Tb3ccUt6VAh40B",,2,="phase2",balipu-x-aloysius,Balipu x Aloysius,false,false,,,="2be9da94-a0c7-40f2-a184-24e97aa6bccb",2026-09-12T08:20:52.396Z,2026-09-12T08:20:52.396Z
455,B: PAYMENT PENDING,,,Abhishek,abhishekshet06@gmail.com,="6361089849 ",="6361089849",="+916361089849",="22",Male,Mangalore ,="9844050980",,,Instagram,M,paid,PAID ENTRY,="200",="250",="50",JS20,pending,="order_TazxbHQ4jyAcHe",,2,="phase2",balipu-x-aloysius,Balipu x Aloysius,false,false,,,="a05b52d8-0e7f-4845-828d-3b7e3385af06",2026-09-12T04:45:57.643Z,2026-09-12T04:45:57.643Z
456,B: PAYMENT PENDING,,,Mohammed Faizan,faizaanixe@gmail.com,="8050995555",="8050995555",="+918050995555",="26",Male,Mangalore,="8050995555",,,Instagram,L,paid,PAID ENTRY,="200",="250",="50",JS20,pending,="order_Tay7IK5QYqjLzJ",,2,="phase2",balipu-x-aloysius,Balipu x Aloysius,false,false,,,="7502a190-6081-4f96-a910-d39ea1d4d53c",2026-09-12T02:57:45.028Z,2026-09-12T02:57:45.028Z
457,B: PAYMENT PENDING,,,Sushmitha,s.smithagk02@gmail.com,="9380091646",="9380091646",="+919380091646",="24",Female,Mangalore ,="9606792748",,,Instagram,M,paid,PAID ENTRY,="250",,="0",,pending,="order_TaoGT9eiKMeaa1",,2,="phase2",balipu-x-aloysius,Balipu x Aloysius,false,false,,,="e0fbbc0c-52a1-4925-8551-734c73117673",2026-09-11T17:19:29.998Z,2026-09-11T17:19:29.998Z
458,B: PAYMENT PENDING,,,Shriya,shriya.official.55@gmail.com,="7259425618",="7259425618",="+917259425618",="15",Female,Mangalore ,="8762855618",,,Instagram,M,paid,PAID ENTRY,="250",,="0",,pending,="order_Tamc3cz5jytXL8",,2,="phase2",balipu-x-aloysius,Balipu x Aloysius,false,false,,,="59235118-8c6a-4969-a770-d6eb2b57408a",2026-09-11T15:42:32.990Z,2026-09-11T15:42:32.990Z
459,B: PAYMENT PENDING,,,Gaganya ,gaganyapoojary22@gmail.com,="8147746722",="8147746722",="+918147746722",="16",Female,Mangalore ,="7795034156",,,Instagram,XS,paid,PAID ENTRY,="250",,="0",,pending,="order_TalG6qS9YvvHMu",,2,="phase2",balipu-x-aloysius,Balipu x Aloysius,false,false,,,="1bd67295-353a-41f1-9607-c1658d52c8cd",2026-09-11T14:23:04.717Z,2026-09-11T14:23:04.717Z
460,B: PAYMENT PENDING,,,Lakshmi,lakshmi.prahasini.123@gmail.com,="8197432084",="8197432084",="+918197432084",="16",Female,Mangalore ,="+918197432084",,,WhatsApp,M,paid,PAID ENTRY,="250",,="0",,pending,="order_Tal7CkgVzRjTOU",,2,="phase2",balipu-x-aloysius,Balipu x Aloysius,false,false,,,="09984114-d82d-42af-a0cb-bfa7cc135e79",2026-09-11T14:14:38.953Z,2026-09-11T14:14:38.953Z
461,B: PAYMENT PENDING,,,Aral Pearl Dmello,aralpearld@gmail.com,="6362833815",="6362833815",="+916362833815",="16",Female,Mangalore ,="9482422670",,,Friend / Family,M,paid,PAID ENTRY,="250",,="0",,pending,="order_TakHqW3jO115hT",,2,="phase2",balipu-x-aloysius,Balipu x Aloysius,false,false,,,="b2ed4728-f8b7-4d10-99da-4268d9e4735a",2026-09-11T13:26:01.747Z,2026-09-11T13:26:01.747Z
462,B: PAYMENT PENDING,,,Mohammed thanveer,thanuuthanveer31@gmail.com,="8088658626",="8088658626",="+918088658626",="17",Male,Mangalore ,="8088658626",,,Instagram,M,paid,PAID ENTRY,="250",,="0",,pending,="order_Taigp0URAFNrwu",,2,="phase2",balipu-x-aloysius,Balipu x Aloysius,false,false,,,="1042f686-a3b4-4042-a1b6-920e9fa448c1",2026-09-11T11:52:17.221Z,2026-09-11T11:52:17.221Z
463,B: PAYMENT PENDING,,,Shreesha Rao,shreeshatech08@gmail.com,="8792799269",="8792799269",="+918792799269",="26",Male,Mangalore,="6362329702",,,WhatsApp,M,paid,PAID ENTRY,="200",,="0",,pending,="order_TahXQVcdVbQ4wG",,1,="phase1-paid",balipu-x-aloysius,Balipu x Aloysius,false,false,,,="89bcca3c-c608-49b0-a2c9-9bb5ccc36d95",2026-09-11T10:44:41.919Z,2026-09-11T10:44:41.919Z
464,B: PAYMENT PENDING,,,Lakshith M,divyamadhu864@gmail.com,="9620030748",="9620030748",="+919620030748",="16",Male,Mangaluru ,="9620030748",,,Instagram,XS,paid,PAID ENTRY,="200",,="0",,pending,="order_TagQl4WUrieyHB",,1,="phase1-paid",balipu-x-aloysius,Balipu x Aloysius,false,false,,,="acd7c7d7-82ad-4709-aac2-8b3cc197fad7",2026-09-11T09:39:41.504Z,2026-09-11T09:39:41.504Z
465,B: PAYMENT PENDING,,,Prajwal Anand,prajwal.a.prajwal@gmail.com,="7676132884",="7676132884",="+917676132884",="26",Male,Mangalore ,="9036477928",,,Instagram,M,paid,PAID ENTRY,="200",,="0",,pending,="order_TafnuW1G7DkoEE",,1,="phase1-paid",balipu-x-aloysius,Balipu x Aloysius,false,false,,,="778e30f9-0a14-4b00-9d5d-2dedfe152e47",2026-09-11T09:02:54.942Z,2026-09-11T09:02:54.942Z
466,B: PAYMENT PENDING,,,Jaineil J vasani,priyavasani17384@gmail.com,="7760066572",="7760066572",="+917760066572",="17",Male,Mangaluru ,="7760066572",,,Instagram,L,paid,PAID ENTRY,="200",,="0",,pending,="order_TaYgRYTCbResWK",,1,="phase1-paid",balipu-x-aloysius,Balipu x Aloysius,false,false,,,="51f69f27-0486-44b4-b81c-88b70a0ac0ea",2026-09-11T02:04:59.509Z,2026-09-11T02:04:59.509Z
467,B: PAYMENT PENDING,,,Jaineil J vasani,priyavasani17384@gmail.com,="9611916706",="9611916706",="+919611916706",="17",Male,Mangaluru ,="7760066572",,,Instagram,L,paid,PAID ENTRY,="200",,="0",,pending,="order_TaOEOf0Ch4il1O",,1,="phase1-paid",balipu-x-aloysius,Balipu x Aloysius,false,false,,,="2b63c9e4-400d-4912-928d-32e7a1a292ba",2026-09-10T15:51:30.318Z,2026-09-10T15:51:30.318Z
468,B: PAYMENT PENDING,,,K.Ashlesh,kashlesh06@gmail.com,="9496508662",="9496508662",="+919496508662",="16",Male,Mangalore ,="9496508662",,,Friend / Family,M,paid,PAID ENTRY,="200",,="0",,pending,="order_TaNOjlIxox8HIf",,1,="phase1-paid",balipu-x-aloysius,Balipu x Aloysius,false,false,,,="c0d6c17c-ae8a-4b34-a652-e14ba6bde0cc",2026-09-10T15:02:36.034Z,2026-09-10T15:02:36.034Z
469,B: PAYMENT PENDING,,,Www,eee@gmail.com,="2222211112",="2222211112",="+912222211112",="21",Female,Manglorw,="2326353793",,,Instagram,XXL,paid,PAID ENTRY,="200",,="0",,pending,="order_TaNGVRjCFSbveu",,1,="phase1-paid",balipu-x-aloysius,Balipu x Aloysius,false,false,,,="c9dc253e-1b55-4947-8296-c4da5be478cc",2026-09-10T14:54:48.506Z,2026-09-10T14:54:48.506Z
470,B: PAYMENT PENDING,,,Kritya Jain ,krityaja@gmail.com,="9008757003",="9008757003",="+919008757003",="16",Male,Mangaluru,="9008757003",,,Instagram,L,paid,PAID ENTRY,="200",,="0",,pending,="order_TaNCbIVJGY8g6b",,1,="phase1-paid",balipu-x-aloysius,Balipu x Aloysius,false,false,,,="5d335379-5f26-489f-98a1-6b860ac8b87e",2026-09-10T14:51:06.668Z,2026-09-10T14:51:06.668Z
471,B: PAYMENT PENDING,,,Kritya Jain,krityaja@gmail.com,="9008757003",="9008757003",="+919008757003",="16",Male,Mangaluru,="9008757003",,,Instagram,L,paid,PAID ENTRY,="200",,="0",,pending,="order_TaN5zeksnJn6VR",,1,="phase1-paid",balipu-x-aloysius,Balipu x Aloysius,false,false,,,="b5b09624-461e-4ce3-9e33-7dc1648e7810",2026-09-10T14:44:51.378Z,2026-09-10T14:44:51.378Z
472,B: PAYMENT PENDING,,,Daiwik Kumar ,Daiwik.11.kumar@gmail.com,="8867891717",="8867891717",="+918867891717",="15",Male,Mangalore ,="8877891717",,,Instagram,XL,paid,PAID ENTRY,="200",,="0",,pending,="order_TaMKJJFmC6YmGI",,1,="phase1-paid",balipu-x-aloysius,Balipu x Aloysius,false,false,,,="4a4f4ef3-e8fd-4335-aa63-347b8e4496dc",2026-09-10T13:59:42.969Z,2026-09-10T13:59:42.969Z
473,B: PAYMENT PENDING,,,Jaineil J vasani,priyavasani17384@gmail.com,="9611916706",="9611916706",="+919611916706",="17",Male,Mangalore ,="7760066572",,,Instagram,L,paid,PAID ENTRY,="200",,="0",,pending,="order_TaMHIIn7FApcHW",,1,="phase1-paid",balipu-x-aloysius,Balipu x Aloysius,false,false,,,="c3037e74-7d28-4cfc-9749-ed13fd53d445",2026-09-10T13:56:51.650Z,2026-09-10T13:56:51.650Z
474,B: PAYMENT PENDING,,,Daiwik Kumar ,daiwik.11.kumar@gmail.com,="8867891717",="8867891717",="+918867891717",="15",Male,Mangalore ,="8867891717",,,Instagram,XL,paid,PAID ENTRY,="200",,="0",,pending,="order_TaMEmVp2TOXkqJ",,1,="phase1-paid",balipu-x-aloysius,Balipu x Aloysius,false,false,,,="61bf43c8-aab2-4ad6-bf11-bea95c6a1b0f",2026-09-10T13:54:28.944Z,2026-09-10T13:54:28.944Z
475,B: PAYMENT PENDING,,,Raksha Salian,rakshasalian08@gmail.com,="9284600798",="9284600798",="+919284600798",="27",Female,Mangaluru,="+91 91102 5847",,,WhatsApp,S,paid,PAID ENTRY,="200",,="0",,pending,="order_TaI09IZu2QnuGY",,1,="phase1-paid",balipu-x-aloysius,Balipu x Aloysius,false,false,,,="2400ceff-ad7f-4c02-b350-0375a7bc8b89",2026-09-10T09:45:51.351Z,2026-09-10T09:45:51.351Z
476,B: PAYMENT PENDING,,,Thrupthi P,thrupthipoojary7@gmail.com,="8722816601",="8722816601",="+918722816601",="24",Female,Puttur,="9632097087",,,Instagram,S,paid,PAID ENTRY,="200",,="0",,pending,="order_TaHozcGZdyGr2B",,1,="phase1-paid",balipu-x-aloysius,Balipu x Aloysius,false,false,,,="34f01d2b-f762-4184-bbd4-ba3c822ca31e",2026-09-10T09:35:17.663Z,2026-09-10T09:35:17.663Z
477,B: PAYMENT PENDING,,,Sushmitha,s.smithagk02@gmail.com,="9380091646",="9380091646",="+919380091646",="24",Female,Mangalore,="9606792748",,,Instagram,M,paid,PAID ENTRY,="200",,="0",,pending,="order_TaGgW07My6LJG5",,1,="phase1-paid",balipu-x-aloysius,Balipu x Aloysius,false,false,,,="c5c47f42-58e9-4866-81f7-47b963467462",2026-09-10T08:28:34.521Z,2026-09-10T08:28:34.521Z
478,B: PAYMENT PENDING,,,Mohammed Faizan,faizaanixe@gmail.com,="8050995555",="8050995555",="+918050995555",="26",Male,Mangalore ,="8050995555",,,Instagram,XL,paid,PAID ENTRY,="200",,="0",,pending,="order_TaFp6bhk2lyjXm",,1,="phase1-paid",balipu-x-aloysius,Balipu x Aloysius,false,false,,,="7a6ba2e8-a212-4246-87fb-bcb336004433",2026-09-10T07:38:00.841Z,2026-09-10T07:38:00.841Z
479,B: PAYMENT PENDING,,,Nischitha Shetty,nischithashetty5@gmail.com,="8310653262",="8310653262",="+918310653262",="37",Female,Mangalore,="6363151602",,,Friend / Family,M,paid,PAID ENTRY,="200",,="0",,pending,="order_TaEq9mTNZf8sc6",,1,="phase1-paid",balipu-x-aloysius,Balipu x Aloysius,false,false,,,="ca37ea1a-27bb-46e9-b901-b025fafc58f4",2026-09-10T06:40:18.940Z,2026-09-10T06:40:18.940Z
480,B: PAYMENT PENDING,,,Anuraj ,anurajyellur98@gmail.com,="7348859890",="7348859890",="+917348859890",="28",Male,Udupi ,="7090676907",,,Instagram,M,paid,PAID ENTRY,="200",,="0",,pending,="order_TaDlUZY9FcXnKg",,1,="phase1-paid",balipu-x-aloysius,Balipu x Aloysius,false,false,,,="819b8256-44f9-4ab5-83a1-065348f86a27",2026-09-10T05:37:12.409Z,2026-09-10T05:37:12.409Z
481,B: PAYMENT PENDING,,,Jaineil J vasani,priyavasani17384@gmail.com,="9611916706",="9611916706",="+919611916706",="17",Male,Mangaluru,="7760066572",,,Instagram,L,paid,PAID ENTRY,="200",,="0",,pending,="order_Ta8tCsZ217auFX",,1,="phase1-paid",balipu-x-aloysius,Balipu x Aloysius,false,false,,,="45892014-2669-48d6-b4a2-4975562ca1f3",2026-09-10T00:51:02.488Z,2026-09-10T00:51:02.488Z
482,B: PAYMENT PENDING,,,Kritya Jain,krityaja@gmail.com,="9008757003",="9008757003",="+919008757003",="16",Male,Mangaluru,="9008757003",,,Instagram,L,paid,PAID ENTRY,="200",,="0",,pending,="order_Ta23zX04NO9Gs3",,1,="phase1-paid",balipu-x-aloysius,Balipu x Aloysius,false,false,,,="243b311c-b9ee-446c-842b-3c0123413e73",2026-09-09T18:10:23.758Z,2026-09-09T18:10:23.758Z
483,B: PAYMENT PENDING,,,Kritya Jain,krityajaa@gmail.com,="9008757003",="9008757003",="+919008757003",="16",Male,Mangaluru,="9008757003",,,Instagram,L,paid,PAID ENTRY,="200",,="0",,pending,="order_Ta1rLhFfRuvtRS",,1,="phase1-paid",balipu-x-aloysius,Balipu x Aloysius,false,false,,,="21b00dba-afdc-44e9-a15b-e87b7f30a79a",2026-09-09T17:58:25.658Z,2026-09-09T17:58:25.658Z
484,B: PAYMENT PENDING,,,Kritya Jain,krityajaa@gmail.com,="9008757003",="9008757003",="+919008757003",="16",Male,Mangaluru,="9008757003",,,Instagram,L,paid,PAID ENTRY,="200",,="0",,pending,="order_Ta1pw86YlyEQnc",,1,="phase1-paid",balipu-x-aloysius,Balipu x Aloysius,false,false,,,="0ae91fee-8761-4479-a2df-f9bef1ab2d72",2026-09-09T17:57:05.436Z,2026-09-09T17:57:05.436Z
485,B: PAYMENT PENDING,,,karthik s alva,karthikalva1976@gmail.com,="9740369715",="9740369715",="+919740369715",="16",Male,mangaluru,="9449331590",,,Friend / Family,L,paid,PAID ENTRY,="200",,="0",,pending,="order_TZzXwq4C1ss0KW",,1,="phase1-paid",balipu-x-aloysius,Balipu x Aloysius,false,false,,,="48f70315-3049-4ba1-946c-689d8ca0550e",2026-09-09T15:42:40.452Z,2026-09-09T15:42:40.452Z
486,B: PAYMENT PENDING,,,Tiffany dsouza ,elvitatiffanydsouza@gmail.com,="8147385599",="8147385599",="+918147385599",="17",Female,Mangalore ,="8147385599",,,Instagram,S,paid,PAID ENTRY,="200",,="0",,pending,="order_TZzPScL51iwORb",,1,="phase1-paid",balipu-x-aloysius,Balipu x Aloysius,false,false,,,="213e3676-308b-430c-8c00-58faffd7e779",2026-09-09T15:34:38.367Z,2026-09-09T15:34:38.367Z
487,B: PAYMENT PENDING,,,tiffany dsouza,elvitatiffanydsouza@gmail.com,="8147385599",="8147385599",="+918147385599",="17",Female,Manglore,="8147385599",,,Friend / Family,S,paid,PAID ENTRY,="200",,="0",,pending,="order_TZzF0BMMFucNe7",,1,="phase1-paid",balipu-x-aloysius,Balipu x Aloysius,false,false,,,="f1dd7f74-bb97-4f18-8d5c-6eb180412a26",2026-09-09T15:24:44.317Z,2026-09-09T15:24:44.317Z
488,B: PAYMENT PENDING,,,Jaineil J vasani,priyavasani17384@gmail.com,="9611916706",="9611916706",="+919611916706",="17",Male,Mangaluru ,="7760066572",,,Instagram,L,paid,PAID ENTRY,="200",,="0",,pending,="order_TZzEJ9Cu2sGyAw",,1,="phase1-paid",balipu-x-aloysius,Balipu x Aloysius,false,false,,,="57d4474a-68ce-4666-b350-0e8268252bb1",2026-09-09T15:24:04.886Z,2026-09-09T15:24:04.886Z
489,B: PAYMENT PENDING,,,tiffany dsouza,elvitatiffanydsouza@gmail.com,="8147385599",="8147385599",="+918147385599",="17",Female,Manglore ,="8147385599",,,Friend / Family,S,paid,PAID ENTRY,="200",,="0",,pending,="order_TZzCaw2aLPCdde",,1,="phase1-paid",balipu-x-aloysius,Balipu x Aloysius,false,false,,,="ad690a0c-fc8c-4144-910f-6ceb4f9059c8",2026-09-09T15:22:27.598Z,2026-09-09T15:22:27.598Z
490,B: PAYMENT PENDING,,,tiffany dsouza,elvitatiffanydsouza@gmail.com,="8147385599",="8147385599",="+918147385599",="17",Female,Manglore ,="8147385599",,,Friend / Family,S,paid,PAID ENTRY,="200",,="0",,pending,="order_TZz6xPTylNh4HP",,1,="phase1-paid",balipu-x-aloysius,Balipu x Aloysius,false,false,,,="d66a4a3e-af7e-4351-ae5b-925329bdf612",2026-09-09T15:17:07.368Z,2026-09-09T15:17:07.368Z
491,B: PAYMENT PENDING,,,Jaineil J vasani,priyavasani17384@gmail.com,="9611916706",="9611916706",="+919611916706",="17",Male,Mangalore,="7760066572",,,Instagram,L,paid,PAID ENTRY,="200",,="0",,pending,="order_TZyvQHIQ8aCXgt",,1,="phase1-paid",balipu-x-aloysius,Balipu x Aloysius,false,false,,,="c4b52786-3dcf-42d7-ab5e-bb92f5334b2d",2026-09-09T15:06:12.229Z,2026-09-09T15:06:12.229Z
492,B: PAYMENT PENDING,,,Mallikarjun,madanappas22@gmail.com,="8971501729",="8971501729",="+918971501729",="16",Male,Mangaluru,="9900897735",,,Instagram,S,paid,PAID ENTRY,="200",,="0",,pending,="order_TZyOaTfz0OxEig",,1,="phase1-paid",balipu-x-aloysius,Balipu x Aloysius,false,false,,,="75594714-e0db-4ee8-9381-64e6ef18f2e9",2026-09-09T14:35:07.151Z,2026-09-09T14:35:07.151Z
493,B: PAYMENT PENDING,,,Samuel Darren Rodrigues,samueldarrenrodrigues9@gmail.com,="9611290409",="9611290409",="+919611290409",="16",Male,Mangaluru,="+919611290409",,,Instagram,M,paid,PAID ENTRY,="200",,="0",,pending,="order_TZyHwXvyeHcsiK",,1,="phase1-paid",balipu-x-aloysius,Balipu x Aloysius,false,false,,,="0a4f7d96-c9df-4bfc-a85c-02cbe09abd22",2026-09-09T14:28:49.768Z,2026-09-09T14:28:49.768Z
494,B: PAYMENT PENDING,,,Omisha Alva,alvaomisha@gmail.com,="8073927121",="8073927121",="+918073927121",="17",Female,Mangaluru ,="9060495416",,,Instagram,M,paid,PAID ENTRY,="200",,="0",,pending,="order_TZxqGLT8FIATqw",,1,="phase1-paid",balipu-x-aloysius,Balipu x Aloysius,false,false,,,="c555521c-f3f1-4b1b-8097-48301828932c",2026-09-09T14:02:37.499Z,2026-09-09T14:02:37.499Z
495,B: PAYMENT PENDING,,,Sathwik Kamath,sathwikkamath31@gmail.com,="7975380336",="7975380336",="+917975380336",="21",Male,Mangalore,="9591178734",,,WhatsApp,L,paid,PAID ENTRY,="200",,="0",,pending,="order_TZxp4jpIDRtRVW",,1,="phase1-paid",balipu-x-aloysius,Balipu x Aloysius,false,false,,,="e84f2b81-ebb5-4dfc-8e53-f804688cd581",2026-09-09T14:01:30.073Z,2026-09-09T14:01:30.073Z
496,B: PAYMENT PENDING,,,Princia Shalom Pinto,princiapinto08@gmail.com,="9380219455",="9380219455",="+919380219455",="18",Female,Mangalore ,="9448180938",,,Instagram,XS,paid,PAID ENTRY,="200",,="0",,pending,="order_TZxlALq6Bk3ksG",,1,="phase1-paid",balipu-x-aloysius,Balipu x Aloysius,false,false,,,="81c1fe14-cdb7-4d10-a7c8-dedf8c61fb09",2026-09-09T13:57:48.022Z,2026-09-09T13:57:48.022Z
497,B: PAYMENT PENDING,,,Nithin ,nithinkingcr67@gmail.com,="7022925218",="7022925218",="+917022925218",="16",Male,Mangalore ,="9740811117",,,Instagram,XS,paid,PAID ENTRY,="200",,="0",,pending,="order_TZxZc4ygnQq9YY",,1,="phase1-paid",balipu-x-aloysius,Balipu x Aloysius,false,false,,,="7b16e8f0-1ac2-4b32-8bfe-bd91c737f48f",2026-09-09T13:46:51.895Z,2026-09-09T13:46:51.895Z
498,B: PAYMENT PENDING,,,Fathima Raania,fathimaraania@gmail.com,="7022523297",="7022523297",="+917022523297",="17",Female,Nangalo ,="7022523297",,,Instagram,XL,paid,PAID ENTRY,="200",,="0",,pending,="order_TZx6wJ4SG1OySq",,1,="phase1-paid",balipu-x-aloysius,Balipu x Aloysius,false,false,,,="3fe86473-390d-4fcf-864c-f39b7558cd63",2026-09-09T13:19:43.145Z,2026-09-09T13:19:43.145Z
499,B: PAYMENT PENDING,,,Mohith Raj,vasukicheluvaraj@gmail.com,="6363932046",="6363932046",="+916363932046",="16",Male,Mangalore ,="6361793668",,,Instagram,M,paid,PAID ENTRY,="200",,="0",,pending,="order_TZx224AqfYDMxc",,1,="phase1-paid",balipu-x-aloysius,Balipu x Aloysius,false,false,,,="5c66140a-5b3c-44bc-aa11-0c91031c1163",2026-09-09T13:15:04.408Z,2026-09-09T13:15:04.408Z
500,B: PAYMENT PENDING,,,Aishwarya M Hiremath ,aishwaryamhiremath25@gmail.com,="7483916840",="7483916840",="+917483916840",="16",Female,Mangaluru ,="8867214513",,,Friend / Family,S,paid,PAID ENTRY,="200",,="0",,pending,="order_TZwhVdJHAmByoa",,1,="phase1-paid",balipu-x-aloysius,Balipu x Aloysius,false,false,,,="a35c9551-01ad-484d-a3d3-62d9b28d77e0",2026-09-09T12:55:38.725Z,2026-09-09T12:55:38.725Z
501,B: PAYMENT PENDING,,,Ibrahim Shamil,shamilsahl8@gmail.com,="8310267547",="8310267547",="+918310267547",="17",Male,Mangaluru,="7019331022",,,Instagram,XL,paid,PAID ENTRY,="200",,="0",,pending,="order_TZwd0aiiWmZzxb",,1,="phase1-paid",balipu-x-aloysius,Balipu x Aloysius,false,false,,,="78c50241-b773-4065-8f79-d08749da2efc",2026-09-09T12:51:23.049Z,2026-09-09T12:51:23.049Z
502,B: PAYMENT PENDING,,,Omisha Alva,alvaomisha@gmail.com,="8073927121",="8073927121",="+918073927121",="17",Female,Mangaluru ,="9060495416",,,Instagram,M,paid,PAID ENTRY,="200",,="0",,pending,="order_TZw6vhWf0ctBMj",,1,="phase1-paid",balipu-x-aloysius,Balipu x Aloysius,false,false,,,="c1959331-9350-478e-831c-31ac3c5ce389",2026-09-09T12:21:00.967Z,2026-09-09T12:21:00.967Z
503,B: PAYMENT PENDING,,,Amitha Dsouza,amitha.dsouza@gmail.com,="7019409419",="7019409419",="+917019409419",="42",Female,Mangalore,="9986800889",,,WhatsApp,M,paid,PAID ENTRY,="200",,="0",,pending,="order_TZuhVJSkwTxPLy",,1,="phase1-paid",balipu-x-aloysius,Balipu x Aloysius,false,false,,,="9649b08c-135f-461e-a32d-98fc49a23945",2026-09-09T10:58:15.184Z,2026-09-09T10:58:15.184Z
504,B: PAYMENT PENDING,,,Gyan Kotecha,kotechagyan503@gmail.com,="8088982738",="8088982738",="+918088982738",="18",Male,Mangalore,="7019565375",,,Instagram,XL,paid,PAID ENTRY,="200",,="0",,pending,="order_TZtNURNQWnrXaa",,1,="phase1-paid",balipu-x-aloysius,Balipu x Aloysius,false,false,,,="c4c6fbe3-e5bb-4a9a-bb29-1ee304e21844",2026-09-09T09:40:36.752Z,2026-09-09T09:40:36.752Z
505,B: PAYMENT PENDING,,,Shamil Shamil,shammil677@gmail.com,="7411133497",="7411133497",="+917411133497",="22",Male,Mangalore ,="7411133497",,,Previous Balipu Event,M,paid,PAID ENTRY,="200",,="0",,pending,="order_TZpy3HkHgDvRKS",,1,="phase1-paid",balipu-x-aloysius,Balipu x Aloysius,false,false,,,="7dd99c5e-64f8-4965-a538-56715e831cbf",2026-09-09T06:20:27.074Z,2026-09-09T06:20:27.074Z
506,B: PAYMENT PENDING,,,Deekshith k,kodikeredeekshith18@gmail.com,="9113892464",="9113892464",="+919113892464",="27",Male,Surathkal,="9611845914",,,Instagram,L,paid,PAID ENTRY,="200",,="0",,pending,="order_TZnTlSdO7gG8Dl",,1,="phase1-paid",balipu-x-aloysius,Balipu x Aloysius,false,false,,,="a18e8d11-a5c1-4d08-86fc-3c32b874d71e",2026-09-09T03:54:23.458Z,2026-09-09T03:54:23.458Z
507,B: PAYMENT PENDING,,,Shreyas Kotian,kotianshreyas78@gmail.com,="9353004811",="9353004811",="+919353004811",="16",Male,Mangaluru,="9535827056",,,Instagram,L,paid,PAID ENTRY,="200",,="0",,pending,="order_TZnErj7XnPOUBS",,1,="phase1-paid",balipu-x-aloysius,Balipu x Aloysius,false,false,,,="53e2aba5-2a45-4297-b15b-fd2cc0fea54d",2026-09-09T03:40:17.197Z,2026-09-09T03:40:17.197Z
508,B: PAYMENT PENDING,,,Manju Hullalli,manjuhullalli@gmail.com,="8660959330",="8660959330",="+918660959330",="34",Male,Mangalore ,="+919740054781",,,College,XL,paid,PAID ENTRY,="200",,="0",,pending,="order_TZmQva1ikxXhdz",,1,="phase1-paid",balipu-x-aloysius,Balipu x Aloysius,false,false,,,="3ca97f60-7dba-4837-9d3d-3d41c07fa446",2026-09-09T02:53:00.706Z,2026-09-09T02:53:00.706Z
509,B: PAYMENT PENDING,,,Flavan veigas,flavanveigas089@gmail.com,="8762131906",="8762131906",="+918762131906",="18",Male,Mangaluru ,="8762131905",,,Friend / Family,S,paid,PAID ENTRY,="200",,="0",,pending,="order_TZehDtwK1fejZD",,1,="phase1-paid",balipu-x-aloysius,Balipu x Aloysius,false,false,,,="66921598-6019-49cd-9b2c-52d049bbe0ed",2026-09-08T19:18:53.377Z,2026-09-08T19:18:53.377Z
510,B: PAYMENT PENDING,,,Mohammed zain ,zainaskeri07@gmail.com,="7760648849",="7760648849",="+917760648849",="18",Male,Mangaluru,="9741698220",,,Instagram,L,paid,PAID ENTRY,="200",,="0",,pending,="order_TZcn8OLTtaJ6td",,1,="phase1-paid",balipu-x-aloysius,Balipu x Aloysius,false,false,,,="ca28a550-eb01-4493-a196-80b0d55de076",2026-09-08T17:27:05.907Z,2026-09-08T17:27:05.907Z
511,B: PAYMENT PENDING,,,Anudha Veigas,anudhaveigas@gmail.com,="7411963660",="7411963660",="+917411963660",="18",Female,Manglore ,=" 91486 77211",,,College,S,paid,PAID ENTRY,="200",,="0",,pending,="order_TZbtujktha0WnC",,1,="phase1-paid",balipu-x-aloysius,Balipu x Aloysius,false,false,,,="94fffd28-2bb5-4f66-9c6c-b8b5421cd9ea",2026-09-08T16:34:49.381Z,2026-09-08T16:34:49.381Z
512,B: PAYMENT PENDING,,,Srajan,srajan2944945@gmail.com,="7204006928",="7204006928",="+917204006928",="18",Male,Mangalore ,="8310693207",,,Instagram,M,paid,PAID ENTRY,="200",,="0",,pending,="order_TZbs2uh0GBkR0p",,1,="phase1-paid",balipu-x-aloysius,Balipu x Aloysius,false,false,,,="7cc60be3-7c54-4fe1-b0c2-3620d9b018d9",2026-09-08T16:33:03.273Z,2026-09-08T16:33:03.273Z
513,B: PAYMENT PENDING,,,Srajan,srajan122009@gmail.com,="7204006928",="7204006928",="+917204006928",="18",Male,Mangalore ,="+917204006928",,,Instagram,S,paid,PAID ENTRY,="200",,="0",,pending,="order_TZboZLsFJBENp8",,1,="phase1-paid",balipu-x-aloysius,Balipu x Aloysius,false,false,,,="d9bb50a0-4328-46fb-a03e-4d046ffcee0a",2026-09-08T16:29:45.797Z,2026-09-08T16:29:45.797Z
514,B: PAYMENT PENDING,,,Sandriya Jayanth,sandriyajayanth13@gmail.com,="08497810363",="08497810363",="+918497810363",="24",Female,Mangalore ,="8497810363",,,Friend / Family,XL,paid,PAID ENTRY,="200",,="0",,pending,="order_TZbZFdbR8qZZbF",,1,="phase1-paid",balipu-x-aloysius,Balipu x Aloysius,false,false,,,="43d058e1-7ea0-4bf0-bdc1-4a083ce9585a",2026-09-08T16:15:15.726Z,2026-09-08T16:15:15.726Z
515,B: PAYMENT PENDING,,,Aral Dmello,pearl592010@gmail.com,="6362833815",="6362833815",="+916362833815",="16",Female,Mangalore ,="9482422670",,,Friend / Family,M,paid,PAID ENTRY,="200",,="0",,pending,="order_TZbJF1wFSixSSe",,1,="phase1-paid",balipu-x-aloysius,Balipu x Aloysius,false,false,,,="975863e5-12c7-423e-987c-8856f553e775",2026-09-08T16:00:06.366Z,2026-09-08T16:00:06.366Z
516,B: PAYMENT PENDING,,,Gyan Kotecha,kotechagyan503@gmail.com,="8088982738",="8088982738",="+918088982738",="18",Male,Mangaluru,="7019665375",,,Instagram,XL,paid,PAID ENTRY,="200",,="0",,pending,="order_TZb8TjNRdtkfwL",,1,="phase1-paid",balipu-x-aloysius,Balipu x Aloysius,false,false,,,="db1a256a-a065-4519-834c-63bab8c73d69",2026-09-08T15:49:55.028Z,2026-09-08T15:49:55.028Z
517,B: PAYMENT PENDING,,,Aaron dcruz ,aarondcruz406@gmail.com,="9964142917",="9964142917",="+919964142917",="16",Male,Udupi ,="8150935375",,,Instagram,M,paid,PAID ENTRY,="200",,="0",,pending,="order_TZaqPZ3W0SBe1z",,1,="phase1-paid",balipu-x-aloysius,Balipu x Aloysius,false,false,,,="8cd4ef68-dbb7-4bac-af23-a0167ef84423",2026-09-08T15:32:48.806Z,2026-09-08T15:32:48.806Z
518,B: PAYMENT PENDING,,,kumar,puneethkulal69@gmail.com,="9972756998",="9972756998",="+919972756998",="18",Male,Madanthyar ,="9972756998",,,Instagram,M,paid,PAID ENTRY,="200",,="0",,pending,="order_TZajWnCm1pBdE0",,1,="phase1-paid",balipu-x-aloysius,Balipu x Aloysius,false,false,,,="62176a11-d9cb-4bd8-bd52-d40fe5ca414f",2026-09-08T15:26:17.829Z,2026-09-08T15:26:17.829Z
519,B: PAYMENT PENDING,,,Mohammad Fawzan,muhammadfawzan54@gmail.com,="9019337834",="9019337834",="+919019337834",="19",Male,Mangalore ,="9019337834",,,Instagram,M,paid,PAID ENTRY,="200",,="0",,pending,="order_TZZe6gIBBqpQ9F",,1,="phase1-paid",balipu-x-aloysius,Balipu x Aloysius,false,false,,,="54bd35b2-ba07-466b-942d-b379de70b46f",2026-09-08T14:22:28.293Z,2026-09-08T14:22:28.293Z
520,B: PAYMENT PENDING,,,Pramit Menol Dias ,pramitmenoldias@gmail.com,="7349611039",="7349611039",="+917349611039",="20",Male,Koppa ,="+917349611039",,,Instagram,XL,paid,PAID ENTRY,="200",,="0",,pending,="order_TZZ7QRXXfMr4IV",,1,="phase1-paid",balipu-x-aloysius,Balipu x Aloysius,false,false,,,="4a2fba37-8e1b-4c66-b0e3-43a9136d91b9",2026-09-08T13:51:31.986Z,2026-09-08T13:51:31.986Z
521,B: PAYMENT PENDING,,,Fathima Anan,ananfathima251@gmail.com,="9902360427",="9902360427",="+919902360427",="18",Female,Mangaluru ,="7019029338",,,Friend / Family,L,paid,PAID ENTRY,="200",,="0",,pending,="order_TZYuK7PcjDja9q",,1,="phase1-paid",balipu-x-aloysius,Balipu x Aloysius,false,false,,,="eee297b6-d3cd-4139-8c33-f8769badf0df",2026-09-08T13:39:07.798Z,2026-09-08T13:39:07.798Z
522,B: PAYMENT PENDING,,,Vivek J Poojary,vivekjpoojary@gmail.com,="8217367683",="8217367683",="+918217367683",="21",Male,Mangalore ,="8217367683",,,Previous Balipu Event,L,paid,PAID ENTRY,="200",,="0",,pending,="order_TZYJmd770UQD26",,1,="phase1-paid",balipu-x-aloysius,Balipu x Aloysius,false,false,,,="6422526d-b693-421f-96c1-4076da61e9c4",2026-09-08T13:04:32.301Z,2026-09-08T13:04:32.301Z
523,B: PAYMENT PENDING,,,Jaideep Shet ,jaideep7204@gmail.com,="7204480579",="7204480579",="+917204480579",="16",Male,Mangaluru ,="9535130171",,,Instagram,M,paid,PAID ENTRY,="200",,="0",,pending,="order_TZXHgeq8mXJq2L",,1,="phase1-paid",balipu-x-aloysius,Balipu x Aloysius,false,false,,,="449f6a54-3881-4ede-93bd-e61ea31a10ad",2026-09-08T12:03:51.615Z,2026-09-08T12:03:51.615Z
524,B: PAYMENT PENDING,,,Ahmed Najeeb,4hmedn4jeeb02@gmail.com,="7619635502",="7619635502",="+917619635502",="21",Male,Mangalore ,="8073889372",,,Instagram,S,paid,PAID ENTRY,="200",,="0",,pending,="order_TZXGoOTujUjkiJ",,1,="phase1-paid",balipu-x-aloysius,Balipu x Aloysius,false,false,,,="2f38c584-2cbe-4a1e-a7cd-d5769520a05c",2026-09-08T12:03:01.900Z,2026-09-08T12:03:01.900Z
525,B: PAYMENT PENDING,,,Disha Banjan ,dishabanjan88@gmail.com,="7306320373",="7306320373",="+917306320373",="17",Female,Kadri,="7306320373",,,Instagram,S,paid,PAID ENTRY,="200",,="0",,pending,="order_TZXEfFVxN5IfoH",,1,="phase1-paid",balipu-x-aloysius,Balipu x Aloysius,false,false,,,="9c08f541-0958-49dd-9c7e-5ea40c11ce6c",2026-09-08T12:00:59.924Z,2026-09-08T12:00:59.924Z
526,B: PAYMENT PENDING,,,Aryan Banik,banikaryan1@gmail.com,="9137881509",="9137881509",="+919137881509",="18",Male,Mangalore ,="8591743202",,,Instagram,M,paid,PAID ENTRY,="200",,="0",,pending,="order_TZX28ghCi7o3GK",,1,="phase1-paid",balipu-x-aloysius,Balipu x Aloysius,false,false,,,="86c2f696-c523-467a-882e-8da6d43474b5",2026-09-08T11:49:08.498Z,2026-09-08T11:49:08.498Z
527,B: PAYMENT PENDING,,,Zakariya Ilyas Ahmad,zakariyailyasahmad@gmail.com,="7349144617",="7349144617",="+917349144617",="16",Male,Mangaluru,="7204858259",,,Instagram,M,paid,PAID ENTRY,="200",,="0",,pending,="order_TZWnVQ99rugwPW",,1,="phase1-paid",balipu-x-aloysius,Balipu x Aloysius,false,false,,,="2b801bc6-3acf-4bd0-bc36-7ef08b7fa11c",2026-09-08T11:35:17.318Z,2026-09-08T11:35:17.318Z
528,B: PAYMENT PENDING,,,Durgaprasad shetty,dpdurgaprasad84@gmail.com,="7892188328",="7892188328",="+917892188328",="33",Male,Mangalore ,="8197500645",,,Instagram,XL,paid,PAID ENTRY,="200",,="0",,pending,="order_TZWRW9VvtGonB7",,1,="phase1-paid",balipu-x-aloysius,Balipu x Aloysius,false,false,,,="f0acebc2-fae3-47b9-8e00-aab17dc1f115",2026-09-08T11:14:28.381Z,2026-09-08T11:14:28.381Z
529,B: PAYMENT PENDING,,,Allan xavier,allanxavierg11@gmail.com,="+91 70195 68232",="917019568232",="+917019568232",="17",Male,Manglore ,="+91 70195 68232",,,Instagram,M,paid,PAID ENTRY,="200",,="0",,pending,="order_TZVxcAnTHwxhqa",,1,="phase1-paid",balipu-x-aloysius,Balipu x Aloysius,false,false,,,="a2521812-34de-49d3-bc50-b38c31043e24",2026-09-08T10:46:09.891Z,2026-09-08T10:46:09.891Z
530,B: PAYMENT PENDING,,,Sanjan S Salian,sanjansalian78@gmail.com,="8050132549",="8050132549",="+918050132549",="20",Male,Mulky,="+918050132549",,,Instagram,XL,paid,PAID ENTRY,="200",,="0",,pending,="order_TZVVjKWR64m3aM",,1,="phase1-paid",balipu-x-aloysius,Balipu x Aloysius,false,false,,,="c24e4660-ef5a-43d8-b83b-2aa9729dad3a",2026-09-08T10:19:46.044Z,2026-09-08T10:19:46.044Z
531,B: PAYMENT PENDING,,,Pratham,prathaamm2008@gmail.com,="7619312008",="7619312008",="+917619312008",="18",Male,Mangalore ,="7619312008",,,Instagram,M,paid,PAID ENTRY,="200",,="0",,pending,="order_TZVTo15KSQ4bJH",,1,="phase1-paid",balipu-x-aloysius,Balipu x Aloysius,false,false,,,="06888138-946e-40b8-80c7-87ed6610a2eb",2026-09-08T10:17:56.730Z,2026-09-08T10:17:56.730Z
532,B: PAYMENT PENDING,,,Saanvi.v,saanviv434@gmail.com,="9606174434",="9606174434",="+919606174434",="16",Female,Mangalore ,="9901854554",,,Instagram,L,paid,PAID ENTRY,="200",,="0",,pending,="order_TZVNnemUTF8SvW",,1,="phase1-paid",balipu-x-aloysius,Balipu x Aloysius,false,false,,,="8fcc3d98-a45f-4d7c-87ff-cc333725d217",2026-09-08T10:12:15.600Z,2026-09-08T10:12:15.600Z
533,B: PAYMENT PENDING,,,Mohammed yusha,yushachamundi@gmail.com,="9741698220",="9741698220",="+919741698220",="19",Male,Mangaluru,="9886986862",,,Instagram,XL,paid,PAID ENTRY,="200",,="0",,pending,="order_TZVMtcRoE1ovdm",,1,="phase1-paid",balipu-x-aloysius,Balipu x Aloysius,false,false,,,="f34145b1-f35a-4cd5-826c-dac2cb882cfd",2026-09-08T10:11:24.262Z,2026-09-08T10:11:24.262Z
534,B: PAYMENT PENDING,,,Yashviraj l salian,yashvirajlsalian@gmail.com,="8310693207",="8310693207",="+918310693207",="17",Male,Mangalore,="9449240118",,,Instagram,M,paid,PAID ENTRY,="200",,="0",,pending,="order_TZTkzBZ0qJlTsE",,1,="phase1-paid",balipu-x-aloysius,Balipu x Aloysius,false,false,,,="240977ce-124a-4630-ab4a-c7bc63603210",2026-09-08T08:36:49.357Z,2026-09-08T08:36:49.357Z
535,B: PAYMENT PENDING,,,Fathima Anan,ananfathima251@gmail.com,="9902360427",="9902360427",="+919902360427",="18",Female,Mangaluru ,="7019029338",,,Friend / Family,L,paid,PAID ENTRY,="200",,="0",,pending,="order_TZTHJHzQjy16Zb",,1,="phase1-paid",balipu-x-aloysius,Balipu x Aloysius,false,false,,,="77940d8f-ec76-4a7d-b31b-d2743a69c2ba",2026-09-08T08:08:43.771Z,2026-09-08T08:08:43.771Z
536,B: PAYMENT PENDING,,,Fathima Anan,ananfathima251@gmail.com,="9902360427",="9902360427",="+919902360427",="18",Female,Mangaluru ,="7019029338",,,Friend / Family,L,paid,PAID ENTRY,="200",,="0",,pending,="order_TZTAYilofRxOj1",,1,="phase1-paid",balipu-x-aloysius,Balipu x Aloysius,false,false,,,="1e2a96f5-b4c2-4a18-bfa2-c838517dba53",2026-09-08T08:02:20.285Z,2026-09-08T08:02:20.285Z
537,B: PAYMENT PENDING,,,Fathima Anan,ananfathima251@gmail.com,="9902360427",="9902360427",="+919902360427",="18",Female,Mangaluru ,="9902360427",,,Friend / Family,L,paid,PAID ENTRY,="200",,="0",,pending,="order_TZT6EQEsGLgw6I",,1,="phase1-paid",balipu-x-aloysius,Balipu x Aloysius,false,false,,,="0538b267-4e39-4964-96cb-00ccec218fb5",2026-09-08T07:58:14.488Z,2026-09-08T07:58:14.488Z
538,B: PAYMENT PENDING,,,Fathima Anan,ananfathima251@gmail.com,="9902360427",="9902360427",="+919902360427",="18",Female,Mangaluru,="9902360427",,,Friend / Family,L,paid,PAID ENTRY,="200",,="0",,pending,="order_TZSB419TOUwT2x",,1,="phase1-paid",balipu-x-aloysius,Balipu x Aloysius,false,false,,,="1fc9eb72-5283-4005-b08e-a61faeb6efe5",2026-09-08T07:04:07.347Z,2026-09-08T07:04:07.347Z
539,B: PAYMENT PENDING,,,Arpith K,arpithk46@gmail.com,="08281006167",="08281006167",="+918281006167",="22",Male,Mangaluru,="9495311263",,,Friend / Family,L,paid,PAID ENTRY,="200",,="0",,pending,="order_TZS8IN0UJPGvKy",,1,="phase1-paid",balipu-x-aloysius,Balipu x Aloysius,false,false,,,="76dacaa4-2252-4768-bad7-faf7ebfa96eb",2026-09-08T07:01:30.095Z,2026-09-08T07:01:30.095Z
540,B: PAYMENT PENDING,,,Disha Banjan,dishabanjan88@gmail.com,="7306320373",="7306320373",="+917306320373",="17",Female,Kadri,="7306320373",,,Instagram,S,paid,PAID ENTRY,="200",,="0",,pending,="order_TZS8D88LFKWJN8",,1,="phase1-paid",balipu-x-aloysius,Balipu x Aloysius,false,false,,,="73673cbd-70f1-483a-9ff6-d08aad2dc69d",2026-09-08T07:01:25.291Z,2026-09-08T07:01:25.291Z
541,B: PAYMENT PENDING,,,Manish Kumar,mk3607105@gmail.com,="7411692814",="7411692814",="+917411692814",="18",Male,Manglore ,="9108257301",,,College,S,paid,PAID ENTRY,="200",,="0",,pending,="order_TZRp5cOQEDCElF",,1,="phase1-paid",balipu-x-aloysius,Balipu x Aloysius,false,false,,,="b10f62ae-4c73-499c-b3e0-f53dcec04a4d",2026-09-08T06:43:19.207Z,2026-09-08T06:43:19.207Z
542,B: PAYMENT PENDING,,,Nathan Aaron Pais,paisnathanaaron@gmail.com,="9591220917",="9591220917",="+919591220917",="16",Male,Mangaluru,="9901001234",,,Instagram,M,paid,PAID ENTRY,="200",,="0",,pending,="order_TZRkuA7ESc24Lj",,1,="phase1-paid",balipu-x-aloysius,Balipu x Aloysius,false,false,,,="8ca9f331-312b-488a-89e5-55dd4677e86f",2026-09-08T06:39:21.508Z,2026-09-08T06:39:21.508Z
543,B: PAYMENT PENDING,,,Manish Kumar,mk3607105@gmail.com,="7411692814",="7411692814",="+917411692814",="18",Male,Manglore ,="9108257301",,,College,S,paid,PAID ENTRY,="200",,="0",,pending,="order_TZRiGJQc69NMoK",,1,="phase1-paid",balipu-x-aloysius,Balipu x Aloysius,false,false,,,="a7b35e84-2151-496f-8b39-f6057a28297d",2026-09-08T06:36:51.404Z,2026-09-08T06:36:51.404Z
544,B: PAYMENT PENDING,,,Prajval.M,prajvalofficial034@gmail.com,="7975167267",="7975167267",="+917975167267",="18",Male,Mangalore ,="9482100926",,,Instagram,L,paid,PAID ENTRY,="200",,="0",,pending,="order_TZROSumrhgehGy",,1,="phase1-paid",balipu-x-aloysius,Balipu x Aloysius,false,false,,,="c7a1c49b-a9ab-48a0-82a7-b7c7312bf9cc",2026-09-08T06:18:06.937Z,2026-09-08T06:18:06.937Z
545,B: PAYMENT PENDING,,,Bhavish RP ,bhavishrp2@gmail.com,="9353504279",="9353504279",="+919353504279",="17",Male,Mangalore ,="7022046699",,,Instagram,M,paid,PAID ENTRY,="200",,="0",,pending,="order_TZQLZVdbnZk3MZ",,1,="phase1-paid",balipu-x-aloysius,Balipu x Aloysius,false,false,,,="ea889662-bba4-492b-a0e4-36a2493dbec7",2026-09-08T05:16:40.970Z,2026-09-08T05:16:40.970Z
546,B: PAYMENT PENDING,,,Harpith Poojary,harpithpoojary45@gmail.com,="7892387846",="7892387846",="+917892387846",="17",Male,Mangaluru,="7892387846",,,Instagram,S,paid,PAID ENTRY,="200",,="0",,pending,="order_TZQC1LqKBAgXLg",,1,="phase1-paid",balipu-x-aloysius,Balipu x Aloysius,false,false,,,="3e247294-65b8-434f-a01a-ea75da231a38",2026-09-08T05:07:38.475Z,2026-09-08T05:07:38.475Z
547,B: PAYMENT PENDING,,,Macwin,macwindsouza01@gmail.com,="9886831039",="9886831039",="+919886831039",="16",Male,Mangaluru,="+919886831039",,,Instagram,XL,paid,PAID ENTRY,="200",,="0",,pending,="order_TZPUALYyaHev9U",,1,="phase1-paid",balipu-x-aloysius,Balipu x Aloysius,false,false,,,="1b1c043b-2549-4287-968a-2a4c1aeae5f2",2026-09-08T04:26:07.507Z,2026-09-08T04:26:07.507Z
548,B: PAYMENT PENDING,,,Shamak,shaamak34@gmail.com,="7619545988 ",="7619545988",="+917619545988",="20",Male,Mangalore ,="7619545988 ",,,Instagram,XL,paid,PAID ENTRY,="200",,="0",,pending,="order_TZMtGWV7olLxME",,1,="phase1-paid",balipu-x-aloysius,Balipu x Aloysius,false,false,,,="3726d7cb-7e4c-4991-9f70-aa7472fe7686",2026-09-08T01:53:48.322Z,2026-09-08T01:53:48.322Z
549,B: PAYMENT PENDING,,,Dhanalaxmi,dhanalaxmi@mrpl.co.in,="9987594136",="9987594136",="+919987594136",="46",Female,Mangalore ,="9987594136",,,WhatsApp,L,paid,PAID ENTRY,="200",,="0",,pending,="order_TZL1ieVIXA6EnK",,1,="phase1-paid",balipu-x-aloysius,Balipu x Aloysius,false,false,,,="47f7cbca-2078-472e-82e6-b4e5ebc3a00e",2026-09-08T00:04:25.268Z,2026-09-08T00:04:25.268Z
550,B: PAYMENT PENDING,,,Imnotaman Muhammad,amanmohammad7676@gmail.com,="7676795926",="7676795926",="+917676795926",="20",Male,Mangalore ,="7676795926",,,College,XL,paid,PAID ENTRY,="200",,="0",,pending,="order_TZK81DZOFQeH9h",,1,="phase1-paid",balipu-x-aloysius,Balipu x Aloysius,false,false,,,="c6fccbf2-1a5d-4efe-a1fc-d20d7cd8330e",2026-09-07T23:11:41.472Z,2026-09-07T23:11:41.472Z
551,B: PAYMENT PENDING,,,Adith,Adithbangera146@gmail.com,="8147183307",="8147183307",="+918147183307",="21",Male,Mangalore ,="9611412193",,,Friend / Family,L,paid,PAID ENTRY,="200",,="0",,pending,="order_TZG5kDRS7qR6to",,1,="phase1-paid",balipu-x-aloysius,Balipu x Aloysius,false,false,,,="a73e37fb-6537-433e-8be4-cc3cb6531582",2026-09-07T19:14:45.826Z,2026-09-07T19:14:45.826Z
552,B: PAYMENT PENDING,,,Abdul Rahman Raziq ,raziq7779@gmail.com,="7204098347",="7204098347",="+917204098347",="26",Male,Mangalore ,="+919513782975",,,Instagram,M,paid,PAID ENTRY,="200",,="0",,pending,="order_TZFdZaQka9BUrd",,1,="phase1-paid",balipu-x-aloysius,Balipu x Aloysius,false,false,,,="06f92c79-333b-4e4a-b447-077a5187fc36",2026-09-07T18:48:05.681Z,2026-09-07T18:48:05.681Z
553,B: PAYMENT PENDING,,,Shivani suvarna,shivanisuvarna2009@gmail.com,="96328 15159 ",="9632815159",="+919632815159",="17",Female,Manglore ,="8861119165",,,Instagram,L,paid,PAID ENTRY,="200",,="0",,pending,="order_TZF0BffPIVfLf7",,1,="phase1-paid",balipu-x-aloysius,Balipu x Aloysius,false,false,,,="63ff5799-dca1-4b83-b328-5162dcd97af8",2026-09-07T18:10:48.559Z,2026-09-07T18:10:48.559Z
554,B: PAYMENT PENDING,,,Karan Rai,karanr8rai@gmail.com,="9980355004",="9980355004",="+919980355004",="18",Male,Mangalore,="9008941193",,,Instagram,M,paid,PAID ENTRY,="200",,="0",,pending,="order_TZEqCfRnU1ID3m",,1,="phase1-paid",balipu-x-aloysius,Balipu x Aloysius,false,false,,,="41847d89-9f30-443b-bed0-1d8afaf3157d",2026-09-07T18:01:21.473Z,2026-09-07T18:01:21.473Z
555,B: PAYMENT PENDING,,,Jerusha Satya Mendonca ,jerushamendonsa88@gmail.com,="9481581965",="9481581965",="+919481581965",="17",Female,Mangalore ,="8431307446",,,College,M,paid,PAID ENTRY,="200",,="0",,pending,="order_TZEYl3EV00YJ6N",,1,="phase1-paid",balipu-x-aloysius,Balipu x Aloysius,false,false,,,="7fa9e1ce-dff3-4c15-ae11-cb7606077fc5",2026-09-07T17:44:50.568Z,2026-09-07T17:44:50.568Z
556,B: PAYMENT PENDING,,,Joswin ,joswincoutinho@hotmail.com,="7259746533",="7259746533",="+917259746533",="52",Male,Mangalore ,="7259746533",,,Instagram,XL,paid,PAID ENTRY,="200",,="0",,pending,="order_TZEWkO3vsvmJik",,1,="phase1-paid",balipu-x-aloysius,Balipu x Aloysius,false,false,,,="f87b2172-5e79-4a0f-968f-778a436aa95c",2026-09-07T17:42:56.356Z,2026-09-07T17:42:56.356Z
557,B: PAYMENT PENDING,,,Jeeya Prashanth Kumar ,jeeyaj@gmail.com,="8792569009",="8792569009",="+918792569009",="18",Female,Mangaluru ,="8050898009",,,Instagram,M,paid,PAID ENTRY,="200",,="0",,pending,="order_TZEGRDJggFC8e4",,1,="phase1-paid",balipu-x-aloysius,Balipu x Aloysius,false,false,,,="e96d591a-dfdd-44b6-80d8-b6f845c07321",2026-09-07T17:27:29.991Z,2026-09-07T17:27:29.991Z
558,B: PAYMENT PENDING,,,Aniketh Shet,05aniketh@gmail.com,="7892627515",="7892627515",="+917892627515",="21",Male,Mangalore ,="9686692966",,,Friend / Family,S,paid,PAID ENTRY,="200",,="0",,pending,="order_TZE0XbS3zDxxv9",,1,="phase1-paid",balipu-x-aloysius,Balipu x Aloysius,false,false,,,="577a8d10-c3d5-40a2-9c34-304a647e7e61",2026-09-07T17:12:27.042Z,2026-09-07T17:12:27.042Z
559,B: PAYMENT PENDING,,,Yuktha S,yukthas232@gmail.com,="+917406030844",="917406030844",="+917406030844",="19",Female,Mangalore ,="9591943644",,,Friend / Family,XS,paid,PAID ENTRY,="200",,="0",,pending,="order_TZDxxgtdfYJLc6",,1,="phase1-paid",balipu-x-aloysius,Balipu x Aloysius,false,false,,,="0ca41060-6cce-4e98-9e8c-a8b998bbe1ce",2026-09-07T17:10:00.545Z,2026-09-07T17:10:00.545Z
560,B: PAYMENT PENDING,,,Rishon vas,rishonvass@gmail.com,="9945736249",="9945736249",="+919945736249",="17",Male,Mangalore ,="9945736249",,,Instagram,L,paid,PAID ENTRY,="200",,="0",,pending,="order_TZDdkKB9rpu6hT",,1,="phase1-paid",balipu-x-aloysius,Balipu x Aloysius,false,false,,,="2787a2b2-bf8a-46a2-8524-4d799fe04179",2026-09-07T16:50:52.287Z,2026-09-07T16:50:52.287Z
561,B: PAYMENT PENDING,,,Jeswin,jeswinnihal45@gmail.com,="8088736808",="8088736808",="+918088736808",="18",Male,Mangaluru,="8088736808",,,Instagram,XL,paid,PAID ENTRY,="200",,="0",,pending,="order_TZDdhRmwDU56cU",,1,="phase1-paid",balipu-x-aloysius,Balipu x Aloysius,false,false,,,="c38bedf2-83c5-4a7a-82c9-d51b00c8d395",2026-09-07T16:50:49.655Z,2026-09-07T16:50:49.655Z
562,B: PAYMENT PENDING,,,Siddu SD ,siddharthsd09@gmail.com,="9886039511",="9886039511",="+919886039511",="28",Male,Mangalore ,="9535891329",,,Instagram,L,paid,PAID ENTRY,="200",,="0",,pending,="order_TZDc7fSyV9rcnm",,1,="phase1-paid",balipu-x-aloysius,Balipu x Aloysius,false,false,,,="e7e0472d-f6a5-4058-a54a-ed1dd6deb836",2026-09-07T16:49:20.078Z,2026-09-07T16:49:20.078Z
563,B: PAYMENT PENDING,,,Siddu SD ,siddharthsd09@gmail.com,="9886039511",="9886039511",="+919886039511",="28",Male,Mangalore ,="9535891329",,,Instagram,L,paid,PAID ENTRY,="200",,="0",,pending,="order_TZDWR7cy5xeD5m",,1,="phase1-paid",balipu-x-aloysius,Balipu x Aloysius,false,false,,,="6cdf0803-f353-492c-80ab-9231b1cf3546",2026-09-07T16:43:57.089Z,2026-09-07T16:43:57.089Z
564,B: PAYMENT PENDING,,,Kritya Jain ,krityaja@gmail.com,="9008757003",="9008757003",="+919008757003",="16",Male,Mangaluru,="9008757003",,,Instagram,L,paid,PAID ENTRY,="200",,="0",,pending,="order_TZD8fRL9eJaqZQ",,1,="phase1-paid",balipu-x-aloysius,Balipu x Aloysius,false,false,,,="163e1931-32f9-431a-b5bb-1c068e3dcb05",2026-09-07T16:21:27.006Z,2026-09-07T16:21:27.006Z
565,B: PAYMENT PENDING,,,Ahmed saleem,ahmedslaeem.28@gmail.com,="8296822702",="8296822702",="+918296822702",="18",Male,Mangluru,="8891065830",,,Instagram,L,paid,PAID ENTRY,="200",,="0",,pending,="order_TZD5OILlI7oqrB",,1,="phase1-paid",balipu-x-aloysius,Balipu x Aloysius,false,false,,,="7f86c913-fad0-45f3-aa67-0ff6340084c2",2026-09-07T16:18:20.899Z,2026-09-07T16:18:20.899Z
566,B: PAYMENT PENDING,,,Aajnya s pai,aajnyapai8939@gmail.com,="7025140027",="7025140027",="+917025140027",="19",Female,Manglore,="+917558866088",,,Instagram,S,paid,PAID ENTRY,="200",,="0",,pending,="order_TZCqsE58dDJYsk",,1,="phase1-paid",balipu-x-aloysius,Balipu x Aloysius,false,false,,,="e675e493-4579-481c-a364-8eda3cc58fe5",2026-09-07T16:04:36.327Z,2026-09-07T16:04:36.327Z
567,B: PAYMENT PENDING,,,Parnika kanchan,parnikakanchan@gmail.com,="9353096013",="9353096013",="+919353096013",="16",Female,Mangaluru ,="9880702660",,,Previous Balipu Event,S,paid,PAID ENTRY,="200",,="0",,pending,="order_TZCkq4YPkAd0i9",,1,="phase1-paid",balipu-x-aloysius,Balipu x Aloysius,false,false,,,="bfd02220-cc0f-469c-86ff-4e0f876d4450",2026-09-07T15:58:53.540Z,2026-09-07T15:58:53.540Z
568,B: PAYMENT PENDING,,,Leswin lobo,leswin121@gmail.com,="91481 64082 ",="9148164082",="+919148164082",="21",Male,Mangaluru ,="9901951936",,,Friend / Family,L,paid,PAID ENTRY,="200",,="0",,pending,="order_TZCip6EW3iDr3q",,1,="phase1-paid",balipu-x-aloysius,Balipu x Aloysius,false,false,,,="e0d943ee-009b-4c13-a34e-4f344ccba6ce",2026-09-07T15:56:59.058Z,2026-09-07T15:56:59.058Z